BranchCode,ServiceCode,DefaultAvgServiceMinutes,EntryType,EnqueueSequence,CheckedIn,QueueLength,ActiveCounters,HourOfDay,DayOfWeek,IsPeakHour,WaitingMinutes
101033,DEPOSIT,6,0,3,0,11,7,15,2,1,13.15
101033,ONLINE_SUP,12,1,15,1,4,5,16,2,1,16.37
101012,ATM_CDM,8,0,20,1,5,3,12,2,0,12.1
101045,ACC_OPEN,25,1,28,1,9,4,10,1,1,82.36
101033,CUST_SVC,10,0,14,1,5,4,9,2,1,13.88
101012,ACC_OPEN,25,0,6,1,10,7,10,5,1,42.37
101033,CREDIT_CARD,12,0,17,1,9,4,14,2,1,16.75
101056,FIXED_DEP,15,1,5,1,8,6,15,1,1,27.85
101078,CREDIT_CARD,12,1,5,1,0,3,13,5,0,2.0
101078,CUST_SVC,10,0,14,1,2,2,13,5,0,6.61
101045,DEPOSIT,6,1,7,1,3,6,10,4,1,3.58
101056,CUST_SVC,10,0,34,0,12,6,10,5,1,20.38
101056,ATM_CDM,8,0,4,1,6,4,15,1,1,9.93
101045,ATM_CDM,8,1,17,1,3,3,13,4,0,6.64
101033,BIZ_BANK,18,1,8,1,3,5,16,4,1,23.28
101033,INVEST,22,0,13,1,8,2,12,5,0,90.0
101056,INSURANCE,20,1,9,1,6,5,10,3,1,28.71
101012,ATM_CDM,8,0,8,1,8,6,10,2,1,18.4
101056,CUST_SVC,10,0,21,1,10,5,11,1,1,19.04
101078,ATM_CDM,8,1,8,1,5,4,10,4,1,16.11
101056,LOAN,30,1,21,1,5,3,13,2,0,59.66
101078,REMITTANCE,10,0,5,0,6,4,9,4,1,23.6
101012,INVEST,22,1,19,1,6,5,15,3,1,39.39
101056,BIZ_BANK,18,0,33,1,14,8,11,2,1,22.98
101033,LOAN,30,0,22,1,5,2,12,1,0,61.4
101033,DEPOSIT,6,0,3,0,1,8,14,5,1,1.3
101056,DEPOSIT,6,1,4,1,7,4,9,1,1,15.68
101012,FIXED_DEP,15,0,3,1,13,4,10,5,1,32.7
101012,WITHDRAW,5,1,8,1,14,5,10,1,1,23.91
101012,REMITTANCE,10,0,11,1,5,6,14,4,1,8.79
101056,DEPOSIT,6,1,18,1,6,6,10,2,1,7.63
101045,CREDIT_CARD,12,1,33,1,10,6,14,2,1,24.25
101012,FIXED_DEP,15,0,1,1,12,5,11,1,1,44.01
101012,WITHDRAW,5,1,3,1,6,5,15,1,1,7.39
101012,ONLINE_SUP,12,0,18,1,9,6,10,1,1,11.7
101056,DEPOSIT,6,1,26,1,7,7,14,4,1,6.44
101045,CUST_SVC,10,1,5,1,5,5,11,5,1,10.06
101078,ACC_OPEN,25,0,18,1,10,4,13,2,0,44.21
101012,FIXED_DEP,15,1,33,1,11,5,10,5,1,37.03
101056,INVEST,22,0,17,1,5,6,11,5,1,12.77
101033,ACC_OPEN,25,0,1,1,4,6,15,4,1,13.09
101078,CREDIT_CARD,12,1,22,1,7,5,15,1,1,27.87
101078,CUST_SVC,10,1,6,1,6,5,9,2,1,13.34
101056,REMITTANCE,10,1,10,1,10,6,11,2,1,24.04
101045,INVEST,22,1,4,1,9,2,13,2,0,81.34
101078,REMITTANCE,10,0,2,1,4,4,9,2,1,7.17
101078,BIZ_BANK,18,1,8,1,0,5,10,4,1,0.39
101033,LOAN,30,0,20,1,6,7,15,2,1,27.62
101045,ATM_CDM,8,0,14,1,4,6,9,5,1,5.51
101056,CUST_SVC,10,1,2,1,10,5,16,2,1,13.0
101078,FIXED_DEP,15,1,10,1,3,6,14,4,1,5.76
101056,ATM_CDM,8,1,6,1,3,2,13,5,0,9.96
101033,LOAN,30,0,18,1,8,5,10,3,1,36.49
101078,ATM_CDM,8,1,27,1,7,7,14,2,1,9.13
101033,CUST_SVC,10,0,11,0,6,8,15,4,1,12.3
101078,DEPOSIT,6,1,3,1,4,4,13,2,0,6.93
101033,ATM_CDM,8,1,29,1,7,4,10,5,1,12.38
101056,FIXED_DEP,15,1,19,1,7,7,10,2,1,13.93
101033,DEPOSIT,6,1,31,1,9,4,15,1,1,13.41
101033,LOAN,30,1,18,1,8,5,14,1,1,59.24
101045,CUST_SVC,10,1,17,1,3,3,16,1,1,14.78
101033,ATM_CDM,8,1,9,1,5,4,13,2,0,12.15
101033,REMITTANCE,10,1,6,1,3,5,10,4,1,6.54
101078,CREDIT_CARD,12,1,26,1,7,7,14,1,1,13.45
101045,CUST_SVC,10,1,16,1,7,5,16,4,1,18.36
101033,CUST_SVC,10,0,19,1,5,4,11,2,1,5.2
101056,ATM_CDM,8,0,43,1,13,6,10,1,1,22.84
101033,CUST_SVC,10,1,15,1,14,6,11,5,1,29.18
101045,LOAN,30,0,6,1,6,5,15,1,1,44.31
101012,ACC_OPEN,25,0,39,1,10,3,16,5,1,90.0
101078,CUST_SVC,10,1,27,1,8,7,11,5,1,8.94
101045,ATM_CDM,8,1,10,1,1,7,9,5,1,0.98
101078,LOAN,30,1,10,1,12,5,10,1,1,90.0
101078,LOAN,30,1,23,1,10,4,10,1,1,90.0
101045,DEPOSIT,6,1,25,1,9,6,9,1,1,13.77
101033,ATM_CDM,8,1,6,1,5,4,14,5,1,6.47
101033,LOAN,30,1,23,1,5,4,9,1,1,17.05
101033,LOAN,30,1,13,1,4,4,9,3,1,36.91
101056,WITHDRAW,5,1,5,1,4,2,12,3,0,15.8
101033,CUST_SVC,10,1,15,1,10,4,11,2,1,39.45
101012,CUST_SVC,10,1,29,1,11,6,10,2,1,22.4
101045,CUST_SVC,10,0,19,1,5,3,12,5,0,7.73
101045,ATM_CDM,8,1,17,1,10,4,15,5,1,18.63
101045,LOAN,30,0,14,1,7,5,11,2,1,34.05
101012,ATM_CDM,8,1,33,1,8,5,11,1,1,23.85
101045,ACC_OPEN,25,1,3,1,3,7,16,2,1,10.35
101056,ACC_OPEN,25,1,2,1,3,2,12,2,0,54.58
101012,REMITTANCE,10,0,47,1,13,5,15,5,1,22.02
101012,CREDIT_CARD,12,0,6,1,6,8,11,2,1,9.17
101056,ATM_CDM,8,0,46,1,13,6,9,1,1,19.06
101033,DEPOSIT,6,1,16,1,7,6,11,1,1,7.42
101045,CREDIT_CARD,12,0,10,1,4,2,12,3,0,16.7
101078,INVEST,22,1,32,1,11,5,14,5,1,65.35
101045,BIZ_BANK,18,0,16,0,3,3,16,4,1,24.51
101056,ATM_CDM,8,0,12,1,2,2,12,2,0,5.7
101045,CREDIT_CARD,12,0,8,1,5,6,10,5,1,2.37
101012,DEPOSIT,6,1,18,1,9,3,12,5,0,21.33
101078,INSURANCE,20,1,9,1,12,4,9,5,1,51.27
101078,ATM_CDM,8,0,8,1,6,6,14,5,1,7.34
101078,CREDIT_CARD,12,1,12,1,1,5,15,4,1,4.19
101056,CREDIT_CARD,12,1,11,1,11,4,9,5,1,27.55
101056,ATM_CDM,8,1,11,1,6,6,10,3,1,13.77
101078,DEPOSIT,6,1,5,1,8,7,10,1,1,10.83
101033,CUST_SVC,10,1,12,1,7,7,15,2,1,8.74
101078,CUST_SVC,10,0,27,1,7,6,14,4,1,10.99
101078,BIZ_BANK,18,1,14,1,5,5,15,5,1,25.33
101012,CREDIT_CARD,12,1,38,1,10,5,9,5,1,24.7
101045,CUST_SVC,10,1,3,1,4,2,12,3,0,15.32
101078,INSURANCE,20,0,14,1,5,7,10,2,1,14.3
101012,DEPOSIT,6,1,7,1,6,4,13,4,0,8.37
101056,FIXED_DEP,15,1,29,1,11,6,9,5,1,22.28
101078,INSURANCE,20,1,29,1,10,7,9,2,1,39.91
101078,CUST_SVC,10,1,1,1,2,3,12,5,0,6.82
101012,ATM_CDM,8,1,16,1,7,4,13,1,0,16.16
101045,INSURANCE,20,0,33,1,17,6,10,1,1,73.66
101012,CREDIT_CARD,12,1,6,1,8,4,15,2,1,28.12
101078,ACC_OPEN,25,1,17,1,3,3,13,1,0,25.2
101012,INSURANCE,20,1,28,1,10,5,10,3,1,35.12
101012,INVEST,22,1,11,1,5,5,15,3,1,26.68
101033,REMITTANCE,10,0,18,0,11,5,10,5,1,30.74
101078,LOAN,30,1,25,1,8,6,14,1,1,40.1
101078,DEPOSIT,6,1,13,1,6,5,10,5,1,8.66
101012,LOAN,30,1,17,1,5,2,13,5,0,86.78
101012,CUST_SVC,10,0,9,1,3,5,11,2,1,5.55
101033,ACC_OPEN,25,1,15,1,2,4,13,3,0,15.03
101045,DEPOSIT,6,1,27,1,6,4,15,2,1,8.61
101033,WITHDRAW,5,1,5,1,3,4,12,2,0,3.06
101012,WITHDRAW,5,0,1,1,7,2,12,5,0,17.23
101078,BIZ_BANK,18,1,18,1,9,5,14,1,1,61.94
101078,REMITTANCE,10,1,11,1,10,7,15,1,1,12.01
101078,BIZ_BANK,18,0,4,1,2,4,9,2,1,10.53
101045,BIZ_BANK,18,1,4,1,8,3,13,3,0,68.37
101033,FIXED_DEP,15,1,6,1,4,5,9,4,1,15.02
101033,CREDIT_CARD,12,1,16,1,6,5,16,2,1,20.62
101056,REMITTANCE,10,1,22,1,7,5,15,5,1,11.33
101033,INSURANCE,20,1,20,1,6,3,13,1,0,29.43
101078,LOAN,30,1,12,1,1,3,12,5,0,7.18
101078,ONLINE_SUP,12,0,10,1,2,6,10,2,1,1.09
101056,BIZ_BANK,18,1,19,1,7,4,9,5,1,30.43
101078,DEPOSIT,6,1,13,1,6,8,11,4,1,6.61
101033,DEPOSIT,6,1,5,1,4,4,12,4,0,9.56
101012,DEPOSIT,6,0,2,1,9,7,11,1,1,8.79
101056,CUST_SVC,10,1,24,1,5,3,12,4,0,13.74
101033,ATM_CDM,8,1,5,1,3,4,10,2,1,2.17
101033,DEPOSIT,6,1,11,1,1,2,12,3,0,5.68
101078,DEPOSIT,6,0,16,1,3,5,9,1,1,1.59
101078,CUST_SVC,10,1,14,1,2,2,12,4,0,11.79
101078,CUST_SVC,10,1,13,1,4,5,11,2,1,10.79
101056,ACC_OPEN,25,0,36,1,9,4,10,1,1,54.61
101012,INVEST,22,1,15,1,4,3,13,3,0,20.46
101033,INSURANCE,20,1,3,1,4,8,9,3,1,6.82
101033,FIXED_DEP,15,1,20,1,9,6,14,4,1,16.22
101033,DEPOSIT,6,1,13,1,5,4,13,2,0,3.15
101045,FIXED_DEP,15,1,6,1,7,5,10,3,1,35.05
101045,CREDIT_CARD,12,1,30,1,8,8,9,1,1,16.39
101078,ACC_OPEN,25,1,15,1,2,3,12,5,0,15.18
101056,ATM_CDM,8,0,8,1,4,7,9,2,1,4.03
101012,LOAN,30,1,16,1,7,4,16,5,1,84.02
101056,REMITTANCE,10,0,13,1,6,4,11,3,1,19.18
101078,DEPOSIT,6,1,8,1,1,3,13,4,0,2.53
101078,CUST_SVC,10,1,2,1,5,5,15,4,1,13.36
101078,CUST_SVC,10,1,26,1,6,7,10,2,1,11.56
101056,ACC_OPEN,25,0,33,1,10,6,15,3,1,44.67
101056,CUST_SVC,10,1,19,1,7,5,16,1,1,15.92
101045,ATM_CDM,8,1,13,1,16,6,15,1,1,32.91
101056,INVEST,22,1,8,1,3,2,12,1,0,14.32
101045,FIXED_DEP,15,1,8,1,7,4,15,3,1,26.98
101045,LOAN,30,0,18,1,4,5,16,5,1,23.06
101012,DEPOSIT,6,1,37,1,11,4,10,1,1,17.26
101012,CUST_SVC,10,1,27,1,7,3,13,1,0,20.92
101033,CUST_SVC,10,0,18,1,9,6,10,2,1,16.68
101033,ONLINE_SUP,12,1,17,1,9,6,9,5,1,20.87
101056,ONLINE_SUP,12,0,12,1,8,4,15,1,1,13.93
101045,CREDIT_CARD,12,1,19,1,6,5,16,3,1,20.9
101033,ATM_CDM,8,0,13,1,3,2,13,1,0,10.49
101012,CUST_SVC,10,1,16,1,4,4,13,2,0,11.41
101056,CUST_SVC,10,1,16,1,9,6,10,4,1,22.25
101045,FIXED_DEP,15,1,14,1,11,4,9,1,1,44.17
101056,REMITTANCE,10,0,2,1,0,4,13,2,0,0.79
101045,ATM_CDM,8,1,4,1,6,4,10,1,1,26.64
101078,WITHDRAW,5,0,21,1,9,5,9,5,1,5.73
101012,ATM_CDM,8,0,1,0,2,3,12,4,0,5.16
101078,DEPOSIT,6,1,7,1,6,6,14,3,1,4.86
101056,BIZ_BANK,18,1,9,1,9,4,10,5,1,35.11
101078,INSURANCE,20,1,16,1,5,2,13,1,0,59.08
101056,DEPOSIT,6,1,17,1,7,6,14,5,1,7.16
101078,CUST_SVC,10,1,4,1,9,4,11,5,1,20.75
101012,BIZ_BANK,18,1,4,1,8,5,15,1,1,38.1
101045,BIZ_BANK,18,0,6,1,5,3,13,3,0,31.42
101078,DEPOSIT,6,1,9,1,15,4,10,1,1,42.3
101045,ONLINE_SUP,12,1,23,1,6,4,10,2,1,26.7
101033,DEPOSIT,6,0,17,1,7,6,14,2,1,5.34
101045,ATM_CDM,8,1,19,1,5,7,9,3,1,6.98
101012,REMITTANCE,10,1,12,1,9,7,10,4,1,21.97
101078,DEPOSIT,6,1,12,1,2,6,9,3,1,3.89
101033,ATM_CDM,8,1,20,1,8,4,11,2,1,15.12
101045,ACC_OPEN,25,1,3,1,6,5,9,2,1,30.7
101078,DEPOSIT,6,0,15,0,2,5,16,4,1,1.56
101056,DEPOSIT,6,1,12,1,3,4,9,1,1,6.91
101012,FIXED_DEP,15,1,3,1,4,5,16,1,1,20.09
101056,FIXED_DEP,15,1,19,1,5,4,10,3,1,31.81
101078,DEPOSIT,6,1,4,1,5,4,10,4,1,10.43
101045,CUST_SVC,10,1,16,1,3,6,16,2,1,5.11
101012,ACC_OPEN,25,1,2,1,3,2,12,2,0,24.23
101033,ATM_CDM,8,1,2,1,11,5,10,2,1,24.56
101033,CREDIT_CARD,12,0,11,1,8,6,14,4,1,16.87
101056,ACC_OPEN,25,1,2,1,3,4,13,1,0,15.48
101045,INVEST,22,1,6,1,5,4,14,2,1,41.01
101045,CUST_SVC,10,1,5,1,9,5,10,5,1,17.44
101045,CUST_SVC,10,1,6,1,3,2,13,2,0,11.16
101045,ONLINE_SUP,12,0,17,0,3,3,12,1,0,19.88
101033,CUST_SVC,10,0,28,1,7,7,16,5,1,9.26
101033,LOAN,30,1,17,1,8,5,9,4,1,55.31
101078,ACC_OPEN,25,1,23,1,5,7,15,3,1,22.62
101033,ACC_OPEN,25,1,1,1,5,4,10,5,1,24.56
101033,BIZ_BANK,18,1,15,1,2,4,15,4,1,8.32
101033,CUST_SVC,10,1,30,1,7,7,15,1,1,7.64
101078,CUST_SVC,10,1,27,1,9,2,13,2,0,50.28
101056,INVEST,22,1,22,1,7,7,9,3,1,28.4
101012,REMITTANCE,10,1,9,1,15,6,10,4,1,29.39
101012,ATM_CDM,8,1,10,1,3,4,12,1,0,4.74
101033,WITHDRAW,5,0,11,0,4,4,12,3,0,3.63
101012,ONLINE_SUP,12,0,14,0,7,4,12,4,0,20.28
101033,ACC_OPEN,25,1,51,1,14,5,15,2,1,84.48
101078,INSURANCE,20,1,3,1,0,2,12,1,0,1.19
101045,DEPOSIT,6,1,10,1,2,5,16,3,1,3.39
101033,ONLINE_SUP,12,1,13,1,4,3,13,4,0,16.49
101045,INVEST,22,1,12,1,2,6,10,5,1,5.6
101045,INSURANCE,20,1,14,1,2,6,10,5,1,4.6
101056,INSURANCE,20,1,27,1,8,7,14,5,1,30.58
101056,FIXED_DEP,15,0,19,1,7,4,9,2,1,38.17
101045,ACC_OPEN,25,0,21,1,7,4,10,2,1,30.26
101078,FIXED_DEP,15,1,39,1,14,3,16,4,1,64.59
101012,WITHDRAW,5,0,12,1,9,7,10,3,1,5.92
101078,CUST_SVC,10,1,7,1,6,4,15,3,1,18.34
101056,DEPOSIT,6,1,37,1,10,5,14,2,1,11.09
101078,CREDIT_CARD,12,1,16,1,5,4,9,5,1,17.11
101078,INSURANCE,20,1,8,1,1,5,9,2,1,5.35
101045,CUST_SVC,10,0,27,1,9,5,9,3,1,13.35
101033,CUST_SVC,10,1,7,1,5,6,14,5,1,11.11
101012,CUST_SVC,10,1,7,1,7,4,16,3,1,24.8
101078,ACC_OPEN,25,1,12,1,5,4,12,1,0,12.35
101033,CREDIT_CARD,12,0,23,0,6,3,16,1,1,33.21
101012,CUST_SVC,10,1,3,1,2,3,13,4,0,5.63
101045,INVEST,22,1,18,1,8,7,14,2,1,31.47
101012,REMITTANCE,10,0,22,1,8,5,11,5,1,28.43
101045,DEPOSIT,6,0,30,0,7,4,10,1,1,17.96
101033,DEPOSIT,6,0,4,1,4,6,9,2,1,4.84
101012,ATM_CDM,8,1,25,1,11,4,9,1,1,11.09
101045,WITHDRAW,5,1,3,1,1,2,12,1,0,0.74
101056,DEPOSIT,6,1,8,1,6,5,10,2,1,9.45
101012,INSURANCE,20,1,4,1,1,3,13,3,0,8.28
101045,CUST_SVC,10,1,9,1,6,6,14,4,1,14.98
101033,ATM_CDM,8,1,17,1,9,5,15,2,1,24.88
101033,INVEST,22,1,12,1,7,6,11,5,1,30.51
101056,DEPOSIT,6,1,6,1,8,6,11,1,1,11.23
101012,BIZ_BANK,18,1,16,1,15,6,10,1,1,60.84
101012,DEPOSIT,6,1,29,1,17,7,9,5,1,14.08
101078,CUST_SVC,10,1,15,1,3,4,11,3,1,7.63
101078,INSURANCE,20,0,6,1,1,2,12,2,0,10.9
101033,CUST_SVC,10,0,12,1,4,5,9,5,1,9.13
101045,INVEST,22,1,3,1,11,4,10,5,1,53.97
101012,BIZ_BANK,18,1,3,1,5,8,15,3,1,19.54
101056,CUST_SVC,10,0,23,1,8,5,9,1,1,21.13
101078,LOAN,30,1,12,1,7,5,10,1,1,90.0
101078,CUST_SVC,10,1,17,1,4,3,12,5,0,9.17
101033,ACC_OPEN,25,0,39,1,12,7,15,3,1,39.18
101012,DEPOSIT,6,0,8,1,12,8,10,5,1,7.01
101012,ACC_OPEN,25,0,25,1,12,5,9,3,1,72.01
101033,INSURANCE,20,1,12,1,2,8,15,3,1,7.83
101012,ACC_OPEN,25,0,28,1,8,4,14,3,1,57.73
101056,ATM_CDM,8,0,2,1,7,6,15,3,1,7.65
101056,FIXED_DEP,15,0,4,1,6,3,12,2,0,21.95
101056,DEPOSIT,6,0,9,1,3,4,10,3,1,3.0
101012,DEPOSIT,6,0,19,1,10,6,14,1,1,7.12
101012,CREDIT_CARD,12,0,17,1,7,8,10,5,1,10.85
101078,DEPOSIT,6,0,22,1,5,7,10,2,1,3.01
101078,INSURANCE,20,0,10,1,5,6,15,3,1,12.92
101078,DEPOSIT,6,1,8,1,3,6,16,5,1,2.69
101045,ATM_CDM,8,1,18,1,8,5,10,1,1,26.11
101012,INVEST,22,0,14,0,10,4,14,3,1,38.63
101045,CUST_SVC,10,1,19,1,5,5,9,4,1,14.35
101078,ATM_CDM,8,1,23,1,6,8,9,5,1,9.66
101033,CUST_SVC,10,1,2,1,8,7,10,4,1,13.16
101078,WITHDRAW,5,0,5,1,3,5,10,2,1,2.12
101012,WITHDRAW,5,0,34,1,10,5,14,1,1,9.38
101056,DEPOSIT,6,1,39,1,10,4,9,3,1,11.7
101056,REMITTANCE,10,1,16,1,8,6,14,2,1,17.13
101012,CUST_SVC,10,0,6,0,4,2,12,3,0,23.49
101078,ACC_OPEN,25,1,9,1,3,4,14,2,1,17.48
101012,BIZ_BANK,18,1,29,1,8,7,10,5,1,21.94
101056,ONLINE_SUP,12,1,2,1,8,7,14,1,1,15.91
101078,ACC_OPEN,25,1,9,1,8,6,9,1,1,42.63
101012,CUST_SVC,10,1,6,1,7,5,11,4,1,20.97
101012,CREDIT_CARD,12,1,27,1,8,6,10,3,1,23.63
101078,CREDIT_CARD,12,0,4,0,3,5,16,2,1,12.51
101045,CUST_SVC,10,1,14,1,5,5,9,1,1,13.5
101012,CUST_SVC,10,1,14,1,4,2,12,5,0,20.48
101033,CUST_SVC,10,0,43,1,12,6,9,1,1,27.03
101056,FIXED_DEP,15,1,10,1,4,5,15,3,1,15.29
101045,CREDIT_CARD,12,0,12,1,6,7,16,3,1,7.93
101056,DEPOSIT,6,0,4,1,4,5,16,4,1,4.28
101078,BIZ_BANK,18,0,23,1,5,4,11,2,1,26.3
101078,ONLINE_SUP,12,0,6,1,1,2,12,2,0,5.92
101012,CUST_SVC,10,1,11,1,3,4,13,4,0,7.08
101033,CREDIT_CARD,12,1,30,1,8,6,14,1,1,19.74
101078,DEPOSIT,6,1,9,1,6,8,15,1,1,6.47
101012,ATM_CDM,8,0,7,0,11,6,11,2,1,12.57
101056,ACC_OPEN,25,1,39,1,15,6,15,1,1,80.88
101033,ACC_OPEN,25,1,14,1,5,8,10,1,1,22.29
101012,ONLINE_SUP,12,0,21,1,5,4,16,5,1,12.28
101078,CUST_SVC,10,1,20,1,7,7,10,1,1,18.23
101045,DEPOSIT,6,0,22,1,9,6,10,3,1,7.54
101056,DEPOSIT,6,0,11,0,6,3,13,1,0,5.51
101012,WITHDRAW,5,0,11,1,10,6,10,5,1,7.11
101056,ATM_CDM,8,1,10,1,11,7,10,1,1,25.36
101033,DEPOSIT,6,1,11,1,7,8,10,4,1,4.79
101033,LOAN,30,1,15,1,3,6,14,4,1,11.99
101056,ATM_CDM,8,1,10,1,7,6,15,3,1,8.95
101078,INSURANCE,20,1,19,1,4,3,12,1,0,28.07
101045,DEPOSIT,6,1,8,1,8,6,15,1,1,12.02
101012,BIZ_BANK,18,1,16,1,4,2,12,3,0,38.47
101056,ATM_CDM,8,0,17,1,5,4,9,5,1,10.27
101045,CUST_SVC,10,1,16,1,4,5,16,3,1,10.24
101078,ATM_CDM,8,0,3,1,1,4,12,1,0,2.87
101045,ACC_OPEN,25,0,8,1,2,5,11,2,1,12.12
101033,INVEST,22,1,10,1,7,4,10,1,1,44.88
101056,ATM_CDM,8,1,24,1,9,6,10,3,1,12.64
101056,BIZ_BANK,18,1,7,1,17,6,9,2,1,54.32
101056,CUST_SVC,10,1,17,1,6,4,11,3,1,12.87
101033,BIZ_BANK,18,0,1,1,3,5,16,4,1,12.35
101078,LOAN,30,0,26,1,8,5,14,1,1,51.65
101045,ACC_OPEN,25,1,16,1,5,4,11,2,1,46.83
101012,ONLINE_SUP,12,1,30,1,8,6,14,4,1,20.63
101045,ATM_CDM,8,1,6,1,6,4,11,5,1,20.31
101056,INSURANCE,20,1,14,1,8,6,10,4,1,41.79
101045,INSURANCE,20,1,8,1,6,8,14,1,1,16.76
101012,ACC_OPEN,25,1,10,1,1,4,12,4,0,6.8
101033,REMITTANCE,10,1,32,1,10,5,15,5,1,31.35
101045,CREDIT_CARD,12,1,14,1,3,6,15,2,1,6.02
101078,ATM_CDM,8,0,17,1,4,4,14,1,1,8.36
101078,REMITTANCE,10,0,8,1,4,5,9,4,1,3.97
101045,CREDIT_CARD,12,1,10,1,9,5,10,5,1,21.21
101078,CREDIT_CARD,12,0,21,1,4,4,15,3,1,9.28
101012,INSURANCE,20,1,15,1,3,4,12,3,0,11.06
101056,FIXED_DEP,15,0,9,1,2,7,15,2,1,6.29
101033,DEPOSIT,6,1,14,1,4,3,16,2,1,9.97
101012,REMITTANCE,10,1,4,1,6,4,10,4,1,19.32
101045,WITHDRAW,5,1,26,1,11,7,9,2,1,11.51
101045,DEPOSIT,6,1,22,1,5,3,13,1,0,10.6
101033,DEPOSIT,6,0,9,1,6,5,11,3,1,4.05
101056,FIXED_DEP,15,0,11,1,2,5,14,3,1,5.03
101012,INVEST,22,1,19,1,4,6,11,3,1,24.66
101033,ONLINE_SUP,12,1,3,1,3,4,10,2,1,9.31
101056,LOAN,30,1,18,1,11,7,14,5,1,56.04
101078,CUST_SVC,10,0,3,1,5,3,16,4,1,11.04
101078,LOAN,30,0,27,1,6,4,16,2,1,28.66
101078,ONLINE_SUP,12,1,44,1,13,4,9,1,1,43.07
101033,DEPOSIT,6,0,19,1,7,3,16,4,1,15.73
101012,ONLINE_SUP,12,1,20,1,15,7,9,1,1,22.9
101056,INSURANCE,20,1,9,1,9,6,15,5,1,20.96
101056,INVEST,22,1,12,1,3,2,12,5,0,36.27
101012,DEPOSIT,6,1,26,1,9,6,11,2,1,11.65
101045,CREDIT_CARD,12,1,22,1,6,6,11,1,1,19.94
101056,ATM_CDM,8,1,5,1,3,3,13,4,0,10.54
101033,ATM_CDM,8,1,16,1,6,8,10,5,1,7.96
101056,DEPOSIT,6,1,4,1,6,5,9,3,1,9.93
101033,DEPOSIT,6,0,21,1,5,6,10,3,1,7.4
101056,ACC_OPEN,25,1,22,1,6,6,15,3,1,40.23
101012,ATM_CDM,8,1,30,1,10,4,10,3,1,23.35
101012,LOAN,30,0,8,0,6,4,15,5,1,49.17
101012,DEPOSIT,6,1,8,1,4,6,15,4,1,5.71
101045,CUST_SVC,10,1,3,1,3,4,9,3,1,5.12
101056,BIZ_BANK,18,1,20,1,10,7,15,1,1,38.67
101078,ACC_OPEN,25,1,25,1,7,7,11,4,1,41.89
101012,ATM_CDM,8,0,4,1,6,3,13,1,0,16.17
101012,WITHDRAW,5,1,6,1,7,4,16,4,1,14.39
101045,LOAN,30,1,18,1,3,7,16,1,1,12.43
101056,CUST_SVC,10,1,20,1,5,4,10,1,1,17.03
101056,CREDIT_CARD,12,1,5,1,5,4,11,1,1,13.72
101078,LOAN,30,0,6,1,4,4,9,2,1,19.75
101078,DEPOSIT,6,1,4,1,3,6,14,1,1,3.44
101078,ATM_CDM,8,1,10,1,5,5,16,5,1,10.65
101012,DEPOSIT,6,1,2,1,2,4,11,1,1,3.78
101045,INSURANCE,20,1,3,1,4,6,11,2,1,13.35
101078,ONLINE_SUP,12,1,2,1,6,6,11,4,1,12.4
101033,CUST_SVC,10,1,36,1,9,4,11,3,1,33.58
101056,CUST_SVC,10,1,17,1,8,5,9,2,1,21.84
101012,WITHDRAW,5,1,8,1,6,2,12,1,0,11.09
101012,DEPOSIT,6,0,4,1,6,6,11,4,1,7.98
101045,CUST_SVC,10,1,11,1,2,6,16,2,1,4.88
101056,INVEST,22,0,43,1,13,4,9,1,1,77.63
101012,ACC_OPEN,25,1,1,1,4,7,15,3,1,12.14
101078,ACC_OPEN,25,1,18,1,3,4,15,4,1,10.4
101012,WITHDRAW,5,0,34,1,10,4,16,5,1,15.5
101056,ATM_CDM,8,1,6,1,7,4,16,5,1,14.86
101045,REMITTANCE,10,1,15,1,4,3,12,1,0,8.95
101033,DEPOSIT,6,1,17,1,13,6,10,3,1,15.12
101012,CUST_SVC,10,0,24,1,8,6,11,5,1,17.24
101012,BIZ_BANK,18,0,13,0,10,7,15,1,1,35.81
101033,CUST_SVC,10,1,5,1,4,4,10,4,1,17.84
101033,ACC_OPEN,25,1,21,1,7,6,10,4,1,28.0
101056,CUST_SVC,10,0,9,1,10,8,11,1,1,10.68
101012,BIZ_BANK,18,0,11,1,11,5,15,4,1,35.51
101078,WITHDRAW,5,1,8,1,3,2,13,2,0,12.99
101078,FIXED_DEP,15,1,7,1,5,5,15,3,1,17.66
101012,CUST_SVC,10,1,19,1,8,7,9,5,1,13.91
101078,CUST_SVC,10,1,8,1,4,4,10,4,1,16.42
101033,WITHDRAW,5,1,8,1,7,4,10,1,1,13.98
101078,CUST_SVC,10,1,21,1,5,5,9,5,1,12.59
101078,ATM_CDM,8,1,21,1,8,4,11,3,1,22.73
101012,DEPOSIT,6,1,1,1,9,5,15,5,1,10.08
101045,CUST_SVC,10,1,1,1,5,6,14,2,1,13.7
101045,LOAN,30,0,3,1,0,6,9,4,1,1.81
101078,INSURANCE,20,0,1,1,0,6,15,2,1,1.45
101045,ACC_OPEN,25,1,12,1,2,5,14,4,1,12.46
101078,DEPOSIT,6,0,22,1,9,4,11,1,1,12.71
101045,ATM_CDM,8,1,14,1,6,6,15,2,1,10.77
101033,ACC_OPEN,25,1,2,1,8,6,16,2,1,45.84
101045,ATM_CDM,8,1,11,1,4,7,11,2,1,4.63
101012,LOAN,30,1,38,1,14,7,10,1,1,60.42
101045,CREDIT_CARD,12,0,9,1,2,4,11,2,1,6.09
101078,WITHDRAW,5,0,3,1,6,6,9,4,1,1.13
101033,ACC_OPEN,25,0,18,1,7,4,14,3,1,32.8
101078,CUST_SVC,10,1,11,1,7,4,15,4,1,14.52
101033,DEPOSIT,6,1,22,1,10,4,9,3,1,17.91
101045,ONLINE_SUP,12,1,3,1,6,4,11,3,1,18.68
101078,REMITTANCE,10,1,17,1,6,7,9,1,1,20.05
101012,CREDIT_CARD,12,0,8,1,10,5,16,2,1,35.95
101056,ATM_CDM,8,1,17,1,3,6,11,4,1,3.81
101012,ACC_OPEN,25,1,1,1,6,4,13,2,0,38.79
101056,CREDIT_CARD,12,1,5,1,8,4,14,1,1,34.49
101056,CUST_SVC,10,1,43,1,16,6,11,5,1,30.62
101012,BIZ_BANK,18,1,23,1,12,8,10,2,1,43.46
101056,DEPOSIT,6,1,31,1,8,4,14,4,1,7.66
101078,CUST_SVC,10,1,1,1,7,7,9,2,1,14.26
101078,REMITTANCE,10,0,2,1,5,4,16,4,1,12.3
101078,LOAN,30,1,24,1,12,5,15,3,1,86.98
101012,REMITTANCE,10,1,3,1,4,6,10,4,1,8.98
101033,ACC_OPEN,25,0,16,1,3,4,16,3,1,18.36
101033,REMITTANCE,10,1,26,1,7,5,10,1,1,19.12
101045,BIZ_BANK,18,0,39,1,10,5,9,1,1,50.24
101078,INSURANCE,20,1,16,1,12,5,15,5,1,34.13
101056,ACC_OPEN,25,0,11,1,3,3,13,2,0,16.2
101078,DEPOSIT,6,0,24,1,5,6,11,5,1,7.53
101056,DEPOSIT,6,0,15,1,4,2,12,2,0,10.46
101045,LOAN,30,1,29,1,13,6,9,4,1,58.36
101012,DEPOSIT,6,0,33,1,8,6,11,5,1,5.22
101012,CREDIT_CARD,12,0,29,1,7,5,14,2,1,17.12
101045,CREDIT_CARD,12,0,14,0,4,5,11,4,1,10.67
101056,ACC_OPEN,25,1,18,1,6,5,15,3,1,42.0
101045,BIZ_BANK,18,0,28,1,8,6,16,1,1,21.16
101033,DEPOSIT,6,1,33,1,10,6,15,1,1,13.86
101078,DEPOSIT,6,1,19,1,5,5,11,1,1,6.99
101012,ATM_CDM,8,0,5,1,8,7,14,4,1,7.8
101078,DEPOSIT,6,1,13,1,8,3,16,1,1,15.61
101078,LOAN,30,1,20,1,4,7,10,2,1,29.1
101033,CREDIT_CARD,12,0,3,0,11,5,10,2,1,36.05
101033,ATM_CDM,8,0,30,1,8,7,10,3,1,9.44
101033,ONLINE_SUP,12,1,13,1,8,6,15,1,1,14.03
101012,ATM_CDM,8,0,7,1,0,2,13,4,0,0.96
101078,CUST_SVC,10,0,20,1,6,5,15,5,1,7.22
101078,LOAN,30,1,5,1,5,6,10,5,1,20.92
101045,DEPOSIT,6,1,2,1,2,7,15,5,1,3.01
101012,DEPOSIT,6,0,25,1,14,6,15,5,1,19.7
101078,REMITTANCE,10,1,1,1,4,4,13,2,0,10.76
101045,INVEST,22,1,25,1,6,5,10,1,1,35.62
101033,BIZ_BANK,18,0,17,1,8,6,15,2,1,22.76
101033,CUST_SVC,10,1,29,1,11,6,10,4,1,31.05
101056,ATM_CDM,8,0,8,1,3,2,12,2,0,12.67
101078,ATM_CDM,8,0,1,0,8,6,15,3,1,11.8
101078,ONLINE_SUP,12,0,30,1,8,4,14,1,1,29.27
101033,ACC_OPEN,25,1,6,1,4,4,11,1,1,16.52
101056,ATM_CDM,8,1,45,1,12,4,11,3,1,17.66
101012,FIXED_DEP,15,0,22,1,14,5,16,5,1,47.67
101012,CUST_SVC,10,1,1,1,18,6,15,1,1,12.27
101012,ONLINE_SUP,12,1,2,1,9,7,9,2,1,21.81
101045,CUST_SVC,10,1,7,1,10,5,10,4,1,26.34
101045,REMITTANCE,10,1,12,1,5,7,10,3,1,7.81
101012,CREDIT_CARD,12,0,19,1,10,5,11,1,1,13.09
101033,INSURANCE,20,0,24,1,6,7,11,4,1,14.77
101045,DEPOSIT,6,1,14,1,6,6,10,3,1,8.81
101078,CUST_SVC,10,1,21,1,5,3,13,4,0,14.62
101012,CUST_SVC,10,1,17,1,5,8,11,1,1,6.6
101078,CREDIT_CARD,12,0,17,0,5,6,14,5,1,14.54
101056,ATM_CDM,8,1,4,1,3,4,12,4,0,3.67
101078,INVEST,22,1,8,1,5,6,14,1,1,19.25
101045,CUST_SVC,10,1,6,1,6,6,14,3,1,6.43
101045,CREDIT_CARD,12,0,9,1,2,3,13,4,0,4.42
101033,DEPOSIT,6,1,21,1,11,6,10,2,1,20.65
101045,DEPOSIT,6,0,2,1,0,4,13,1,0,1.13
101012,BIZ_BANK,18,1,6,1,9,6,9,2,1,30.1
101012,BIZ_BANK,18,1,26,1,17,4,16,1,1,80.06
101056,ATM_CDM,8,0,2,1,4,7,15,3,1,2.49
101033,INSURANCE,20,1,38,1,12,5,10,1,1,81.29
101012,ATM_CDM,8,0,5,1,6,3,16,1,1,16.23
101045,REMITTANCE,10,1,3,1,15,6,15,5,1,35.18
101012,CUST_SVC,10,1,11,1,11,4,16,1,1,39.39
101045,BIZ_BANK,18,1,17,1,7,4,10,3,1,34.23
101078,ATM_CDM,8,1,20,1,4,3,12,2,0,17.38
101045,CREDIT_CARD,12,1,32,1,11,6,14,3,1,31.38
101033,WITHDRAW,5,1,21,1,4,5,9,2,1,2.29
101078,ATM_CDM,8,1,2,1,4,4,13,1,0,10.02
101012,CUST_SVC,10,1,19,1,7,5,9,5,1,13.64
101056,REMITTANCE,10,1,28,1,10,7,9,4,1,19.33
101056,LOAN,30,0,19,1,7,7,15,5,1,41.28
101056,CUST_SVC,10,1,14,1,9,6,9,5,1,18.64
101012,REMITTANCE,10,1,45,1,13,4,11,1,1,55.33
101012,ATM_CDM,8,1,9,1,8,8,15,4,1,7.15
101056,DEPOSIT,6,1,25,1,7,7,11,2,1,5.91
101045,ATM_CDM,8,1,18,1,8,5,10,5,1,13.53
101056,CREDIT_CARD,12,1,6,1,2,4,16,5,1,6.47
101078,FIXED_DEP,15,0,14,1,10,8,10,4,1,12.55
101045,CREDIT_CARD,12,1,15,1,9,4,10,4,1,32.85
101078,CUST_SVC,10,0,11,1,2,6,16,4,1,1.92
101012,DEPOSIT,6,1,25,1,6,5,9,4,1,4.52
101078,ACC_OPEN,25,1,3,1,6,4,13,1,0,32.11
101045,CREDIT_CARD,12,1,2,1,8,4,9,5,1,29.67
101078,INVEST,22,1,19,1,4,4,13,1,0,26.9
101045,FIXED_DEP,15,1,14,1,5,6,9,5,1,8.65
101012,CUST_SVC,10,0,15,1,4,2,12,2,0,24.67
101033,CUST_SVC,10,1,32,1,9,4,13,1,0,21.63
101033,ATM_CDM,8,1,29,1,9,6,10,4,1,13.35
101012,ONLINE_SUP,12,1,7,1,10,4,9,1,1,36.34
101033,ACC_OPEN,25,1,5,1,5,6,15,2,1,24.9
101045,ONLINE_SUP,12,1,15,1,6,4,13,4,0,20.83
101045,BIZ_BANK,18,0,20,1,5,5,9,2,1,18.79
101078,INVEST,22,1,33,1,11,6,9,5,1,48.01
101012,INSURANCE,20,1,4,1,9,2,13,2,0,72.21
101078,LOAN,30,1,26,1,6,6,9,2,1,34.36
101056,INSURANCE,20,0,34,1,12,7,9,5,1,14.89
101012,CREDIT_CARD,12,1,43,1,15,4,10,5,1,47.75
101056,CUST_SVC,10,0,11,1,7,5,16,2,1,16.41
101012,ACC_OPEN,25,1,9,1,4,2,13,4,0,40.14
101045,CREDIT_CARD,12,0,3,1,4,5,14,5,1,10.32
101045,REMITTANCE,10,1,20,1,4,6,14,1,1,9.31
101045,DEPOSIT,6,0,21,1,4,5,9,3,1,4.46
101045,INSURANCE,20,1,5,1,5,4,14,2,1,21.23
101056,WITHDRAW,5,1,6,1,7,6,10,2,1,7.3
101033,DEPOSIT,6,0,17,1,8,7,15,4,1,8.72
101078,ATM_CDM,8,1,5,1,0,2,12,4,0,1.74
101033,ACC_OPEN,25,1,5,1,4,5,9,1,1,23.04
101056,DEPOSIT,6,1,12,1,4,2,12,5,0,16.3
101056,CREDIT_CARD,12,1,4,1,3,4,13,2,0,15.2
101078,FIXED_DEP,15,1,11,1,6,4,15,4,1,36.55
101033,CREDIT_CARD,12,1,17,1,5,4,14,2,1,11.77
101033,DEPOSIT,6,0,8,0,15,5,10,5,1,19.27
101056,INVEST,22,1,13,1,20,6,10,1,1,90.0
101078,CREDIT_CARD,12,0,4,1,4,3,13,1,0,16.45
101033,INVEST,22,1,10,1,3,3,13,5,0,20.19
101033,INSURANCE,20,1,20,1,7,5,10,2,1,26.12
101033,LOAN,30,1,2,1,8,6,11,1,1,31.76
101012,FIXED_DEP,15,0,17,1,3,5,14,4,1,8.91
101045,INVEST,22,1,8,1,8,7,11,1,1,19.98
101012,CREDIT_CARD,12,1,19,1,11,5,9,4,1,35.33
101045,DEPOSIT,6,0,9,1,3,7,15,4,1,2.66
101078,INSURANCE,20,1,3,1,10,8,14,1,1,39.89
101033,DEPOSIT,6,1,6,1,7,8,14,5,1,3.57
101033,CUST_SVC,10,1,3,1,5,8,15,5,1,9.73
101078,ONLINE_SUP,12,0,1,0,10,8,14,2,1,12.51
101012,CUST_SVC,10,0,17,0,6,6,15,2,1,5.7
101012,CREDIT_CARD,12,0,17,1,12,4,16,2,1,41.15
101033,DEPOSIT,6,1,9,1,5,6,11,1,1,3.6
101056,INVEST,22,1,19,1,10,4,10,1,1,56.1
101056,INVEST,22,1,19,1,7,4,12,1,0,22.87
101045,LOAN,30,1,12,1,6,4,11,5,1,65.42
101012,BIZ_BANK,18,0,4,1,7,4,14,3,1,9.84
101078,ONLINE_SUP,12,1,5,1,2,2,12,5,0,17.61
101056,DEPOSIT,6,0,19,1,4,5,11,3,1,4.76
101033,CREDIT_CARD,12,0,6,1,10,4,9,4,1,37.79
101045,REMITTANCE,10,1,5,1,3,5,10,3,1,5.57
101078,ACC_OPEN,25,1,33,1,8,8,9,1,1,29.9
101045,DEPOSIT,6,1,8,1,7,6,15,1,1,14.39
101012,LOAN,30,0,31,1,11,4,14,2,1,90.0
101012,FIXED_DEP,15,1,5,1,12,4,9,5,1,61.57
101056,LOAN,30,1,19,1,5,4,11,1,1,15.91
101056,LOAN,30,1,5,1,5,4,12,1,0,31.27
101056,FIXED_DEP,15,0,15,1,5,4,9,4,1,20.03
101033,CREDIT_CARD,12,1,5,1,4,5,15,4,1,10.12
101033,ACC_OPEN,25,1,15,1,8,4,14,5,1,60.52
101033,INVEST,22,1,7,1,10,4,14,2,1,46.29
101056,CUST_SVC,10,1,13,1,2,3,12,5,0,7.07
101033,LOAN,30,1,4,1,7,4,13,4,0,25.7
101078,REMITTANCE,10,1,6,1,6,5,10,2,1,6.1
101012,LOAN,30,1,29,1,7,4,14,2,1,35.6
101012,CUST_SVC,10,0,5,1,6,2,13,2,0,17.02
101045,ATM_CDM,8,1,3,1,8,6,10,1,1,7.27
101078,DEPOSIT,6,1,35,1,10,4,11,4,1,9.29
101033,WITHDRAW,5,0,14,1,7,4,9,1,1,11.2
101012,CREDIT_CARD,12,1,4,1,10,7,15,5,1,13.48
101033,CUST_SVC,10,1,32,1,12,7,10,5,1,19.27
101056,ATM_CDM,8,0,21,1,9,7,14,1,1,14.69
101045,DEPOSIT,6,1,2,1,2,5,9,4,1,0.23
101045,INVEST,22,1,12,1,5,7,15,1,1,21.26
101078,ATM_CDM,8,1,21,1,4,3,13,3,0,8.1
101045,ACC_OPEN,25,1,11,1,2,7,10,4,1,7.82
101045,DEPOSIT,6,0,30,1,9,6,15,4,1,10.98
101056,ATM_CDM,8,1,3,1,11,4,16,1,1,18.35
101078,LOAN,30,0,16,1,10,6,10,4,1,48.19
101045,ATM_CDM,8,0,2,0,3,7,10,5,1,3.09
101056,INSURANCE,20,0,12,1,12,4,10,2,1,40.18
101033,CUST_SVC,10,1,24,1,5,6,16,4,1,9.01
101078,DEPOSIT,6,1,23,1,14,6,10,1,1,8.89
101078,FIXED_DEP,15,0,14,1,5,5,9,5,1,19.43
101012,INVEST,22,0,6,1,5,7,14,4,1,12.21
101056,ACC_OPEN,25,0,16,1,3,2,13,1,0,29.41
101033,CREDIT_CARD,12,1,8,1,3,5,11,4,1,9.83
101056,CREDIT_CARD,12,0,20,0,6,4,12,3,0,24.61
101012,REMITTANCE,10,1,7,1,6,6,15,3,1,10.1
101078,DEPOSIT,6,1,1,1,5,6,9,1,1,5.45
101056,INSURANCE,20,1,8,1,8,5,10,4,1,46.31
101012,CUST_SVC,10,1,22,1,11,7,16,1,1,34.15
101033,LOAN,30,0,25,1,6,6,11,4,1,40.63
101012,WITHDRAW,5,1,21,1,11,5,9,1,1,16.65
101033,FIXED_DEP,15,1,18,1,6,4,10,2,1,29.02
101012,DEPOSIT,6,1,4,1,6,3,12,5,0,8.42
101012,ATM_CDM,8,1,9,1,7,5,14,2,1,14.59
101045,LOAN,30,1,3,1,4,4,16,3,1,48.17
101033,CUST_SVC,10,1,21,1,4,4,11,1,1,10.83
101012,ATM_CDM,8,1,30,1,7,4,9,3,1,8.75
101033,DEPOSIT,6,1,27,1,11,5,15,1,1,9.66
101078,REMITTANCE,10,1,7,1,0,4,11,4,1,0.58
101078,WITHDRAW,5,1,5,1,4,4,14,2,1,4.43
101012,ATM_CDM,8,1,35,1,14,6,15,2,1,17.95
101012,ACC_OPEN,25,1,16,1,13,6,14,5,1,90.0
101033,CUST_SVC,10,1,3,1,2,3,13,5,0,5.7
101033,LOAN,30,0,12,1,9,7,11,1,1,33.15
101045,CREDIT_CARD,12,1,24,1,7,4,9,1,1,36.21
101033,CUST_SVC,10,0,19,0,6,6,11,3,1,6.16
101012,DEPOSIT,6,0,20,1,4,4,15,4,1,8.69
101033,ATM_CDM,8,1,1,1,10,6,16,1,1,12.72
101033,DEPOSIT,6,0,14,1,9,2,13,4,0,22.93
101012,INSURANCE,20,1,8,1,4,6,15,2,1,10.39
101056,REMITTANCE,10,1,12,1,10,6,9,2,1,22.44
101045,DEPOSIT,6,1,9,1,3,4,10,4,1,7.97
101078,REMITTANCE,10,0,21,1,5,3,12,5,0,7.72
101012,DEPOSIT,6,1,1,1,9,4,11,4,1,6.46
101012,CREDIT_CARD,12,1,7,1,9,5,15,4,1,16.48
101078,ACC_OPEN,25,0,11,0,6,2,13,5,0,45.37
101033,BIZ_BANK,18,1,10,1,12,6,15,2,1,38.97
101033,ACC_OPEN,25,0,26,1,8,6,10,5,1,26.74
101056,DEPOSIT,6,1,38,1,13,4,10,1,1,18.2
101012,ATM_CDM,8,1,4,1,4,8,9,3,1,2.43
101012,ATM_CDM,8,1,5,1,2,3,12,3,0,8.51
101012,ONLINE_SUP,12,1,10,1,9,5,16,1,1,34.57
101045,INVEST,22,1,8,1,7,7,11,1,1,19.17
101056,INSURANCE,20,1,24,1,5,4,10,3,1,35.36
101056,ATM_CDM,8,0,8,0,12,6,14,2,1,13.32
101012,ACC_OPEN,25,1,20,1,8,5,9,3,1,62.08
101078,ONLINE_SUP,12,1,9,1,5,4,12,1,0,14.8
101056,CUST_SVC,10,1,8,1,9,4,15,4,1,18.37
101033,ACC_OPEN,25,1,12,1,9,8,11,5,1,28.26
101012,INVEST,22,1,23,1,8,5,11,2,1,49.18
101078,INVEST,22,1,16,1,4,5,9,3,1,22.49
101078,REMITTANCE,10,1,6,1,2,3,16,2,1,7.68
101012,CUST_SVC,10,1,17,1,6,3,12,4,0,15.72
101078,ACC_OPEN,25,1,12,1,11,5,14,4,1,37.07
101045,CREDIT_CARD,12,0,7,1,9,4,10,5,1,28.67
101078,REMITTANCE,10,1,37,1,11,7,15,2,1,7.24
101078,INSURANCE,20,1,7,1,9,6,9,3,1,41.32
101078,LOAN,30,1,1,1,5,4,14,4,1,55.24
101012,WITHDRAW,5,1,46,1,14,4,10,1,1,20.4
101045,CUST_SVC,10,1,31,1,9,5,10,5,1,22.61
101033,ATM_CDM,8,1,9,1,9,5,14,2,1,21.22
101033,CREDIT_CARD,12,1,39,1,10,6,11,1,1,28.55
101033,REMITTANCE,10,1,3,1,8,4,10,1,1,30.64
101033,REMITTANCE,10,1,7,1,5,4,10,2,1,18.45
101056,BIZ_BANK,18,1,15,1,4,2,12,1,0,39.28
101056,DEPOSIT,6,1,14,1,6,6,9,4,1,8.27
101033,BIZ_BANK,18,1,9,1,7,5,16,4,1,35.21
101045,ATM_CDM,8,1,8,1,4,2,12,5,0,12.53
101045,ONLINE_SUP,12,0,21,1,5,6,15,4,1,13.59
101078,ACC_OPEN,25,0,1,1,6,6,15,2,1,34.75
101045,DEPOSIT,6,1,16,1,5,7,14,3,1,8.3
101078,ONLINE_SUP,12,1,19,1,5,4,13,1,0,22.46
101033,CUST_SVC,10,1,41,1,11,7,16,4,1,12.93
101033,ATM_CDM,8,1,10,1,12,7,10,5,1,15.43
101033,ATM_CDM,8,1,28,1,8,4,10,2,1,12.35
101033,ACC_OPEN,25,1,7,1,14,4,15,5,1,90.0
101012,INSURANCE,20,1,23,1,11,8,15,5,1,23.1
101045,LOAN,30,1,15,1,3,3,13,3,0,34.11
101033,CREDIT_CARD,12,1,16,1,6,5,9,2,1,10.77
101045,CUST_SVC,10,1,6,1,3,5,16,2,1,6.45
101033,DEPOSIT,6,0,27,1,8,6,14,4,1,7.8
101012,ATM_CDM,8,1,22,1,8,5,15,2,1,14.93
101033,CUST_SVC,10,1,2,1,3,3,16,4,1,8.02
101045,INVEST,22,1,4,1,6,5,16,1,1,19.5
101078,ATM_CDM,8,0,4,1,4,6,14,1,1,4.17
101056,ACC_OPEN,25,1,26,1,9,4,13,5,0,76.01
101033,LOAN,30,0,1,1,7,4,14,1,1,48.66
101045,DEPOSIT,6,0,14,1,3,7,9,4,1,4.38
101045,CREDIT_CARD,12,1,7,1,4,4,15,1,1,9.14
101012,ACC_OPEN,25,1,23,1,12,5,16,1,1,71.49
101012,ATM_CDM,8,1,2,1,7,6,10,4,1,10.08
101078,BIZ_BANK,18,1,9,1,6,7,10,1,1,28.96
101012,BIZ_BANK,18,1,53,1,18,4,15,1,1,78.76
101078,DEPOSIT,6,1,17,1,11,6,15,3,1,7.29
101012,CREDIT_CARD,12,0,17,1,8,7,10,1,1,27.72
101033,LOAN,30,1,12,1,5,5,9,4,1,37.62
101012,ATM_CDM,8,1,16,1,8,4,11,1,1,16.47
101012,LOAN,30,1,56,1,17,6,9,1,1,90.0
101012,CUST_SVC,10,0,8,0,5,4,10,5,1,8.35
101045,CUST_SVC,10,1,3,1,2,4,12,1,0,4.82
101012,LOAN,30,1,13,1,7,7,11,4,1,21.76
101045,ACC_OPEN,25,1,30,1,11,5,10,1,1,42.85
101045,ACC_OPEN,25,1,2,1,7,6,9,5,1,35.01
101012,CUST_SVC,10,1,2,1,6,5,14,2,1,11.78
101033,BIZ_BANK,18,1,2,1,7,4,14,2,1,41.95
101056,DEPOSIT,6,1,2,1,10,6,15,4,1,10.57
101056,CUST_SVC,10,1,10,1,7,6,16,1,1,8.1
101056,CREDIT_CARD,12,1,24,1,7,4,10,1,1,25.09
101056,ACC_OPEN,25,0,3,1,3,3,13,3,0,28.19
101056,LOAN,30,1,17,1,10,7,11,1,1,56.43
101045,CUST_SVC,10,1,10,1,4,4,15,3,1,15.98
101033,INVEST,22,0,33,1,8,3,16,2,1,73.63
101056,INSURANCE,20,1,30,1,7,6,11,1,1,24.46
101045,ACC_OPEN,25,0,7,1,6,5,9,2,1,27.21
101078,BIZ_BANK,18,0,13,0,5,6,15,4,1,12.41
101045,ACC_OPEN,25,1,18,1,8,6,14,5,1,20.45
101078,DEPOSIT,6,0,14,0,7,5,11,3,1,9.67
101012,BIZ_BANK,18,1,24,1,14,7,10,1,1,31.02
101033,BIZ_BANK,18,1,10,1,13,7,10,5,1,44.28
101078,CUST_SVC,10,1,13,1,2,6,9,3,1,3.78
101012,ATM_CDM,8,1,15,1,4,6,16,3,1,3.5
101012,ATM_CDM,8,1,39,1,14,5,16,2,1,46.64
101078,DEPOSIT,6,1,26,1,6,4,14,3,1,13.84
101033,CREDIT_CARD,12,1,10,1,6,6,10,1,1,14.82
101033,DEPOSIT,6,0,23,1,7,7,14,3,1,8.71
101078,CREDIT_CARD,12,1,10,1,11,4,15,2,1,41.26
101033,DEPOSIT,6,1,6,1,6,6,15,2,1,9.96
101012,REMITTANCE,10,1,11,1,4,3,13,5,0,12.79
101045,INSURANCE,20,1,21,1,9,6,9,1,1,41.07
101056,DEPOSIT,6,1,12,1,3,6,9,1,1,2.39
101012,CREDIT_CARD,12,1,20,1,5,6,11,5,1,10.36
101078,ATM_CDM,8,1,25,1,6,4,16,2,1,19.33
101033,INVEST,22,1,46,1,14,7,15,5,1,52.4
101056,CUST_SVC,10,1,15,1,6,6,14,2,1,12.05
101056,LOAN,30,1,4,1,7,4,16,1,1,47.16
101056,INSURANCE,20,1,6,1,4,7,15,2,1,13.44
101045,ATM_CDM,8,1,8,1,4,7,10,3,1,5.85
101012,DEPOSIT,6,1,2,1,7,5,15,2,1,8.34
101012,ONLINE_SUP,12,1,22,1,5,5,16,1,1,5.55
101056,FIXED_DEP,15,0,26,1,9,4,14,1,1,20.75
101078,ATM_CDM,8,0,3,1,5,2,12,4,0,17.72
101045,ATM_CDM,8,1,3,1,3,4,12,2,0,3.13
101033,WITHDRAW,5,0,19,1,9,4,11,5,1,17.36
101045,CREDIT_CARD,12,0,14,0,4,7,11,3,1,6.78
101045,CREDIT_CARD,12,1,11,1,2,2,12,1,0,10.12
101078,REMITTANCE,10,1,22,1,6,4,10,4,1,13.89
101078,FIXED_DEP,15,1,17,1,4,6,15,4,1,14.03
101012,CUST_SVC,10,1,1,1,11,4,15,5,1,31.13
101078,CUST_SVC,10,1,13,1,11,4,9,1,1,33.55
101033,ACC_OPEN,25,0,6,1,4,5,11,3,1,18.58
101078,LOAN,30,1,2,1,7,6,15,3,1,34.08
101012,CREDIT_CARD,12,1,27,1,7,5,11,1,1,26.78
101078,ONLINE_SUP,12,1,5,1,14,6,9,1,1,37.88
101056,DEPOSIT,6,0,2,1,6,3,16,1,1,10.3
101012,FIXED_DEP,15,1,26,1,8,4,9,2,1,21.43
101045,DEPOSIT,6,1,11,1,5,5,10,4,1,5.69
101078,LOAN,30,1,16,1,7,7,11,2,1,30.95
101012,CREDIT_CARD,12,1,9,1,6,4,9,2,1,18.03
101056,CUST_SVC,10,1,7,1,6,8,14,4,1,11.13
101033,CREDIT_CARD,12,1,24,1,5,6,10,3,1,10.7
101078,ONLINE_SUP,12,0,1,1,0,4,10,3,1,1.04
101033,BIZ_BANK,18,1,15,1,10,4,15,2,1,83.65
101078,DEPOSIT,6,1,10,1,14,6,15,4,1,14.79
101056,ACC_OPEN,25,1,17,1,10,7,10,1,1,37.84
101012,ATM_CDM,8,1,29,1,9,2,12,1,0,39.98
101078,LOAN,30,1,1,1,5,6,9,1,1,47.78
101045,CUST_SVC,10,1,11,1,5,4,16,3,1,11.86
101012,LOAN,30,1,2,1,3,3,12,2,0,23.11
101033,CUST_SVC,10,1,13,1,3,4,14,1,1,6.05
101056,INSURANCE,20,1,5,1,7,6,9,2,1,27.61
101045,REMITTANCE,10,0,10,1,4,5,11,3,1,7.02
101045,CUST_SVC,10,1,7,1,5,5,11,1,1,12.6
101033,CREDIT_CARD,12,1,9,1,13,4,10,2,1,58.22
101012,CUST_SVC,10,1,36,1,16,6,9,2,1,25.41
101045,ATM_CDM,8,1,22,1,9,5,10,4,1,16.8
101012,FIXED_DEP,15,1,19,1,8,6,10,2,1,17.62
101078,ATM_CDM,8,1,12,1,3,4,16,2,1,7.72
101033,INSURANCE,20,1,9,1,4,3,16,4,1,28.07
101012,BIZ_BANK,18,0,4,1,7,2,13,1,0,27.32
101033,BIZ_BANK,18,1,18,1,14,6,14,1,1,48.96
101012,ATM_CDM,8,0,18,1,3,4,13,4,0,4.12
101045,ATM_CDM,8,0,18,0,7,4,16,4,1,12.45
101078,CREDIT_CARD,12,1,12,1,7,5,11,2,1,12.72
101012,CUST_SVC,10,0,2,1,7,7,14,2,1,12.15
101045,FIXED_DEP,15,1,15,1,7,4,9,4,1,33.54
101045,CUST_SVC,10,1,25,1,6,5,9,5,1,8.46
101012,BIZ_BANK,18,0,20,1,7,6,9,4,1,30.39
101056,CREDIT_CARD,12,1,12,1,1,5,9,4,1,3.33
101045,REMITTANCE,10,0,18,1,5,6,11,3,1,9.96
101045,ACC_OPEN,25,0,5,1,6,5,14,5,1,33.54
101033,CREDIT_CARD,12,1,33,1,9,6,15,1,1,28.92
101012,DEPOSIT,6,1,26,1,14,4,9,2,1,17.37
101056,CUST_SVC,10,1,3,1,9,5,16,1,1,29.92
101012,FIXED_DEP,15,1,15,1,4,2,12,3,0,23.19
101033,BIZ_BANK,18,1,13,1,5,4,12,3,0,27.69
101033,LOAN,30,0,2,1,6,5,16,2,1,28.64
101012,DEPOSIT,6,1,22,1,9,8,9,1,1,9.74
101033,INSURANCE,20,1,34,1,11,8,14,1,1,15.19
101056,FIXED_DEP,15,1,13,1,6,6,11,3,1,21.51
101033,ATM_CDM,8,0,9,1,5,2,13,2,0,25.22
101078,DEPOSIT,6,0,2,0,6,4,16,4,1,8.27
101033,INSURANCE,20,0,23,1,6,7,10,2,1,15.27
101033,INSURANCE,20,0,25,0,8,2,13,1,0,90.0
101078,DEPOSIT,6,1,11,1,6,5,11,5,1,9.55
101056,FIXED_DEP,15,1,2,1,4,6,11,4,1,12.46
101012,DEPOSIT,6,0,27,1,8,3,13,5,0,6.71
101033,INSURANCE,20,0,1,1,2,6,9,5,1,5.09
101078,FIXED_DEP,15,1,28,1,8,5,14,1,1,22.24
101033,CUST_SVC,10,0,7,0,6,5,11,1,1,12.68
101033,DEPOSIT,6,0,17,1,8,7,10,1,1,12.41
101012,ACC_OPEN,25,1,25,1,11,7,15,2,1,32.06
101078,INSURANCE,20,1,19,1,6,6,14,4,1,13.33
101056,INSURANCE,20,0,14,1,8,5,14,1,1,21.22
101033,ACC_OPEN,25,1,8,1,2,4,14,3,1,15.14
101033,DEPOSIT,6,1,30,1,7,5,11,4,1,7.44
101078,CUST_SVC,10,1,11,1,5,5,16,5,1,10.73
101012,REMITTANCE,10,1,19,1,6,4,16,4,1,19.76
101012,CREDIT_CARD,12,1,12,1,1,7,11,2,1,0.96
101033,CUST_SVC,10,0,4,1,8,6,9,2,1,8.97
101056,LOAN,30,1,1,1,10,6,15,1,1,56.16
101012,BIZ_BANK,18,1,24,1,7,4,11,1,1,52.87
101045,DEPOSIT,6,1,5,1,8,4,9,1,1,20.32
101056,CREDIT_CARD,12,1,2,1,1,3,12,1,0,5.41
101045,INSURANCE,20,0,27,0,6,4,10,4,1,30.9
101045,CREDIT_CARD,12,1,3,1,5,4,12,5,0,15.67
101045,BIZ_BANK,18,1,7,1,3,4,11,5,1,11.15
101056,DEPOSIT,6,1,5,1,7,6,15,1,1,11.32
101056,CUST_SVC,10,1,6,1,10,7,9,1,1,21.78
101056,CREDIT_CARD,12,1,6,1,5,7,15,4,1,9.16
101033,INVEST,22,1,14,1,5,7,10,4,1,8.93
101033,ATM_CDM,8,1,33,1,9,4,10,1,1,22.4
101033,BIZ_BANK,18,0,23,1,5,8,10,5,1,9.32
101033,ACC_OPEN,25,0,27,1,10,4,14,5,1,56.64
101056,BIZ_BANK,18,1,34,1,11,5,15,5,1,81.42
101012,DEPOSIT,6,0,10,1,5,8,14,2,1,4.92
101045,LOAN,30,0,8,1,1,5,14,3,1,6.58
101045,DEPOSIT,6,1,10,1,9,4,14,1,1,8.59
101033,ATM_CDM,8,0,9,1,4,4,11,4,1,11.02
101012,ATM_CDM,8,1,37,1,10,2,13,3,0,25.72
101045,CREDIT_CARD,12,1,1,1,2,2,12,5,0,15.6
101056,CREDIT_CARD,12,1,2,1,0,5,11,3,1,1.27
101078,LOAN,30,1,20,1,4,7,9,1,1,23.15
101056,DEPOSIT,6,0,1,1,10,7,11,5,1,6.15
101045,LOAN,30,1,25,1,11,6,15,2,1,81.23
101012,LOAN,30,1,22,1,13,6,10,1,1,90.0
101012,DEPOSIT,6,1,16,1,10,4,14,4,1,16.19
101012,CUST_SVC,10,0,19,1,7,4,14,5,1,12.59
101045,ACC_OPEN,25,0,9,1,1,4,13,3,0,5.59
101078,BIZ_BANK,18,1,1,1,9,4,15,3,1,61.84
101056,INVEST,22,1,7,1,8,8,14,5,1,30.42
101056,CREDIT_CARD,12,0,30,1,9,5,10,3,1,22.97
101045,ONLINE_SUP,12,1,5,1,2,3,16,2,1,10.14
101012,CUST_SVC,10,1,12,1,7,3,12,2,0,34.65
101012,DEPOSIT,6,1,4,1,8,5,14,2,1,11.05
101012,CUST_SVC,10,1,28,1,10,4,15,5,1,37.85
101056,FIXED_DEP,15,1,6,1,6,3,12,3,0,25.41
101078,CUST_SVC,10,1,22,1,12,4,16,1,1,39.23
101078,INVEST,22,1,13,1,2,6,10,4,1,9.28
101078,BIZ_BANK,18,1,21,1,5,4,13,5,0,16.12
101045,CREDIT_CARD,12,0,1,1,4,4,11,3,1,20.75
101078,ONLINE_SUP,12,1,16,1,11,8,14,5,1,12.68
101045,FIXED_DEP,15,1,10,1,7,5,14,4,1,29.57
101078,BIZ_BANK,18,1,14,1,9,5,15,5,1,36.76
101045,CREDIT_CARD,12,1,25,1,11,5,15,1,1,33.19
101056,ATM_CDM,8,1,22,1,6,5,9,2,1,12.74
101012,ONLINE_SUP,12,1,14,1,17,6,10,1,1,56.7
101056,INSURANCE,20,1,6,1,4,2,12,2,0,31.03
101045,REMITTANCE,10,1,10,1,9,4,14,3,1,28.88
101033,CUST_SVC,10,1,22,1,6,7,15,4,1,9.45
101012,DEPOSIT,6,1,23,1,6,2,12,5,0,23.21
101012,CUST_SVC,10,1,5,1,6,3,12,1,0,19.41
101056,INVEST,22,1,46,1,16,4,9,5,1,85.56
101056,LOAN,30,1,18,1,3,5,11,2,1,15.27
101078,CREDIT_CARD,12,1,1,1,5,7,15,2,1,8.21
101012,DEPOSIT,6,1,32,1,8,7,11,1,1,10.66
101078,DEPOSIT,6,0,8,1,11,3,13,5,0,23.22
101056,DEPOSIT,6,1,5,1,9,6,15,1,1,16.13
101033,DEPOSIT,6,0,22,0,6,4,14,5,1,6.9
101012,DEPOSIT,6,1,21,1,8,4,14,3,1,9.04
101056,LOAN,30,1,27,1,6,8,11,1,1,40.9
101033,REMITTANCE,10,1,27,1,6,4,9,3,1,20.59
101012,REMITTANCE,10,1,22,1,10,6,16,5,1,17.38
101012,CUST_SVC,10,1,24,1,8,5,14,1,1,19.61
101056,ONLINE_SUP,12,1,21,1,6,5,16,4,1,11.35
101078,INSURANCE,20,1,12,1,7,6,11,4,1,30.23
101078,ACC_OPEN,25,1,19,1,7,4,15,5,1,36.96
101078,INVEST,22,1,6,1,4,4,14,3,1,26.84
101056,INSURANCE,20,1,4,1,6,5,14,3,1,29.39
101033,ACC_OPEN,25,1,30,1,10,6,15,3,1,22.97
101045,WITHDRAW,5,0,37,1,10,7,14,2,1,9.11
101033,DEPOSIT,6,1,5,1,2,4,13,4,0,2.39
101012,REMITTANCE,10,1,19,1,7,4,14,5,1,22.58
101012,WITHDRAW,5,1,9,1,7,6,15,4,1,5.28
101078,ACC_OPEN,25,1,6,1,9,4,14,3,1,82.26
101033,INSURANCE,20,1,9,1,6,5,10,2,1,31.51
101012,BIZ_BANK,18,1,40,1,12,8,14,2,1,20.29
101056,CUST_SVC,10,1,24,1,8,6,10,5,1,18.35
101033,FIXED_DEP,15,1,23,1,6,5,16,3,1,12.96
101012,BIZ_BANK,18,1,27,1,7,3,13,4,0,39.61
101078,ATM_CDM,8,0,12,0,5,5,14,2,1,10.51
101056,ATM_CDM,8,1,19,1,4,3,12,1,0,11.04
101012,INSURANCE,20,1,17,1,9,7,16,2,1,34.75
101033,ATM_CDM,8,0,2,1,7,6,9,3,1,6.11
101056,INSURANCE,20,1,23,1,7,6,15,2,1,22.86
101033,INVEST,22,1,15,1,10,5,11,3,1,41.83
101012,ACC_OPEN,25,1,12,1,9,6,15,2,1,41.43
101012,ATM_CDM,8,1,26,1,7,5,15,2,1,14.83
101012,ONLINE_SUP,12,1,3,1,8,4,15,4,1,45.76
101056,ACC_OPEN,25,1,9,1,3,3,13,1,0,22.94
101045,DEPOSIT,6,1,29,1,8,6,9,2,1,10.03
101012,CUST_SVC,10,0,10,1,4,6,11,3,1,9.54
101056,BIZ_BANK,18,1,9,1,6,4,14,4,1,33.09
101078,CUST_SVC,10,0,3,1,8,6,9,2,1,17.71
101012,LOAN,30,1,20,1,8,4,15,3,1,75.91
101045,DEPOSIT,6,1,10,1,2,4,11,2,1,2.94
101056,INVEST,22,1,9,1,7,5,10,4,1,29.09
101012,CUST_SVC,10,0,22,1,6,5,9,5,1,14.4
101012,DEPOSIT,6,1,27,1,6,5,11,3,1,9.87
101056,REMITTANCE,10,1,40,1,11,5,15,2,1,29.25
101078,CUST_SVC,10,1,31,1,9,6,11,5,1,27.38
101033,ATM_CDM,8,1,17,1,4,2,12,5,0,12.44
101078,CREDIT_CARD,12,1,36,1,11,6,9,5,1,19.31
101078,CREDIT_CARD,12,1,12,1,3,5,15,2,1,12.22
101045,LOAN,30,1,24,1,5,3,13,3,0,64.42
101078,INVEST,22,0,11,1,3,4,15,4,1,11.81
101078,CREDIT_CARD,12,1,10,1,7,5,9,3,1,22.54
101078,DEPOSIT,6,1,20,1,7,3,16,3,1,15.2
101056,CREDIT_CARD,12,1,5,1,7,4,10,5,1,26.54
101012,ATM_CDM,8,1,28,1,15,7,10,5,1,15.71
101078,CREDIT_CARD,12,1,1,1,6,6,15,1,1,20.06
101056,BIZ_BANK,18,1,5,1,4,5,15,3,1,13.02
101012,DEPOSIT,6,1,5,1,3,4,11,4,1,7.1
101078,CUST_SVC,10,0,7,1,4,6,16,3,1,4.98
101056,ATM_CDM,8,1,28,1,12,6,9,5,1,17.36
101012,ACC_OPEN,25,1,32,1,9,6,15,2,1,43.14
101056,DEPOSIT,6,1,6,1,9,8,14,5,1,10.21
101012,ATM_CDM,8,1,12,1,19,5,10,1,1,31.17
101045,BIZ_BANK,18,1,27,1,8,5,9,1,1,51.65
101012,CREDIT_CARD,12,1,30,1,8,4,15,1,1,42.82
101056,ATM_CDM,8,0,14,1,8,4,16,1,1,13.53
101078,DEPOSIT,6,1,6,1,4,7,14,1,1,3.83
101012,ACC_OPEN,25,1,11,1,9,6,10,3,1,41.88
101056,CREDIT_CARD,12,0,3,1,13,6,9,4,1,16.58
101056,ACC_OPEN,25,1,7,1,7,4,16,2,1,56.88
101078,CUST_SVC,10,0,16,0,6,5,15,2,1,10.98
101078,REMITTANCE,10,1,6,1,6,5,10,2,1,12.19
101012,DEPOSIT,6,0,18,1,14,8,15,2,1,7.71
101045,DEPOSIT,6,1,13,1,6,7,11,2,1,6.0
101078,ACC_OPEN,25,1,16,1,5,6,15,1,1,22.78
101045,ATM_CDM,8,1,18,1,4,5,15,2,1,7.05
101045,ACC_OPEN,25,1,26,1,6,5,14,5,1,24.74
101056,DEPOSIT,6,0,11,1,3,3,16,4,1,3.32
101012,CREDIT_CARD,12,0,48,1,14,7,14,1,1,31.31
101078,INSURANCE,20,1,35,1,9,6,15,3,1,48.61
101033,LOAN,30,1,18,1,3,4,13,5,0,23.84
101012,ACC_OPEN,25,1,16,1,5,3,16,2,1,34.81
101012,ACC_OPEN,25,1,5,1,1,3,13,4,0,5.37
101045,ACC_OPEN,25,1,13,1,5,4,14,1,1,46.86
101045,INSURANCE,20,1,25,1,8,7,10,5,1,22.26
101012,FIXED_DEP,15,1,20,1,14,4,15,1,1,49.54
101012,ATM_CDM,8,1,32,1,14,6,15,1,1,26.26
101056,INSURANCE,20,1,33,1,10,2,13,1,0,88.63
101045,INVEST,22,0,26,1,6,6,10,1,1,17.16
101045,CUST_SVC,10,1,10,1,8,8,10,1,1,17.24
101056,BIZ_BANK,18,0,11,0,4,3,16,3,1,29.32
101012,REMITTANCE,10,0,31,1,9,7,15,5,1,13.33
101056,CUST_SVC,10,1,17,1,5,2,12,1,0,21.65
101033,CUST_SVC,10,0,21,1,4,2,13,3,0,17.0
101012,LOAN,30,1,18,1,4,5,9,2,1,39.0
101033,DEPOSIT,6,1,6,1,3,5,9,2,1,4.0
101033,ATM_CDM,8,1,16,1,4,6,16,5,1,4.17
101012,LOAN,30,0,29,1,10,6,15,4,1,50.67
101012,DEPOSIT,6,1,5,1,8,4,11,3,1,15.99
101033,CREDIT_CARD,12,0,17,0,3,3,13,3,0,9.65
101033,ONLINE_SUP,12,1,2,1,10,5,16,2,1,29.05
101045,DEPOSIT,6,1,19,1,6,6,9,5,1,9.05
101012,CREDIT_CARD,12,1,26,1,7,7,9,5,1,10.23
101012,CREDIT_CARD,12,1,1,1,7,5,10,3,1,11.51
101045,LOAN,30,1,8,1,5,5,15,3,1,32.04
101033,CREDIT_CARD,12,1,6,1,5,5,10,4,1,12.48
101033,CREDIT_CARD,12,1,17,1,7,6,10,3,1,21.17
101033,DEPOSIT,6,1,22,1,7,4,14,2,1,13.41
101056,ACC_OPEN,25,1,6,1,1,3,13,4,0,9.74
101056,DEPOSIT,6,1,12,1,1,4,12,4,0,2.58
101056,CUST_SVC,10,1,15,1,4,6,11,4,1,9.29
101056,REMITTANCE,10,1,22,1,11,6,14,5,1,12.93
101012,INVEST,22,1,33,1,11,7,10,1,1,52.32
101078,REMITTANCE,10,1,32,1,8,4,11,4,1,28.15
101045,CREDIT_CARD,12,1,5,1,5,6,9,1,1,13.09
101033,BIZ_BANK,18,0,23,1,5,3,13,4,0,29.93
101012,CUST_SVC,10,1,9,1,11,4,14,5,1,16.82
101033,ACC_OPEN,25,0,11,1,7,7,16,2,1,29.97
101056,ATM_CDM,8,1,9,1,9,6,10,5,1,18.11
101078,INSURANCE,20,1,2,1,5,5,15,3,1,8.95
101012,ACC_OPEN,25,1,42,1,12,6,15,5,1,28.04
101056,DEPOSIT,6,1,10,1,8,5,9,1,1,9.2
101078,CUST_SVC,10,1,8,1,2,4,13,4,0,3.51
101012,CUST_SVC,10,1,36,1,11,6,14,4,1,30.79
101033,CUST_SVC,10,0,30,0,9,4,15,1,1,25.96
101078,ATM_CDM,8,1,8,1,6,8,10,1,1,6.07
101056,WITHDRAW,5,0,25,1,7,5,16,5,1,5.2
101078,CUST_SVC,10,0,8,1,3,3,12,4,0,9.7
101056,ATM_CDM,8,1,51,1,18,6,11,1,1,19.5
101056,DEPOSIT,6,1,17,1,3,2,12,1,0,11.34
101056,CUST_SVC,10,0,18,1,4,4,16,1,1,7.97
101033,ONLINE_SUP,12,1,2,1,7,6,10,3,1,15.24
101012,DEPOSIT,6,1,9,1,6,5,11,2,1,9.54
101033,CREDIT_CARD,12,1,19,1,8,5,10,2,1,23.12
101056,BIZ_BANK,18,1,16,1,5,4,12,3,0,28.86
101078,CUST_SVC,10,0,4,0,6,4,14,3,1,16.09
101056,ATM_CDM,8,1,14,1,7,6,16,5,1,15.05
101012,INSURANCE,20,1,11,1,8,5,14,4,1,43.18
101078,CREDIT_CARD,12,1,46,1,13,5,10,2,1,25.15
101012,ACC_OPEN,25,1,21,1,4,2,12,2,0,62.71
101078,CUST_SVC,10,1,6,1,3,6,14,1,1,3.91
101045,CUST_SVC,10,1,11,1,4,2,13,3,0,13.59
101078,ATM_CDM,8,1,6,1,2,4,13,1,0,3.57
101012,REMITTANCE,10,1,20,1,9,3,16,2,1,36.23
101033,CUST_SVC,10,1,22,1,7,6,9,2,1,15.5
101012,CUST_SVC,10,0,51,1,14,6,9,1,1,20.96
101033,ONLINE_SUP,12,1,7,1,4,3,12,4,0,21.5
101012,ATM_CDM,8,0,20,1,7,5,10,2,1,10.63
101045,FIXED_DEP,15,1,6,1,4,6,14,5,1,13.63
101045,ACC_OPEN,25,0,24,1,8,6,10,1,1,57.95
101056,INVEST,22,1,9,1,8,5,15,2,1,39.76
101045,CUST_SVC,10,1,22,1,5,4,14,4,1,13.64
101033,CREDIT_CARD,12,1,15,1,8,8,14,2,1,10.5
101078,ACC_OPEN,25,0,16,1,8,7,11,5,1,37.54
101012,DEPOSIT,6,1,24,1,9,5,10,3,1,22.69
101078,LOAN,30,1,29,1,7,3,16,4,1,78.44
101012,DEPOSIT,6,1,30,1,7,4,11,3,1,12.37
101056,REMITTANCE,10,1,24,1,6,3,16,1,1,21.17
101078,ACC_OPEN,25,1,14,1,7,5,11,3,1,53.46
101056,DEPOSIT,6,0,28,0,11,6,10,2,1,9.78
101056,ACC_OPEN,25,1,10,1,6,6,14,3,1,36.49
101033,INVEST,22,0,14,1,4,4,14,2,1,23.01
101033,INVEST,22,1,11,1,3,4,9,4,1,14.92
101078,REMITTANCE,10,1,1,1,2,2,12,4,0,14.81
101033,BIZ_BANK,18,1,5,1,5,6,14,1,1,26.54
101045,CUST_SVC,10,0,16,1,8,4,16,5,1,30.39
101033,BIZ_BANK,18,0,15,1,3,2,12,4,0,39.01
101056,ATM_CDM,8,0,46,0,13,6,10,5,1,25.27
101045,LOAN,30,1,11,1,8,6,10,1,1,71.64
101033,ACC_OPEN,25,1,28,1,7,4,11,2,1,48.02
101045,DEPOSIT,6,1,7,1,5,7,9,1,1,4.67
101056,DEPOSIT,6,0,6,1,8,4,13,1,0,14.48
101033,CUST_SVC,10,1,28,1,7,4,15,1,1,22.51
101012,CUST_SVC,10,1,28,1,10,4,9,4,1,18.24
101056,CUST_SVC,10,0,23,1,10,8,9,2,1,11.48
101045,ATM_CDM,8,1,5,1,1,5,9,2,1,0.98
101056,INVEST,22,1,36,1,13,4,10,5,1,90.0
101012,DEPOSIT,6,1,21,1,13,6,10,5,1,18.37
101045,BIZ_BANK,18,1,9,1,7,5,15,1,1,39.41
101056,REMITTANCE,10,0,2,0,7,8,9,2,1,9.89
101056,CREDIT_CARD,12,0,36,1,14,8,15,5,1,34.21
101033,DEPOSIT,6,1,10,1,7,6,14,1,1,6.32
101012,WITHDRAW,5,0,30,1,8,4,11,3,1,7.26
101045,LOAN,30,1,4,1,10,8,10,1,1,68.42
101045,DEPOSIT,6,0,1,1,10,4,10,1,1,6.5
101012,BIZ_BANK,18,0,13,1,10,6,15,4,1,33.54
101012,BIZ_BANK,18,1,26,1,6,6,9,3,1,22.0
101012,WITHDRAW,5,0,15,0,8,3,16,1,1,17.65
101078,CUST_SVC,10,1,16,1,7,4,11,2,1,20.76
101033,ACC_OPEN,25,1,10,1,5,3,16,2,1,49.89
101045,REMITTANCE,10,1,22,1,8,4,15,1,1,20.05
101056,CUST_SVC,10,0,3,1,5,4,13,2,0,11.34
101012,BIZ_BANK,18,1,41,1,15,2,13,1,0,90.0
101078,CUST_SVC,10,0,15,1,3,8,11,3,1,6.79
101045,BIZ_BANK,18,1,22,1,8,5,10,3,1,43.75
101045,CUST_SVC,10,1,17,1,3,2,13,1,0,19.71
101078,ATM_CDM,8,1,22,1,7,7,10,1,1,7.33
101045,CREDIT_CARD,12,1,1,1,0,4,13,2,0,1.88
101012,INVEST,22,0,9,0,7,6,9,4,1,38.99
101078,DEPOSIT,6,1,17,1,3,6,15,4,1,4.03
101045,FIXED_DEP,15,1,15,1,3,5,15,3,1,16.7
101056,CUST_SVC,10,1,9,1,8,6,9,5,1,13.94
101045,CUST_SVC,10,1,17,1,5,4,12,5,0,10.48
101012,DEPOSIT,6,0,17,1,6,4,15,1,1,7.52
101033,CREDIT_CARD,12,0,3,1,7,6,10,3,1,12.03
101012,INSURANCE,20,1,1,1,8,8,11,3,1,34.09
101033,CREDIT_CARD,12,0,22,0,5,7,11,5,1,13.49
101056,CUST_SVC,10,0,16,1,3,2,12,1,0,11.53
101078,INSURANCE,20,1,5,1,5,4,13,1,0,33.8
101033,ONLINE_SUP,12,1,34,1,10,4,11,4,1,54.46
101045,ATM_CDM,8,1,6,1,6,4,10,5,1,9.35
101012,CREDIT_CARD,12,0,26,1,9,6,9,2,1,12.76
101033,REMITTANCE,10,1,20,1,5,3,12,4,0,18.31
101045,CUST_SVC,10,1,20,1,5,2,13,5,0,21.16
101033,REMITTANCE,10,1,11,1,8,7,14,5,1,11.37
101045,CUST_SVC,10,1,10,1,4,6,16,5,1,6.57
101033,CUST_SVC,10,1,31,1,13,5,15,1,1,32.37
101078,CREDIT_CARD,12,1,3,1,8,4,11,1,1,26.1
101045,CUST_SVC,10,0,4,1,6,4,16,2,1,11.76
101045,FIXED_DEP,15,1,26,1,8,6,9,2,1,15.05
101012,CUST_SVC,10,1,16,1,10,4,15,2,1,17.53
101045,LOAN,30,0,3,1,8,6,14,1,1,28.62
101078,INSURANCE,20,1,28,1,7,7,10,4,1,35.21
101033,ONLINE_SUP,12,1,14,1,2,5,15,4,1,7.07
101012,ACC_OPEN,25,1,6,1,6,2,13,2,0,37.91
101056,CREDIT_CARD,12,1,11,1,11,7,15,1,1,14.26
101033,DEPOSIT,6,1,4,1,10,4,11,3,1,26.83
101078,CREDIT_CARD,12,1,11,1,2,4,14,1,1,11.18
101033,REMITTANCE,10,1,44,1,13,8,15,1,1,21.91
101012,BIZ_BANK,18,1,29,1,11,6,14,5,1,60.29
101056,ATM_CDM,8,0,30,1,10,4,10,4,1,33.49
101033,ONLINE_SUP,12,1,22,1,8,2,13,1,0,58.69
101012,ACC_OPEN,25,1,21,1,8,4,11,5,1,60.51
101056,ATM_CDM,8,0,18,1,8,6,9,5,1,8.14
101056,CREDIT_CARD,12,1,19,1,12,6,11,5,1,17.87
101045,CREDIT_CARD,12,0,6,1,6,6,11,2,1,15.11
101012,DEPOSIT,6,1,17,1,5,7,15,3,1,2.17
101033,CUST_SVC,10,1,9,1,5,2,12,1,0,34.37
101045,BIZ_BANK,18,1,5,1,2,2,12,5,0,12.42
101045,ATM_CDM,8,0,44,1,12,5,14,5,1,11.33
101033,REMITTANCE,10,1,18,1,4,7,15,4,1,4.77
101056,DEPOSIT,6,0,2,1,7,4,15,3,1,10.16
101056,BIZ_BANK,18,0,14,1,3,5,11,5,1,6.87
101012,ATM_CDM,8,1,29,1,10,4,14,5,1,16.38
101033,DEPOSIT,6,1,12,1,5,4,14,4,1,3.56
101056,REMITTANCE,10,0,7,1,4,2,13,4,0,6.86
101056,FIXED_DEP,15,1,27,1,6,4,14,4,1,28.65
101056,DEPOSIT,6,0,24,1,6,6,11,2,1,1.2
101045,REMITTANCE,10,0,21,1,6,4,16,2,1,9.11
101045,BIZ_BANK,18,1,8,1,4,7,10,2,1,12.26
101078,CREDIT_CARD,12,1,17,1,4,4,12,5,0,13.09
101012,DEPOSIT,6,1,15,1,9,4,11,3,1,14.49
101078,ACC_OPEN,25,0,3,1,3,6,9,2,1,15.16
101045,DEPOSIT,6,0,22,0,5,6,11,1,1,5.85
101045,BIZ_BANK,18,1,4,1,3,2,13,3,0,37.17
101056,ONLINE_SUP,12,1,5,1,4,4,12,3,0,23.65
101056,DEPOSIT,6,1,3,1,0,5,15,3,1,0.31
101033,CREDIT_CARD,12,1,11,1,13,4,14,1,1,42.8
101033,LOAN,30,0,12,1,1,3,13,1,0,6.28
101056,BIZ_BANK,18,1,17,1,10,6,15,5,1,24.19
101045,INSURANCE,20,1,19,1,6,5,14,3,1,31.83
101033,ATM_CDM,8,0,13,0,3,2,13,1,0,16.48
101012,INVEST,22,1,35,1,12,7,11,3,1,40.2
101012,ATM_CDM,8,1,28,1,7,4,11,2,1,25.95
101033,INVEST,22,1,14,1,10,4,11,1,1,67.24
101033,INSURANCE,20,1,17,1,6,7,14,5,1,19.89
101045,DEPOSIT,6,1,26,1,8,5,15,3,1,10.7
101045,ACC_OPEN,25,0,4,1,4,4,9,2,1,19.93
101078,ATM_CDM,8,1,25,1,11,4,10,5,1,28.09
101033,DEPOSIT,6,1,24,1,6,4,9,5,1,9.28
101012,ATM_CDM,8,0,26,1,8,5,16,3,1,8.54
101056,ACC_OPEN,25,1,22,1,9,5,15,3,1,61.01
101033,REMITTANCE,10,0,25,1,6,6,14,2,1,4.22
101033,BIZ_BANK,18,1,23,1,8,4,9,3,1,49.57
101012,INSURANCE,20,1,9,1,2,3,13,2,0,14.07
101012,REMITTANCE,10,1,32,1,13,4,10,1,1,39.14
101033,ACC_OPEN,25,0,23,1,5,4,16,5,1,23.57
101033,CREDIT_CARD,12,1,9,1,3,5,9,2,1,8.69
101045,FIXED_DEP,15,1,15,1,6,6,9,3,1,13.45
101056,BIZ_BANK,18,1,1,1,3,6,9,2,1,8.92
101033,WITHDRAW,5,0,9,0,5,6,14,5,1,5.28
101056,CUST_SVC,10,1,29,1,14,6,15,1,1,32.86
101033,INVEST,22,1,19,1,6,4,15,2,1,40.13
101033,LOAN,30,1,8,1,1,2,12,2,0,20.42
101033,INSURANCE,20,1,17,1,5,4,16,3,1,36.77
101056,CUST_SVC,10,0,9,1,4,4,14,1,1,7.99
101056,DEPOSIT,6,1,10,1,10,7,10,3,1,10.69
101033,INSURANCE,20,0,14,1,7,6,9,5,1,20.66
101012,ATM_CDM,8,1,48,1,15,4,10,1,1,46.61
101078,ATM_CDM,8,1,11,1,6,4,14,4,1,13.93
101012,ONLINE_SUP,12,1,8,1,4,5,15,3,1,11.57
101033,WITHDRAW,5,1,3,1,6,2,12,1,0,10.89
101078,DEPOSIT,6,1,6,1,1,8,9,5,1,0.0
101056,CUST_SVC,10,1,32,1,8,3,13,1,0,23.15
101078,ACC_OPEN,25,1,12,1,5,4,13,5,0,51.49
101033,CUST_SVC,10,1,14,1,4,5,15,1,1,8.22
101045,INSURANCE,20,0,23,1,10,7,14,5,1,33.48
101056,CUST_SVC,10,1,28,1,9,7,9,4,1,15.69
101056,WITHDRAW,5,0,23,1,6,3,16,5,1,7.97
101012,LOAN,30,1,9,1,3,3,12,2,0,19.77
101078,DEPOSIT,6,1,9,1,5,4,11,1,1,5.18
101012,BIZ_BANK,18,1,3,1,4,5,14,1,1,17.04
101012,FIXED_DEP,15,1,20,1,15,6,15,2,1,53.19
101078,DEPOSIT,6,1,14,1,6,5,16,5,1,8.25
101033,DEPOSIT,6,0,7,1,8,4,15,3,1,5.94
101045,DEPOSIT,6,1,21,1,10,4,15,5,1,20.75
101078,INVEST,22,1,15,1,11,6,9,4,1,38.24
101012,FIXED_DEP,15,0,29,1,15,4,11,1,1,17.25
101012,CREDIT_CARD,12,0,8,1,5,3,13,2,0,20.2
101033,ACC_OPEN,25,0,10,1,5,3,13,2,0,40.83
101078,BIZ_BANK,18,0,13,0,4,6,15,3,1,14.06
101056,CREDIT_CARD,12,1,21,1,7,2,13,2,0,63.58
101033,ATM_CDM,8,1,10,1,4,4,12,3,0,7.61
101045,ACC_OPEN,25,0,42,0,13,4,16,1,1,87.55
101012,INVEST,22,0,1,1,15,4,15,1,1,66.01
101078,REMITTANCE,10,1,17,1,6,8,15,3,1,3.59
101012,CUST_SVC,10,1,11,1,5,2,12,4,0,16.55
101056,BIZ_BANK,18,1,9,1,3,2,12,4,0,26.31
101012,CREDIT_CARD,12,1,35,1,11,7,15,1,1,26.16
101078,CUST_SVC,10,1,31,1,13,7,9,5,1,24.54
101045,ACC_OPEN,25,1,4,1,4,4,13,5,0,21.0
101012,INSURANCE,20,1,30,1,9,6,10,3,1,25.61
101045,REMITTANCE,10,1,15,1,4,7,10,5,1,9.66
101056,WITHDRAW,5,1,32,1,8,7,9,4,1,8.88
101033,ONLINE_SUP,12,0,8,1,14,5,15,1,1,33.87
101056,CUST_SVC,10,1,2,1,12,7,9,5,1,28.13
101012,DEPOSIT,6,1,3,1,13,4,15,1,1,21.87
101033,ONLINE_SUP,12,1,2,1,2,4,9,1,1,9.02
101012,LOAN,30,1,36,1,16,5,15,5,1,90.0
101033,BIZ_BANK,18,0,6,1,3,8,10,2,1,6.46
101056,CUST_SVC,10,1,35,1,11,5,10,3,1,36.21
101078,CREDIT_CARD,12,0,15,1,4,4,15,2,1,16.7
101012,CUST_SVC,10,0,27,1,10,5,16,4,1,17.96
101033,BIZ_BANK,18,1,15,1,7,8,11,1,1,18.23
101078,FIXED_DEP,15,0,5,1,7,5,11,5,1,17.55
101045,CUST_SVC,10,1,1,1,6,7,9,2,1,14.37
101056,ACC_OPEN,25,1,6,1,5,5,14,4,1,40.45
101078,BIZ_BANK,18,1,25,1,8,3,16,5,1,66.78
101012,DEPOSIT,6,1,13,1,8,5,14,5,1,12.87
101012,ONLINE_SUP,12,1,31,1,10,5,10,4,1,26.18
101045,ACC_OPEN,25,0,9,1,1,6,14,3,1,5.07
101012,ONLINE_SUP,12,1,5,1,5,4,11,2,1,15.12
101045,DEPOSIT,6,0,7,1,3,6,14,3,1,5.17
101078,BIZ_BANK,18,1,24,1,5,4,10,4,1,32.03
101045,INVEST,22,1,13,1,9,7,11,4,1,35.7
101045,LOAN,30,1,2,1,6,4,14,4,1,50.87
101012,LOAN,30,0,29,0,7,4,12,5,0,54.04
101012,ACC_OPEN,25,1,33,1,10,6,11,1,1,57.13
101078,CREDIT_CARD,12,1,11,1,5,6,11,2,1,5.14
101078,REMITTANCE,10,0,12,0,3,5,9,5,1,8.44
101056,ATM_CDM,8,0,19,1,6,3,13,5,0,15.06
101033,ACC_OPEN,25,1,27,1,7,6,14,4,1,30.93
101033,DEPOSIT,6,1,26,1,9,4,10,5,1,14.43
101033,DEPOSIT,6,1,7,1,7,2,13,1,0,12.73
101033,ATM_CDM,8,1,3,1,7,4,14,5,1,12.56
101078,INSURANCE,20,1,9,1,6,7,9,3,1,11.38
101056,CUST_SVC,10,1,4,1,9,8,10,2,1,18.9
101078,DEPOSIT,6,0,1,1,11,6,10,1,1,17.72
101012,INSURANCE,20,1,22,1,7,5,9,2,1,31.3
101033,REMITTANCE,10,0,1,1,3,3,13,5,0,5.86
101056,WITHDRAW,5,1,9,1,5,8,9,2,1,2.71
101045,ACC_OPEN,25,1,2,1,8,5,11,2,1,37.34
101056,FIXED_DEP,15,0,20,1,5,4,10,5,1,20.18
101045,REMITTANCE,10,1,13,1,8,5,9,3,1,21.92
101033,ACC_OPEN,25,0,43,1,13,6,15,3,1,55.94
101045,DEPOSIT,6,1,3,1,7,2,12,1,0,15.37
101012,LOAN,30,1,21,1,15,6,16,1,1,90.0
101078,BIZ_BANK,18,1,29,1,8,7,15,4,1,30.23
101078,DEPOSIT,6,0,3,1,5,5,14,1,1,6.83
101012,ATM_CDM,8,0,13,1,3,6,15,5,1,2.94
101045,ATM_CDM,8,0,9,1,5,6,11,1,1,10.27
101056,DEPOSIT,6,1,24,1,5,5,15,2,1,6.73
101012,DEPOSIT,6,1,12,1,5,4,16,3,1,7.51
101056,CUST_SVC,10,0,8,1,8,3,13,5,0,25.65
101045,ATM_CDM,8,1,8,1,0,4,12,3,0,1.52
101078,INSURANCE,20,0,2,1,4,5,16,3,1,15.27
101033,BIZ_BANK,18,1,9,1,4,5,9,5,1,18.72
101033,BIZ_BANK,18,1,26,1,6,5,14,3,1,26.7
101045,ATM_CDM,8,1,6,1,5,6,15,3,1,5.62
101033,DEPOSIT,6,1,6,1,1,4,16,2,1,2.63
101033,REMITTANCE,10,1,27,1,11,6,10,5,1,19.57
101033,CREDIT_CARD,12,0,18,0,9,7,15,5,1,11.3
101045,FIXED_DEP,15,1,16,1,4,5,16,4,1,19.92
101056,BIZ_BANK,18,1,25,1,7,5,16,4,1,20.0
101012,ATM_CDM,8,1,24,1,5,4,13,3,0,8.46
101033,ATM_CDM,8,1,8,1,5,7,15,4,1,11.36
101033,DEPOSIT,6,1,24,1,5,3,16,5,1,6.7
101045,CUST_SVC,10,1,6,1,2,2,12,2,0,9.72
101012,CUST_SVC,10,1,12,1,3,3,13,3,0,11.85
101078,LOAN,30,1,29,1,9,6,16,2,1,63.48
101056,CREDIT_CARD,12,0,11,1,3,6,9,4,1,6.1
101033,WITHDRAW,5,1,15,1,7,4,13,2,0,7.13
101056,DEPOSIT,6,1,21,1,8,3,16,1,1,14.28
101012,FIXED_DEP,15,1,26,1,7,3,16,1,1,37.47
101045,INVEST,22,1,17,1,3,6,9,4,1,12.06
101033,ATM_CDM,8,1,24,1,8,6,11,4,1,13.91
101056,ONLINE_SUP,12,1,24,1,5,4,14,3,1,16.81
101056,BIZ_BANK,18,1,52,1,19,7,10,5,1,59.87
101056,BIZ_BANK,18,1,15,1,7,4,9,5,1,30.38
101012,DEPOSIT,6,1,22,1,12,5,10,5,1,25.03
101056,ATM_CDM,8,0,4,1,8,4,16,1,1,14.36
101078,LOAN,30,0,29,1,11,3,16,1,1,90.0
101078,BIZ_BANK,18,1,20,1,6,4,12,3,0,24.74
101045,REMITTANCE,10,1,22,1,5,6,16,1,1,7.94
101033,REMITTANCE,10,1,8,1,12,4,15,5,1,44.01
101012,ONLINE_SUP,12,1,8,1,3,3,13,4,0,15.07
101078,CREDIT_CARD,12,1,10,1,7,6,10,1,1,24.38
101056,INSURANCE,20,0,2,1,11,7,10,1,1,38.88
101056,DEPOSIT,6,1,16,1,5,7,11,2,1,5.2
101012,INSURANCE,20,0,1,1,16,4,15,1,1,39.54
101056,LOAN,30,0,8,1,4,6,11,2,1,18.91
101078,ATM_CDM,8,1,14,1,5,4,12,3,0,12.47
101056,LOAN,30,1,30,1,8,5,15,5,1,58.97
101033,BIZ_BANK,18,1,2,1,4,2,13,5,0,38.96
101056,INVEST,22,0,9,1,10,4,16,2,1,50.92
101033,ONLINE_SUP,12,1,22,1,10,4,14,2,1,39.63
101045,ONLINE_SUP,12,1,30,1,10,6,10,5,1,30.95
101078,ACC_OPEN,25,1,6,1,8,6,15,5,1,37.68
101078,ATM_CDM,8,1,6,1,4,7,10,3,1,3.0
101012,CUST_SVC,10,1,4,1,3,4,12,2,0,7.7
101045,ACC_OPEN,25,0,8,1,7,7,15,5,1,31.48
101078,DEPOSIT,6,1,12,1,6,4,13,5,0,13.06
101056,CUST_SVC,10,1,10,1,7,4,16,1,1,16.01
101045,CUST_SVC,10,1,8,1,3,3,13,2,0,4.75
101056,REMITTANCE,10,0,1,0,9,4,10,3,1,29.11
101045,ATM_CDM,8,0,3,0,5,4,13,1,0,10.53
101078,CUST_SVC,10,1,1,1,4,6,15,5,1,8.22
101045,CUST_SVC,10,1,8,1,7,7,9,4,1,5.46
101056,INVEST,22,1,23,1,9,4,9,1,1,17.9
101012,ACC_OPEN,25,0,4,1,7,5,11,4,1,38.12
101033,CREDIT_CARD,12,1,3,1,2,2,13,3,0,13.09
101056,INSURANCE,20,1,30,1,7,3,12,5,0,35.16
101033,ATM_CDM,8,1,4,1,10,6,9,2,1,12.68
101045,REMITTANCE,10,0,5,1,3,2,12,3,0,11.52
101033,DEPOSIT,6,1,16,1,6,7,9,1,1,6.15
101033,ONLINE_SUP,12,1,7,1,9,5,11,5,1,22.75
101056,CREDIT_CARD,12,1,23,1,6,3,12,4,0,24.7
101012,LOAN,30,1,14,1,4,2,13,5,0,65.92
101012,ACC_OPEN,25,0,31,1,13,5,9,4,1,81.66
101056,DEPOSIT,6,0,13,1,8,5,14,5,1,12.94
101056,CUST_SVC,10,1,18,1,3,6,9,5,1,4.51
101056,CUST_SVC,10,1,47,1,13,5,15,4,1,31.95
101033,CREDIT_CARD,12,1,25,1,8,7,10,1,1,27.23
101033,ATM_CDM,8,0,25,1,7,3,13,4,0,6.98
101045,LOAN,30,1,4,1,5,8,15,1,1,24.13
101078,DEPOSIT,6,1,17,1,3,2,13,2,0,8.87
101056,FIXED_DEP,15,1,14,1,4,6,11,3,1,12.04
101056,BIZ_BANK,18,1,21,1,18,7,15,3,1,52.38
101045,ACC_OPEN,25,1,3,1,1,4,9,2,1,7.42
101078,ATM_CDM,8,1,3,1,3,2,13,2,0,13.52
101056,ATM_CDM,8,1,47,1,16,4,15,1,1,59.73
101045,ACC_OPEN,25,1,8,1,2,3,12,2,0,21.64
101012,CREDIT_CARD,12,1,7,1,9,6,15,3,1,11.56
101078,CREDIT_CARD,12,1,16,1,3,7,14,3,1,4.79
101078,DEPOSIT,6,0,26,1,7,6,15,1,1,6.81
101012,ATM_CDM,8,1,14,1,4,3,12,4,0,3.14
101033,ATM_CDM,8,0,6,1,5,2,13,3,0,20.34
101033,ATM_CDM,8,1,37,1,12,4,9,5,1,26.05
101012,DEPOSIT,6,1,19,1,9,5,10,1,1,20.37
101033,INVEST,22,1,11,1,12,5,10,5,1,49.5
101045,CUST_SVC,10,1,2,1,6,6,11,4,1,9.11
101033,CUST_SVC,10,1,48,1,14,4,15,1,1,41.77
101012,BIZ_BANK,18,1,15,1,8,5,11,2,1,23.64
101012,FIXED_DEP,15,1,33,1,10,3,13,2,0,42.97
101012,INVEST,22,0,18,1,6,4,14,3,1,38.1
101033,WITHDRAW,5,0,13,1,3,5,10,5,1,3.06
101033,CUST_SVC,10,1,11,1,12,5,10,4,1,27.95
101078,INSURANCE,20,1,30,1,10,6,11,1,1,39.91
101033,INVEST,22,0,27,0,11,8,11,5,1,31.82
101045,ACC_OPEN,25,1,16,1,4,3,12,5,0,35.4
101045,DEPOSIT,6,0,9,1,3,3,12,1,0,5.77
101033,INVEST,22,1,17,1,5,4,10,2,1,32.28
101056,INVEST,22,0,34,1,11,4,10,1,1,64.16
101078,CUST_SVC,10,1,7,1,8,4,9,1,1,24.88
101033,ATM_CDM,8,1,12,1,5,4,11,1,1,10.62
101012,ACC_OPEN,25,0,23,1,8,4,10,1,1,66.21
101012,CUST_SVC,10,1,12,1,3,4,12,2,0,4.43
101033,CUST_SVC,10,1,4,1,2,3,12,5,0,10.0
101056,REMITTANCE,10,1,20,1,8,5,16,1,1,20.45
101078,BIZ_BANK,18,0,20,1,5,5,11,2,1,18.83
101033,REMITTANCE,10,1,15,1,9,5,9,5,1,33.64
101045,LOAN,30,1,7,1,4,4,12,4,0,28.84
101078,INVEST,22,1,25,1,10,4,10,1,1,70.96
101056,INVEST,22,1,10,1,13,5,15,1,1,88.45
101012,CREDIT_CARD,12,1,8,1,5,3,16,4,1,29.9
101078,INSURANCE,20,1,10,1,7,6,16,1,1,36.81
101056,ATM_CDM,8,1,3,1,10,5,14,1,1,14.14
101056,CUST_SVC,10,1,4,1,2,6,16,3,1,3.63
101045,ACC_OPEN,25,1,3,1,5,7,9,1,1,27.67
101045,INSURANCE,20,1,9,1,7,6,15,1,1,25.82
101045,ATM_CDM,8,1,7,1,4,7,10,2,1,5.56
101033,DEPOSIT,6,0,15,1,4,3,12,1,0,10.9
101033,LOAN,30,1,18,1,3,7,14,5,1,13.79
101045,INSURANCE,20,1,5,1,4,6,14,5,1,16.86
101078,FIXED_DEP,15,1,27,1,7,4,16,1,1,27.35
101012,CUST_SVC,10,1,30,1,7,4,10,2,1,27.12
101045,INVEST,22,1,21,1,8,5,14,5,1,41.23
101033,DEPOSIT,6,1,7,1,6,4,12,4,0,3.31
101045,INSURANCE,20,1,30,1,13,6,15,1,1,50.34
101045,BIZ_BANK,18,1,8,1,2,4,14,4,1,11.57
101056,CREDIT_CARD,12,1,28,1,8,5,15,2,1,24.42
101033,INVEST,22,1,35,1,11,4,14,1,1,67.87
101078,ATM_CDM,8,0,33,1,9,5,15,4,1,16.99
101045,ACC_OPEN,25,1,21,1,5,6,9,2,1,14.96
101056,CUST_SVC,10,0,8,0,1,8,9,2,1,1.75
101045,INVEST,22,0,14,1,6,8,15,1,1,20.56
101012,CREDIT_CARD,12,1,20,1,8,5,16,3,1,20.22
101033,CREDIT_CARD,12,1,9,1,3,5,14,4,1,4.02
101056,CREDIT_CARD,12,1,22,1,8,3,16,2,1,44.29
101056,ACC_OPEN,25,0,8,1,3,3,13,4,0,18.15
101012,INVEST,22,1,12,1,10,8,10,5,1,42.61
101078,CUST_SVC,10,1,8,1,1,3,13,4,0,1.45
101033,CREDIT_CARD,12,0,4,1,2,4,12,4,0,2.85
101045,CREDIT_CARD,12,1,2,1,3,5,9,2,1,6.2
101078,LOAN,30,1,1,1,4,2,13,1,0,54.02
101078,CUST_SVC,10,1,20,1,7,3,16,1,1,16.03
101056,CUST_SVC,10,1,1,1,5,6,14,4,1,9.65
101012,ATM_CDM,8,1,10,1,4,3,12,3,0,9.21
101045,REMITTANCE,10,1,20,1,5,4,12,2,0,10.14
101078,ACC_OPEN,25,1,14,1,11,5,15,5,1,70.53
101012,CREDIT_CARD,12,1,30,1,11,4,11,2,1,40.25
101012,CUST_SVC,10,0,12,1,2,4,12,4,0,3.86
101056,DEPOSIT,6,1,38,1,10,7,10,1,1,14.78
101012,ATM_CDM,8,1,21,1,9,8,15,1,1,10.67
101045,CUST_SVC,10,1,18,1,4,3,13,2,0,10.84
101056,CREDIT_CARD,12,1,12,1,10,4,13,1,0,43.25
101012,DEPOSIT,6,1,1,1,2,6,11,3,1,2.28
101045,DEPOSIT,6,1,16,1,4,6,14,2,1,5.43
101033,ONLINE_SUP,12,0,27,1,9,6,11,4,1,27.98
101033,CREDIT_CARD,12,1,16,1,4,7,16,3,1,7.42
101045,ACC_OPEN,25,1,19,1,12,6,10,5,1,52.95
101078,REMITTANCE,10,1,16,1,5,6,11,4,1,9.17
101045,INVEST,22,1,10,1,4,5,16,3,1,29.56
101056,CUST_SVC,10,0,18,1,9,5,9,1,1,24.09
101056,CUST_SVC,10,1,17,1,3,2,12,5,0,11.84
101056,ATM_CDM,8,1,30,1,11,8,9,1,1,14.46
101078,DEPOSIT,6,0,7,1,2,6,9,2,1,3.6
101078,LOAN,30,1,6,1,9,5,15,5,1,74.75
101012,CUST_SVC,10,0,28,1,7,4,9,3,1,18.56
101056,ACC_OPEN,25,0,10,1,5,3,16,5,1,47.88
101012,ACC_OPEN,25,0,22,1,7,6,15,4,1,38.62
101012,BIZ_BANK,18,1,25,1,7,4,14,3,1,38.06
101033,DEPOSIT,6,0,13,1,8,5,16,1,1,12.86
101012,DEPOSIT,6,1,29,1,12,4,11,5,1,26.31
101012,WITHDRAW,5,1,28,1,7,4,10,2,1,13.22
101033,ACC_OPEN,25,1,19,1,5,5,11,4,1,32.58
101012,ATM_CDM,8,0,6,1,10,5,9,1,1,20.2
101078,REMITTANCE,10,1,7,1,4,6,10,2,1,10.18
101078,CREDIT_CARD,12,1,11,1,2,3,13,4,0,12.27
101078,CREDIT_CARD,12,1,9,1,8,6,9,5,1,15.73
101012,BIZ_BANK,18,0,5,1,1,4,14,2,1,3.46
101078,ACC_OPEN,25,1,26,1,8,4,16,4,1,67.35
101033,ACC_OPEN,25,1,21,1,5,7,11,3,1,14.78
101033,CREDIT_CARD,12,1,2,1,12,7,15,5,1,15.46
101056,ATM_CDM,8,1,46,1,15,6,10,5,1,29.87
101012,DEPOSIT,6,1,17,1,7,5,9,3,1,11.88
101056,FIXED_DEP,15,1,6,1,9,4,15,5,1,20.87
101056,CREDIT_CARD,12,0,24,1,7,6,15,4,1,13.86
101012,DEPOSIT,6,0,22,1,9,4,9,3,1,13.11
101078,LOAN,30,0,31,0,11,5,10,1,1,87.67
101012,INSURANCE,20,1,11,1,3,7,9,5,1,10.17
101012,REMITTANCE,10,1,5,1,10,4,15,5,1,33.58
101012,LOAN,30,1,2,1,5,4,13,3,0,34.26
101078,ATM_CDM,8,1,7,1,3,6,11,5,1,6.44
101078,CREDIT_CARD,12,1,10,1,12,6,16,1,1,35.13
101078,REMITTANCE,10,0,1,1,0,3,12,4,0,1.32
101045,ATM_CDM,8,1,10,1,6,6,9,4,1,10.81
101078,ATM_CDM,8,0,8,1,5,4,14,3,1,12.88
101056,CUST_SVC,10,1,11,1,9,5,15,2,1,12.65
101033,CUST_SVC,10,1,10,1,10,5,10,5,1,17.81
101078,ACC_OPEN,25,1,5,1,9,4,13,2,0,68.42
101012,DEPOSIT,6,1,25,1,6,2,13,2,0,20.08
101078,ACC_OPEN,25,1,9,1,11,6,9,4,1,54.86
101078,DEPOSIT,6,1,6,1,2,7,16,3,1,1.99
101045,ACC_OPEN,25,0,8,0,2,2,12,1,0,20.47
101033,CREDIT_CARD,12,1,15,1,5,6,10,1,1,12.49
101056,CUST_SVC,10,1,44,1,14,8,10,5,1,21.1
101078,FIXED_DEP,15,0,7,1,4,4,13,5,0,13.94
101012,BIZ_BANK,18,1,31,1,9,4,10,5,1,60.06
101056,CREDIT_CARD,12,0,19,0,4,3,12,1,0,13.89
101078,WITHDRAW,5,1,10,1,2,2,13,3,0,3.24
101078,DEPOSIT,6,1,12,1,7,7,9,1,1,8.36
101012,DEPOSIT,6,1,25,1,11,3,16,2,1,27.26
101012,LOAN,30,1,56,1,17,4,10,1,1,90.0
101012,CUST_SVC,10,1,61,1,18,6,10,5,1,49.23
101056,CREDIT_CARD,12,0,21,1,5,6,9,2,1,5.48
101033,ATM_CDM,8,1,29,1,9,4,11,4,1,24.48
101056,LOAN,30,1,1,1,7,5,10,2,1,48.89
101012,ACC_OPEN,25,0,1,0,6,6,14,2,1,23.94
101056,BIZ_BANK,18,1,10,1,5,7,10,3,1,15.24
101033,CREDIT_CARD,12,1,9,1,2,5,9,4,1,6.17
101033,DEPOSIT,6,1,3,1,1,4,13,5,0,2.69
101033,DEPOSIT,6,0,8,1,6,6,15,2,1,3.77
101012,CREDIT_CARD,12,1,23,1,10,6,9,2,1,21.29
101045,LOAN,30,1,25,1,7,6,11,1,1,41.61
101056,CUST_SVC,10,0,7,1,7,4,10,4,1,16.28
101078,CREDIT_CARD,12,1,4,1,7,7,15,4,1,10.33
101045,FIXED_DEP,15,1,19,1,6,2,13,2,0,34.74
101078,ACC_OPEN,25,0,1,1,3,7,15,3,1,17.37
101033,CREDIT_CARD,12,1,16,1,8,5,11,3,1,16.6
101012,DEPOSIT,6,1,24,1,7,6,11,5,1,5.41
101045,DEPOSIT,6,1,19,1,5,4,15,3,1,8.25
101012,ATM_CDM,8,1,34,1,9,6,11,2,1,20.26
101012,CREDIT_CARD,12,1,29,1,8,4,11,2,1,39.21
101045,WITHDRAW,5,0,15,0,2,5,10,4,1,1.53
101033,ACC_OPEN,25,1,7,1,8,7,9,1,1,44.62
101078,FIXED_DEP,15,0,21,1,8,5,10,2,1,19.27
101012,LOAN,30,1,38,1,11,7,10,1,1,58.27
101033,CUST_SVC,10,1,1,1,7,7,11,2,1,11.25
101033,DEPOSIT,6,1,13,1,2,4,9,4,1,4.3
101033,ONLINE_SUP,12,0,14,0,8,5,10,1,1,29.26
101045,CREDIT_CARD,12,0,9,0,7,4,14,1,1,30.01
101033,DEPOSIT,6,0,18,1,6,3,16,1,1,5.62
101056,LOAN,30,0,47,1,14,5,10,3,1,90.0
101012,INVEST,22,0,12,1,4,3,12,5,0,25.74
101012,LOAN,30,1,11,1,4,6,15,4,1,17.4
101045,DEPOSIT,6,0,6,1,1,5,16,3,1,0.6
101078,CUST_SVC,10,1,31,1,9,6,10,3,1,15.29
101012,DEPOSIT,6,1,14,1,12,4,11,2,1,25.14
101033,DEPOSIT,6,1,9,1,2,7,11,2,1,2.2
101012,DEPOSIT,6,0,38,1,11,4,15,1,1,10.72
101056,DEPOSIT,6,1,14,1,5,3,13,2,0,7.19
101056,LOAN,30,1,26,1,7,6,10,4,1,43.58
101056,ATM_CDM,8,1,19,1,8,7,16,5,1,7.5
101056,ACC_OPEN,25,1,28,1,8,6,15,5,1,42.66
101033,CUST_SVC,10,0,8,1,6,4,11,1,1,25.71
101056,INSURANCE,20,0,15,1,4,3,13,3,0,31.79
101045,LOAN,30,1,9,1,13,6,15,1,1,50.26
101045,CREDIT_CARD,12,0,7,1,6,7,10,3,1,10.25
101045,ONLINE_SUP,12,1,2,1,11,4,15,3,1,24.81
101033,ONLINE_SUP,12,1,10,1,7,6,9,3,1,17.13
101012,BIZ_BANK,18,1,21,1,6,4,11,2,1,10.98
101033,CUST_SVC,10,1,20,1,16,6,14,1,1,39.61
101012,CUST_SVC,10,1,22,1,13,4,10,3,1,27.54
101033,FIXED_DEP,15,1,30,1,7,4,10,1,1,32.7
101045,DEPOSIT,6,0,9,1,3,5,15,3,1,5.79
101045,INVEST,22,1,9,1,6,5,10,2,1,40.43
101012,DEPOSIT,6,1,15,1,13,4,15,5,1,9.73
101045,INVEST,22,0,10,1,4,6,10,1,1,8.84
101033,INSURANCE,20,0,13,1,3,4,11,2,1,10.83
101056,CREDIT_CARD,12,1,22,1,10,4,9,2,1,30.51
101045,LOAN,30,1,17,1,5,3,12,1,0,57.82
101045,CUST_SVC,10,1,22,1,7,4,11,1,1,15.6
101045,FIXED_DEP,15,1,3,1,6,4,12,5,0,22.81
101056,ACC_OPEN,25,1,10,1,4,4,16,5,1,27.64
101012,LOAN,30,1,39,1,12,5,11,5,1,65.89
101012,CUST_SVC,10,1,18,1,8,5,9,5,1,21.36
101056,ACC_OPEN,25,0,4,1,2,2,12,3,0,20.6
101033,LOAN,30,1,2,1,5,6,9,5,1,35.02
101045,BIZ_BANK,18,1,19,1,5,4,14,5,1,29.63
101012,DEPOSIT,6,0,20,1,8,3,16,5,1,7.72
101045,REMITTANCE,10,0,11,1,2,4,10,5,1,4.78
101045,ATM_CDM,8,0,1,1,4,6,11,5,1,7.39
101078,CUST_SVC,10,1,3,1,5,7,10,3,1,10.24
101056,DEPOSIT,6,0,9,1,8,6,11,4,1,10.37
101078,ONLINE_SUP,12,0,27,1,8,3,16,3,1,45.2
101045,ONLINE_SUP,12,1,9,1,1,4,14,4,1,2.03
101078,LOAN,30,0,16,1,5,7,10,5,1,22.67
101033,DEPOSIT,6,0,15,0,2,6,9,1,1,2.75
101078,DEPOSIT,6,1,3,1,7,4,13,5,0,9.17
101012,LOAN,30,1,10,1,16,4,10,1,1,90.0
101056,DEPOSIT,6,1,31,1,8,7,11,1,1,11.74
101045,CUST_SVC,10,1,22,1,7,5,11,4,1,16.1
101078,CUST_SVC,10,0,32,1,9,5,11,1,1,18.66
101033,INSURANCE,20,1,2,1,10,8,9,4,1,35.94
101033,LOAN,30,0,4,1,0,2,12,4,0,0.16
101012,BIZ_BANK,18,1,5,1,2,4,14,5,1,13.64
101012,ACC_OPEN,25,0,10,1,6,5,16,5,1,8.96
101078,BIZ_BANK,18,0,11,1,4,4,12,5,0,14.41
101033,DEPOSIT,6,1,15,1,4,5,15,4,1,6.59
101056,BIZ_BANK,18,1,22,1,6,5,15,3,1,25.44
101012,CUST_SVC,10,1,17,1,15,8,9,1,1,36.65
101033,INVEST,22,1,10,1,8,8,15,4,1,24.13
101078,ATM_CDM,8,0,12,1,5,5,14,2,1,10.28
101056,CREDIT_CARD,12,1,9,1,4,5,9,2,1,10.66
101045,INVEST,22,0,13,1,2,4,15,2,1,11.49
101012,ATM_CDM,8,0,7,0,13,7,10,5,1,16.11
101045,WITHDRAW,5,1,13,1,4,4,9,3,1,4.97
101033,INSURANCE,20,1,17,1,7,7,11,2,1,16.82
101078,REMITTANCE,10,1,17,1,4,3,13,1,0,8.9
101078,ONLINE_SUP,12,1,15,1,4,4,14,5,1,14.6
101045,CREDIT_CARD,12,1,25,1,7,7,16,4,1,9.87
101045,INSURANCE,20,0,13,1,4,6,16,3,1,12.26
101078,ATM_CDM,8,0,19,1,5,3,13,4,0,12.69
101045,DEPOSIT,6,1,4,1,3,5,16,5,1,3.27
101056,ACC_OPEN,25,1,44,1,13,7,14,5,1,76.61
101078,CUST_SVC,10,0,21,1,8,7,10,1,1,18.17
101078,CUST_SVC,10,1,6,1,5,2,12,1,0,25.85
101045,INSURANCE,20,1,9,1,1,2,12,5,0,2.21
101056,FIXED_DEP,15,1,33,1,9,4,15,4,1,42.16
101033,REMITTANCE,10,1,14,1,15,5,15,2,1,43.63
101045,INSURANCE,20,0,1,1,3,7,11,2,1,8.59
101045,LOAN,30,1,7,1,2,5,14,3,1,12.03
101078,CUST_SVC,10,1,24,1,5,5,10,5,1,15.01
101033,ATM_CDM,8,0,11,0,4,3,12,5,0,11.43
101033,ATM_CDM,8,1,1,1,5,6,9,1,1,9.52
101033,LOAN,30,1,14,1,7,5,16,4,1,64.95
101033,WITHDRAW,5,0,17,1,3,6,15,2,1,2.36
101078,ACC_OPEN,25,1,3,1,7,5,9,1,1,39.23
101045,ACC_OPEN,25,0,14,1,3,2,13,1,0,30.06
101078,BIZ_BANK,18,1,4,1,2,5,10,2,1,7.42
101033,ATM_CDM,8,1,18,1,8,4,11,5,1,14.62
101045,ATM_CDM,8,0,19,1,5,4,12,2,0,5.64
101033,CUST_SVC,10,1,9,1,10,4,16,5,1,19.03
101045,ACC_OPEN,25,1,16,1,7,6,15,2,1,23.35
101033,DEPOSIT,6,1,17,1,5,4,13,3,0,8.12
101012,ATM_CDM,8,1,43,1,12,4,15,2,1,28.9
101056,DEPOSIT,6,1,38,1,10,5,9,2,1,11.1
101078,FIXED_DEP,15,0,16,1,3,7,9,4,1,5.96
101056,INSURANCE,20,1,19,1,5,6,14,4,1,24.18
101078,CREDIT_CARD,12,1,10,1,3,5,15,4,1,5.53
101078,ATM_CDM,8,1,15,1,5,6,9,1,1,7.93
101045,ACC_OPEN,25,1,6,1,5,7,16,1,1,17.89
101033,INVEST,22,0,36,1,9,5,14,2,1,53.94
101078,DEPOSIT,6,1,40,1,12,4,15,1,1,23.91
101012,CUST_SVC,10,0,17,1,7,2,13,3,0,21.13
101012,ATM_CDM,8,0,27,1,10,6,10,5,1,12.32
101078,FIXED_DEP,15,1,23,1,7,6,14,2,1,15.61
101033,BIZ_BANK,18,1,29,1,7,7,9,3,1,26.52
101045,WITHDRAW,5,0,17,1,8,5,10,2,1,6.24
101012,INVEST,22,1,16,1,8,5,16,2,1,27.09
101056,REMITTANCE,10,1,35,1,9,8,10,1,1,13.17
101012,DEPOSIT,6,0,12,1,11,4,9,1,1,17.4
101033,DEPOSIT,6,1,14,1,7,4,14,2,1,12.3
101078,DEPOSIT,6,1,11,1,1,3,16,2,1,1.76
101033,CUST_SVC,10,0,30,0,8,7,15,5,1,11.83
101078,REMITTANCE,10,1,3,1,10,4,10,3,1,16.53
101045,FIXED_DEP,15,1,20,1,7,6,9,5,1,27.95
101033,ATM_CDM,8,0,8,1,5,4,14,1,1,12.02
101078,BIZ_BANK,18,1,18,1,7,8,11,1,1,24.6
101078,CUST_SVC,10,0,6,1,6,4,9,4,1,15.55
101078,DEPOSIT,6,0,14,1,4,4,15,5,1,8.95
101033,ATM_CDM,8,0,3,1,9,6,9,2,1,15.6
101078,CREDIT_CARD,12,0,16,1,8,4,15,1,1,20.25
101033,ATM_CDM,8,1,21,1,4,5,14,2,1,7.57
101045,INSURANCE,20,1,7,1,2,4,11,2,1,9.53
101045,WITHDRAW,5,0,10,1,5,5,14,1,1,3.67
101078,REMITTANCE,10,1,29,1,11,6,16,4,1,19.24
101033,ATM_CDM,8,1,21,1,11,6,10,1,1,13.99
101012,INSURANCE,20,1,34,1,13,8,15,1,1,34.56
101056,CREDIT_CARD,12,1,6,1,7,8,10,3,1,11.4
101056,REMITTANCE,10,0,9,1,6,2,13,1,0,21.39
101056,ATM_CDM,8,0,12,1,7,4,11,1,1,22.77
101078,CUST_SVC,10,1,28,1,10,6,10,5,1,15.62
101056,ATM_CDM,8,1,15,1,7,5,15,2,1,12.12
101045,CUST_SVC,10,1,1,1,4,2,13,1,0,39.62
101012,ATM_CDM,8,1,31,1,10,4,9,1,1,26.61
101056,REMITTANCE,10,1,22,1,6,3,12,4,0,15.74
101056,CUST_SVC,10,0,8,1,4,8,15,3,1,3.18
101033,CREDIT_CARD,12,1,15,1,6,6,15,4,1,12.37
101012,CUST_SVC,10,1,51,1,19,5,11,4,1,45.44
101012,CUST_SVC,10,1,54,1,16,5,14,5,1,37.85
101033,CREDIT_CARD,12,1,28,1,7,4,14,3,1,34.05
101078,CREDIT_CARD,12,0,7,0,7,4,9,5,1,27.87
101033,CUST_SVC,10,0,3,0,4,3,13,4,0,20.97
101033,INVEST,22,1,21,1,7,4,14,3,1,37.52
101078,INVEST,22,1,27,1,7,4,10,3,1,36.87
101045,CUST_SVC,10,1,2,1,10,8,15,5,1,12.68
101056,INVEST,22,1,7,1,6,5,10,4,1,36.24
101045,CREDIT_CARD,12,1,17,1,8,4,11,2,1,37.7
101045,INSURANCE,20,0,1,1,6,6,10,5,1,28.3
101012,FIXED_DEP,15,1,16,1,6,8,14,2,1,12.52
101078,ONLINE_SUP,12,1,33,1,11,5,10,3,1,16.27
101012,FIXED_DEP,15,0,4,1,13,5,10,2,1,43.41
101045,INSURANCE,20,0,5,1,6,3,16,5,1,36.36
101045,WITHDRAW,5,0,15,1,8,7,11,2,1,3.85
101033,CUST_SVC,10,1,3,1,2,4,13,2,0,5.65
101033,BIZ_BANK,18,1,14,1,4,2,12,4,0,46.67
101045,BIZ_BANK,18,1,7,1,3,2,13,1,0,38.37
101078,FIXED_DEP,15,0,20,1,5,6,16,3,1,8.88
101012,CREDIT_CARD,12,1,1,1,13,7,11,1,1,30.04
101033,ACC_OPEN,25,0,28,1,7,7,15,2,1,13.46
101012,DEPOSIT,6,0,5,0,4,4,14,4,1,8.56
101056,DEPOSIT,6,1,12,1,3,5,11,2,1,4.16
101056,ATM_CDM,8,0,6,1,3,4,16,2,1,6.74
101012,DEPOSIT,6,1,3,1,1,5,14,2,1,4.14
101056,DEPOSIT,6,1,10,1,8,4,10,3,1,17.23
101012,BIZ_BANK,18,1,40,1,11,5,11,2,1,21.51
101012,DEPOSIT,6,1,16,1,13,5,16,1,1,13.24
101033,INVEST,22,0,23,0,5,7,15,2,1,18.42
101045,CREDIT_CARD,12,1,10,1,1,7,15,4,1,2.07
101078,ONLINE_SUP,12,0,11,0,5,4,16,3,1,19.86
101078,DEPOSIT,6,0,17,0,7,3,13,1,0,18.67
101078,INSURANCE,20,1,26,1,10,4,10,1,1,72.9
101012,CREDIT_CARD,12,1,25,1,7,6,14,5,1,13.74
101033,LOAN,30,1,22,1,5,5,14,1,1,42.03
101078,CREDIT_CARD,12,1,18,1,8,3,13,5,0,41.04
101033,BIZ_BANK,18,1,40,1,13,5,9,1,1,64.24
101012,DEPOSIT,6,1,32,1,8,2,13,1,0,14.41
101033,DEPOSIT,6,1,1,1,7,6,11,2,1,6.35
101045,REMITTANCE,10,1,27,1,6,6,11,4,1,16.13
101012,CUST_SVC,10,1,1,1,9,5,16,1,1,14.67
101078,CUST_SVC,10,1,22,1,9,4,10,5,1,28.43
101056,BIZ_BANK,18,1,9,1,11,8,15,5,1,39.8
101056,CUST_SVC,10,1,2,1,6,5,14,1,1,13.56
101033,CUST_SVC,10,1,17,1,10,5,16,2,1,24.03
101012,ATM_CDM,8,1,2,1,6,6,10,4,1,9.46
101033,DEPOSIT,6,1,9,1,8,5,14,1,1,7.12
101056,DEPOSIT,6,1,17,1,9,7,10,5,1,9.44
101056,FIXED_DEP,15,1,4,1,4,4,14,4,1,20.34
101012,WITHDRAW,5,1,2,1,9,5,10,1,1,10.4
101033,ATM_CDM,8,0,10,1,3,4,12,1,0,4.21
101012,CUST_SVC,10,1,13,1,16,7,15,1,1,45.56
101045,ACC_OPEN,25,1,4,1,3,4,16,1,1,16.64
101033,ATM_CDM,8,0,7,1,2,4,12,4,0,3.97
101045,ACC_OPEN,25,1,15,1,6,6,14,3,1,31.35
101056,LOAN,30,1,28,1,11,5,9,3,1,62.44
101012,LOAN,30,1,20,1,10,5,16,3,1,50.32
101056,CUST_SVC,10,1,47,1,17,5,10,1,1,17.9
101012,DEPOSIT,6,0,12,0,10,6,15,3,1,9.53
101078,CUST_SVC,10,0,20,1,4,4,16,3,1,13.3
101045,ONLINE_SUP,12,1,10,1,4,4,16,2,1,6.35
101078,INVEST,22,1,21,1,9,5,10,1,1,61.93
101045,INSURANCE,20,0,14,1,2,3,12,5,0,13.67
101045,ATM_CDM,8,0,14,1,4,7,14,3,1,4.99
101045,FIXED_DEP,15,0,11,1,2,2,12,1,0,13.71
101033,DEPOSIT,6,0,2,0,9,6,15,5,1,15.02
101033,FIXED_DEP,15,1,30,1,9,7,14,5,1,18.66
101078,FIXED_DEP,15,1,2,1,3,5,16,2,1,10.82
101078,ACC_OPEN,25,1,7,1,2,3,12,3,0,10.2
101033,CUST_SVC,10,1,19,1,7,5,11,1,1,14.43
101078,CREDIT_CARD,12,0,22,1,7,6,9,4,1,22.29
101056,DEPOSIT,6,0,8,1,10,6,16,1,1,9.82
101078,INSURANCE,20,0,3,1,2,5,9,4,1,7.21
101056,CUST_SVC,10,1,24,1,10,4,9,1,1,12.67
101056,CUST_SVC,10,1,54,1,18,5,9,1,1,61.64
101056,CREDIT_CARD,12,1,8,1,11,4,11,5,1,42.12
101033,FIXED_DEP,15,1,37,1,11,7,10,3,1,40.67
101056,BIZ_BANK,18,1,2,1,10,7,11,3,1,25.42
101033,INVEST,22,1,34,1,12,5,9,1,1,90.0
101078,INSURANCE,20,0,5,0,5,4,11,2,1,34.5
101056,CREDIT_CARD,12,1,8,1,8,5,9,5,1,16.58
101078,INSURANCE,20,1,19,1,9,7,10,5,1,23.97
101078,LOAN,30,1,14,1,5,5,10,3,1,48.05
101078,BIZ_BANK,18,1,1,1,3,7,14,3,1,7.26
101078,WITHDRAW,5,1,19,1,4,4,15,5,1,3.71
101033,REMITTANCE,10,1,26,1,13,6,10,2,1,25.82
101012,ACC_OPEN,25,0,20,1,8,5,11,3,1,44.18
101012,ONLINE_SUP,12,1,13,1,5,6,11,4,1,14.87
101012,CUST_SVC,10,1,35,1,10,4,11,2,1,23.78
101078,LOAN,30,1,1,1,3,3,13,2,0,34.8
101045,ATM_CDM,8,0,5,1,5,4,12,5,0,9.27
101033,CREDIT_CARD,12,1,11,1,2,4,10,2,1,3.0
101078,LOAN,30,1,5,1,3,5,11,2,1,25.36
101056,ACC_OPEN,25,0,16,1,5,7,9,2,1,14.66
101033,CUST_SVC,10,1,13,1,14,5,10,5,1,35.7
101078,REMITTANCE,10,1,11,1,7,7,11,4,1,12.09
101056,DEPOSIT,6,1,14,1,6,6,9,1,1,12.44
101056,ATM_CDM,8,0,25,1,6,6,16,3,1,8.65
101033,ATM_CDM,8,1,17,1,7,6,9,2,1,10.42
101045,LOAN,30,1,38,1,10,8,11,5,1,33.61
101012,CUST_SVC,10,0,12,1,9,6,16,3,1,17.89
101012,ATM_CDM,8,0,9,1,7,4,16,4,1,15.85
101078,INVEST,22,1,18,1,7,5,14,1,1,37.63
101056,BIZ_BANK,18,0,13,1,5,4,15,5,1,29.32
101045,REMITTANCE,10,0,8,1,5,4,11,3,1,10.07
101033,CREDIT_CARD,12,0,17,1,5,4,12,1,0,14.79
101078,BIZ_BANK,18,1,35,1,10,5,10,4,1,45.02
101012,CUST_SVC,10,0,21,1,4,4,12,5,0,12.06
101033,BIZ_BANK,18,1,34,1,9,6,11,1,1,22.15
101056,BIZ_BANK,18,1,19,1,7,3,16,3,1,33.94
101078,ACC_OPEN,25,0,7,1,8,3,16,1,1,47.6
101045,ACC_OPEN,25,0,27,1,7,3,13,1,0,46.78
101056,ATM_CDM,8,1,15,1,7,5,10,1,1,8.03
101056,CUST_SVC,10,0,12,1,3,3,12,5,0,9.06
101033,FIXED_DEP,15,1,1,1,5,6,10,4,1,15.24
101012,REMITTANCE,10,1,23,1,8,6,16,5,1,16.61
101033,ATM_CDM,8,1,22,1,9,5,10,1,1,17.5
101078,ONLINE_SUP,12,1,18,1,11,4,10,1,1,38.76
101045,DEPOSIT,6,0,24,1,9,4,10,4,1,11.85
101056,INVEST,22,0,5,1,8,6,11,4,1,34.67
101056,CUST_SVC,10,1,24,1,14,5,10,1,1,67.29
101078,FIXED_DEP,15,0,28,1,8,4,10,5,1,28.03
101045,ACC_OPEN,25,1,13,1,4,5,10,3,1,13.84
101078,ATM_CDM,8,1,8,1,5,3,16,3,1,20.46
101078,ACC_OPEN,25,1,4,1,6,6,11,3,1,24.88
101012,WITHDRAW,5,0,11,1,9,4,12,1,0,8.91
101045,CUST_SVC,10,0,9,1,5,7,9,4,1,9.09
101045,CUST_SVC,10,1,5,1,5,5,16,5,1,12.1
101012,CUST_SVC,10,1,19,1,11,5,15,5,1,22.11
101056,ACC_OPEN,25,1,18,1,9,4,14,5,1,90.0
101056,DEPOSIT,6,1,23,1,7,3,13,5,0,17.93
101078,DEPOSIT,6,1,5,1,2,2,13,3,0,9.66
101056,ATM_CDM,8,1,6,1,6,7,15,1,1,9.89
101012,ONLINE_SUP,12,0,13,1,7,5,15,4,1,11.83
101078,ACC_OPEN,25,1,27,1,9,6,10,4,1,24.0
101078,ATM_CDM,8,1,3,1,9,4,11,1,1,25.32
101012,ACC_OPEN,25,1,6,1,7,4,15,2,1,45.22
101045,INVEST,22,1,22,1,8,5,15,1,1,22.52
101045,REMITTANCE,10,0,7,1,0,4,12,1,0,0.3
101033,INSURANCE,20,1,4,1,3,5,15,2,1,21.65
101033,INSURANCE,20,1,31,1,11,5,15,2,1,36.31
101056,DEPOSIT,6,1,14,1,7,8,10,1,1,10.76
101045,ACC_OPEN,25,1,14,1,6,5,10,2,1,20.7
101056,ATM_CDM,8,1,5,1,6,6,10,2,1,7.79
101012,BIZ_BANK,18,1,33,1,10,2,13,3,0,90.0
101012,ATM_CDM,8,0,29,1,8,5,14,2,1,9.53
101078,CREDIT_CARD,12,1,43,1,14,6,15,1,1,26.95
101033,DEPOSIT,6,1,12,1,6,2,13,1,0,26.08
101012,ACC_OPEN,25,0,11,1,2,4,13,4,0,8.31
101056,INVEST,22,0,6,1,3,5,14,3,1,11.28
101056,LOAN,30,1,15,1,4,5,11,1,1,37.65
101012,DEPOSIT,6,1,10,1,5,5,14,5,1,2.98
101078,INVEST,22,1,9,1,3,5,15,2,1,14.03
101045,INVEST,22,1,23,1,8,4,14,2,1,21.43
101045,FIXED_DEP,15,1,12,1,5,4,11,1,1,25.44
101078,ATM_CDM,8,1,24,1,6,2,13,1,0,16.98
101012,ATM_CDM,8,1,41,1,12,7,15,3,1,8.0
101078,FIXED_DEP,15,1,21,1,4,4,11,2,1,15.34
101056,CREDIT_CARD,12,1,18,1,4,7,16,2,1,6.86
101078,ONLINE_SUP,12,0,22,1,9,6,9,1,1,21.82
101045,CUST_SVC,10,0,15,0,2,7,14,4,1,3.25
101033,ATM_CDM,8,0,35,1,9,5,15,1,1,22.38
101012,DEPOSIT,6,0,45,0,14,6,15,5,1,9.62
101078,LOAN,30,0,30,1,7,6,15,3,1,21.87
101056,CREDIT_CARD,12,0,26,1,6,5,14,3,1,15.04
101033,CUST_SVC,10,0,9,1,7,4,14,5,1,12.0
101012,FIXED_DEP,15,0,15,1,5,6,9,3,1,12.44
101033,LOAN,30,1,13,1,9,6,15,4,1,64.37
101078,CREDIT_CARD,12,0,1,1,3,6,11,4,1,4.63
101078,LOAN,30,1,5,1,6,5,11,2,1,39.49
101056,ACC_OPEN,25,0,6,1,9,4,15,1,1,48.18
101045,ONLINE_SUP,12,1,14,1,9,6,15,1,1,27.71
101033,CREDIT_CARD,12,1,2,1,10,7,11,1,1,22.93
101078,ACC_OPEN,25,1,12,1,5,5,9,5,1,29.9
101012,WITHDRAW,5,0,25,1,11,6,10,2,1,3.82
101078,CUST_SVC,10,0,14,1,9,6,9,5,1,12.38
101078,ONLINE_SUP,12,1,4,1,11,7,10,2,1,23.41
101056,BIZ_BANK,18,1,27,1,12,4,10,4,1,50.59
101056,REMITTANCE,10,1,1,1,11,4,15,5,1,34.17
101033,INVEST,22,1,6,1,1,3,13,4,0,8.4
101012,REMITTANCE,10,0,7,1,10,4,15,4,1,26.51
101045,REMITTANCE,10,1,5,1,3,5,15,3,1,7.6
101056,WITHDRAW,5,1,17,1,9,8,15,1,1,3.7
101045,INSURANCE,20,1,33,1,8,7,15,1,1,24.56
101012,CUST_SVC,10,1,10,1,8,6,10,2,1,20.18
101056,ATM_CDM,8,1,9,1,13,5,9,3,1,22.74
101033,BIZ_BANK,18,1,26,1,11,5,10,1,1,67.16
101012,REMITTANCE,10,1,14,1,5,4,12,2,0,13.47
101078,ATM_CDM,8,1,5,1,5,3,12,3,0,13.89
101078,CUST_SVC,10,0,19,1,11,6,11,5,1,15.24
101033,BIZ_BANK,18,0,16,1,5,8,14,2,1,12.9
101033,ACC_OPEN,25,1,8,1,7,4,10,1,1,64.34
101045,CREDIT_CARD,12,1,8,1,2,3,12,3,0,9.71
101012,FIXED_DEP,15,0,4,1,11,5,14,5,1,42.06
101012,DEPOSIT,6,1,8,1,15,7,14,5,1,18.26
101056,BIZ_BANK,18,0,10,1,3,5,9,4,1,6.56
101056,DEPOSIT,6,1,5,1,9,2,13,2,0,30.65
101078,ACC_OPEN,25,1,7,1,4,5,16,4,1,24.81
101012,BIZ_BANK,18,1,43,1,14,6,9,5,1,63.8
101078,WITHDRAW,5,0,3,1,7,8,15,1,1,5.47
101056,BIZ_BANK,18,1,15,1,3,5,15,3,1,13.6
101012,INSURANCE,20,1,9,1,10,6,11,2,1,56.7
101045,WITHDRAW,5,1,27,1,8,7,10,4,1,8.08
101045,DEPOSIT,6,1,7,1,2,8,15,2,1,2.18
101033,DEPOSIT,6,1,9,1,8,5,9,1,1,8.57
101078,CUST_SVC,10,1,2,1,5,4,15,5,1,18.87
101012,INSURANCE,20,1,1,1,5,2,12,4,0,66.97
101078,CREDIT_CARD,12,1,27,1,13,4,9,5,1,49.77
101078,ATM_CDM,8,1,2,1,5,5,14,1,1,12.72
101045,ACC_OPEN,25,1,20,1,5,2,13,5,0,72.27
101033,INSURANCE,20,0,27,1,6,6,15,3,1,20.41
101078,CUST_SVC,10,1,5,1,2,5,16,5,1,5.67
101078,INSURANCE,20,1,6,1,5,4,14,3,1,25.41
101056,ATM_CDM,8,1,11,1,5,6,11,3,1,8.54
101033,WITHDRAW,5,0,8,1,3,3,13,3,0,3.82
101078,CUST_SVC,10,1,11,1,4,6,15,5,1,9.67
101078,WITHDRAW,5,1,13,1,8,4,9,5,1,15.38
101056,ATM_CDM,8,1,45,1,14,5,10,1,1,31.64
101056,LOAN,30,0,2,1,2,4,11,1,1,7.84
101056,ATM_CDM,8,0,15,1,5,4,14,5,1,11.16
101033,CUST_SVC,10,1,24,1,8,5,15,3,1,16.71
101045,CUST_SVC,10,0,18,1,3,2,13,1,0,8.77
101012,INSURANCE,20,1,15,1,13,4,10,5,1,90.0
101056,CREDIT_CARD,12,1,36,1,13,5,14,2,1,36.43
101045,ONLINE_SUP,12,0,13,1,3,6,11,5,1,4.08
101033,CREDIT_CARD,12,0,15,1,5,5,11,4,1,6.76
101078,DEPOSIT,6,1,18,1,9,6,11,1,1,6.76
101033,CUST_SVC,10,1,12,1,5,2,13,4,0,27.58
101045,REMITTANCE,10,1,32,1,8,6,15,3,1,4.15
101033,ACC_OPEN,25,0,5,1,9,4,11,3,1,56.06
101012,CUST_SVC,10,1,14,1,12,4,9,5,1,21.77
101056,CUST_SVC,10,1,3,1,5,6,11,3,1,11.9
101033,DEPOSIT,6,1,3,1,2,4,12,2,0,1.0
101078,ACC_OPEN,25,1,11,1,4,4,11,3,1,28.15
101012,REMITTANCE,10,1,15,1,8,7,11,1,1,15.78
101033,CUST_SVC,10,1,8,1,11,5,15,2,1,17.96
101012,BIZ_BANK,18,0,11,1,2,4,13,3,0,7.06
101045,DEPOSIT,6,1,15,1,4,4,15,4,1,7.46
101033,ONLINE_SUP,12,1,11,1,12,5,15,1,1,23.21
101012,CREDIT_CARD,12,1,8,1,8,5,15,2,1,21.22
101078,INSURANCE,20,1,12,1,7,5,9,1,1,43.33
101033,CREDIT_CARD,12,1,15,1,10,7,10,3,1,7.22
101045,REMITTANCE,10,0,7,0,0,2,12,3,0,1.22
101045,LOAN,30,0,1,1,5,6,14,3,1,24.2
101033,DEPOSIT,6,0,24,1,12,4,10,2,1,23.09
101012,INSURANCE,20,0,7,1,13,8,9,2,1,43.38
101078,WITHDRAW,5,1,22,1,8,7,10,5,1,9.66
101056,CUST_SVC,10,1,8,1,9,6,14,3,1,8.2
101033,CUST_SVC,10,1,10,1,7,3,13,3,0,10.84
101012,DEPOSIT,6,1,22,1,5,2,12,1,0,12.2
101056,ACC_OPEN,25,1,11,1,9,4,14,1,1,71.43
101012,BIZ_BANK,18,0,11,0,4,4,12,5,0,10.59
101056,CREDIT_CARD,12,1,34,1,9,5,14,1,1,34.18
101012,REMITTANCE,10,1,12,1,13,3,16,1,1,51.23
101033,ATM_CDM,8,1,11,1,10,5,9,1,1,20.67
101012,FIXED_DEP,15,1,8,1,16,6,9,1,1,54.39
101033,CREDIT_CARD,12,1,23,1,5,4,15,5,1,23.85
101045,ACC_OPEN,25,0,5,1,1,2,12,4,0,14.76
101056,BIZ_BANK,18,1,7,1,4,2,12,4,0,27.52
101078,CREDIT_CARD,12,0,21,1,4,6,9,4,1,8.35
101045,ACC_OPEN,25,0,5,1,3,2,12,3,0,30.69
101045,ATM_CDM,8,0,15,1,4,4,16,5,1,6.26
101033,CREDIT_CARD,12,1,17,1,7,5,15,3,1,21.17
101056,FIXED_DEP,15,0,25,1,21,4,15,5,1,55.9
101056,DEPOSIT,6,1,10,1,9,4,9,3,1,14.81
101056,DEPOSIT,6,1,15,1,8,5,15,1,1,5.44
101078,INSURANCE,20,1,10,1,2,4,12,2,0,10.71
101033,LOAN,30,0,14,1,3,3,12,1,0,27.15
101045,ATM_CDM,8,0,8,1,7,6,15,1,1,10.9
101056,ACC_OPEN,25,1,10,1,9,7,14,2,1,48.22
101056,CREDIT_CARD,12,1,11,1,6,7,11,4,1,14.6
101078,BIZ_BANK,18,1,19,1,7,3,13,1,0,65.99
101045,INVEST,22,1,4,1,0,7,14,4,1,1.64
101045,INSURANCE,20,0,10,1,2,4,12,2,0,11.83
101056,CUST_SVC,10,1,4,1,3,4,14,3,1,3.52
101045,ONLINE_SUP,12,1,22,1,10,4,14,5,1,31.64
101056,CUST_SVC,10,1,25,1,7,5,10,3,1,19.63
101033,ATM_CDM,8,0,13,1,6,4,9,1,1,21.32
101056,BIZ_BANK,18,1,9,1,7,5,15,4,1,24.63
101033,DEPOSIT,6,0,4,1,7,6,16,3,1,7.17
101012,CUST_SVC,10,1,42,1,11,5,11,3,1,17.86
101012,INVEST,22,0,16,0,8,6,9,1,1,46.59
101012,DEPOSIT,6,1,3,1,10,5,10,1,1,19.37
101012,REMITTANCE,10,0,10,1,3,6,9,2,1,4.65
101045,INSURANCE,20,0,4,1,0,4,11,2,1,1.21
101045,ACC_OPEN,25,0,6,1,4,5,16,2,1,20.16
101056,WITHDRAW,5,0,18,1,7,6,16,3,1,5.55
101056,DEPOSIT,6,1,6,1,9,6,15,2,1,17.04
101078,CUST_SVC,10,1,11,1,11,6,15,4,1,22.06
101078,CUST_SVC,10,1,9,1,10,6,15,5,1,7.9
101078,INSURANCE,20,1,13,1,3,3,12,4,0,11.25
101012,BIZ_BANK,18,1,23,1,5,2,12,2,0,34.96
101056,INVEST,22,0,31,1,12,6,15,3,1,56.21
101033,ATM_CDM,8,0,17,1,13,7,10,1,1,20.44
101033,WITHDRAW,5,0,28,0,11,4,11,4,1,10.87
101012,ACC_OPEN,25,0,2,1,12,4,10,2,1,90.0
101045,BIZ_BANK,18,0,26,1,6,7,15,5,1,14.8
101033,INSURANCE,20,1,7,1,12,3,16,1,1,64.66
101033,ATM_CDM,8,1,6,1,4,2,12,1,0,11.5
101012,ACC_OPEN,25,1,16,1,8,2,13,1,0,90.0
101012,ACC_OPEN,25,1,15,1,8,4,16,3,1,71.22
101056,DEPOSIT,6,1,8,1,8,4,14,4,1,19.37
101033,INVEST,22,0,14,0,3,6,15,5,1,13.17
101078,CREDIT_CARD,12,1,9,1,10,5,16,2,1,30.03
101056,CUST_SVC,10,1,10,1,8,5,15,3,1,28.05
101078,DEPOSIT,6,1,5,1,5,4,13,3,0,12.98
101078,ACC_OPEN,25,0,7,0,1,6,14,2,1,4.18
101045,CREDIT_CARD,12,0,22,1,9,6,10,1,1,19.14
101078,ATM_CDM,8,1,20,1,6,5,11,1,1,13.2
101078,ATM_CDM,8,1,24,1,6,6,11,1,1,11.83
101012,REMITTANCE,10,0,13,1,9,4,9,5,1,24.41
101056,ATM_CDM,8,1,6,1,1,2,13,1,0,5.85
101056,LOAN,30,1,6,1,5,4,9,2,1,24.75
101012,LOAN,30,0,38,1,12,6,14,1,1,43.63
101056,CREDIT_CARD,12,0,11,1,9,6,9,5,1,2.87
101012,CREDIT_CARD,12,1,45,1,13,5,10,1,1,41.62
101078,FIXED_DEP,15,0,6,1,5,7,10,3,1,12.2
101033,CUST_SVC,10,1,4,1,1,7,10,1,1,3.08
101033,BIZ_BANK,18,1,9,1,2,3,16,2,1,17.16
101033,CREDIT_CARD,12,1,33,1,14,6,14,1,1,16.3
101045,ONLINE_SUP,12,1,12,1,5,5,14,2,1,10.18
101012,INSURANCE,20,1,12,1,6,4,12,3,0,18.99
101056,CREDIT_CARD,12,0,27,1,7,4,14,1,1,17.0
101078,CUST_SVC,10,1,11,1,6,7,15,5,1,10.94
101033,CREDIT_CARD,12,0,27,1,7,4,13,2,0,19.45
101012,DEPOSIT,6,1,4,1,11,4,14,1,1,22.85
101012,CREDIT_CARD,12,1,14,1,4,3,12,1,0,15.54
101078,ATM_CDM,8,0,15,0,13,6,9,1,1,22.16
101012,FIXED_DEP,15,1,20,1,4,3,12,2,0,17.39
101078,DEPOSIT,6,1,8,1,5,8,14,3,1,4.51
101045,WITHDRAW,5,0,17,1,4,7,10,3,1,0.0
101012,ATM_CDM,8,1,30,1,7,5,9,4,1,17.85
101012,WITHDRAW,5,1,24,1,7,4,13,2,0,8.35
101056,WITHDRAW,5,1,18,1,6,6,14,4,1,5.51
101045,INSURANCE,20,1,6,1,3,3,13,4,0,17.23
101033,ATM_CDM,8,1,24,1,5,5,14,5,1,10.9
101078,CUST_SVC,10,0,19,1,7,6,15,5,1,13.55
101012,ATM_CDM,8,1,23,1,5,4,15,4,1,13.55
101078,BIZ_BANK,18,0,21,1,8,8,9,1,1,14.85
101012,ATM_CDM,8,1,24,1,7,7,16,5,1,9.45
101078,REMITTANCE,10,1,19,1,6,4,9,4,1,13.93
101056,DEPOSIT,6,0,25,1,6,4,15,4,1,7.79
101056,CREDIT_CARD,12,1,14,1,11,5,10,4,1,20.53
101033,CUST_SVC,10,1,24,1,6,4,11,4,1,16.26
101056,DEPOSIT,6,0,18,1,12,4,14,1,1,10.26
101056,ACC_OPEN,25,0,27,0,7,5,16,4,1,35.37
101012,DEPOSIT,6,1,16,1,8,5,9,5,1,15.16
101033,CUST_SVC,10,1,22,1,9,4,14,1,1,17.6
101078,ACC_OPEN,25,1,7,1,3,4,12,1,0,20.91
101056,ACC_OPEN,25,1,32,1,9,5,10,5,1,48.14
101045,BIZ_BANK,18,1,14,1,2,5,10,4,1,7.39
101012,CUST_SVC,10,1,7,1,8,3,13,4,0,28.55
101012,CUST_SVC,10,0,16,1,6,4,9,1,1,14.72
101033,CUST_SVC,10,1,19,1,10,4,15,1,1,22.21
101078,REMITTANCE,10,0,6,1,12,4,10,1,1,11.49
101056,CUST_SVC,10,1,33,1,8,4,10,2,1,27.59
101045,LOAN,30,0,6,1,4,6,10,2,1,25.89
101012,ATM_CDM,8,0,20,1,9,5,10,3,1,1.65
101045,INSURANCE,20,1,3,1,9,6,16,1,1,39.77
101012,FIXED_DEP,15,1,6,1,8,4,10,3,1,27.04
101078,CUST_SVC,10,1,19,1,4,2,13,1,0,19.18
101056,ACC_OPEN,25,0,10,1,4,5,9,1,1,27.48
101078,CREDIT_CARD,12,1,26,1,8,4,15,5,1,17.47
101012,CREDIT_CARD,12,0,5,1,9,4,9,2,1,28.09
101012,LOAN,30,1,39,1,19,7,15,1,1,56.89
101078,INVEST,22,1,4,1,13,5,10,1,1,64.5
101045,BIZ_BANK,18,0,20,1,7,6,10,3,1,20.32
101045,CUST_SVC,10,0,9,1,5,4,16,3,1,5.0
101033,REMITTANCE,10,0,5,1,8,5,10,5,1,12.88
101056,ATM_CDM,8,0,10,1,3,5,15,5,1,4.33
101078,CUST_SVC,10,0,16,0,8,6,11,5,1,11.97
101045,BIZ_BANK,18,0,23,1,9,8,10,1,1,25.22
101033,DEPOSIT,6,0,5,1,7,7,10,3,1,6.85
101056,CREDIT_CARD,12,1,17,1,6,6,11,5,1,20.91
101078,DEPOSIT,6,1,4,1,4,6,15,5,1,5.21
101078,DEPOSIT,6,1,5,1,7,7,10,1,1,7.37
101056,FIXED_DEP,15,0,8,1,10,7,14,5,1,12.68
101045,CUST_SVC,10,1,10,1,6,5,15,5,1,16.06
101033,CUST_SVC,10,1,19,1,7,4,9,3,1,17.87
101033,CREDIT_CARD,12,1,15,1,11,4,15,5,1,39.31
101033,CREDIT_CARD,12,0,44,1,15,6,10,5,1,35.88
101012,FIXED_DEP,15,0,10,1,10,6,11,2,1,33.82
101012,BIZ_BANK,18,0,14,1,3,4,13,2,0,7.01
101045,REMITTANCE,10,1,16,1,4,3,13,2,0,22.82
101045,LOAN,30,1,13,1,4,7,10,3,1,12.79
101033,ACC_OPEN,25,1,27,1,9,4,15,4,1,66.42
101045,INSURANCE,20,1,4,1,11,5,10,1,1,24.64
101012,CUST_SVC,10,0,11,1,11,4,15,1,1,9.07
101012,INSURANCE,20,1,37,1,11,4,13,1,0,73.98
101033,ATM_CDM,8,1,39,1,11,5,10,4,1,30.65
101045,REMITTANCE,10,1,9,1,7,7,9,4,1,12.16
101078,LOAN,30,0,6,1,5,5,11,1,1,17.3
101033,ACC_OPEN,25,0,21,1,6,4,9,1,1,40.5
101078,ATM_CDM,8,1,1,1,3,5,9,3,1,4.22
101033,BIZ_BANK,18,1,22,1,8,6,11,5,1,42.24
101045,WITHDRAW,5,0,12,1,7,5,16,4,1,6.43
101045,INVEST,22,0,14,1,3,6,9,4,1,12.16
101012,ATM_CDM,8,1,6,1,8,3,16,1,1,20.99
101033,LOAN,30,1,4,1,7,6,15,4,1,22.58
101012,CUST_SVC,10,1,6,1,5,5,9,4,1,8.44
101056,ACC_OPEN,25,1,20,1,7,4,15,1,1,61.64
101033,INSURANCE,20,1,20,1,7,7,10,3,1,13.88
101045,DEPOSIT,6,1,8,1,5,6,11,3,1,6.11
101078,ATM_CDM,8,1,7,1,2,6,9,4,1,3.59
101012,CUST_SVC,10,1,8,1,0,4,13,2,0,1.45
101045,ATM_CDM,8,0,16,1,6,5,10,1,1,15.72
101078,CUST_SVC,10,1,2,1,3,4,13,5,0,9.11
101012,ACC_OPEN,25,1,26,1,6,3,12,5,0,52.31
101012,LOAN,30,1,3,1,6,5,16,2,1,32.76
101078,BIZ_BANK,18,1,12,1,4,2,13,4,0,41.07
101045,FIXED_DEP,15,0,11,1,4,4,16,2,1,11.93
101033,ACC_OPEN,25,1,9,1,8,6,10,4,1,21.56
101033,ATM_CDM,8,1,14,1,4,4,13,4,0,5.07
101056,CREDIT_CARD,12,1,30,1,7,5,16,4,1,30.07
101056,CUST_SVC,10,1,39,1,11,4,9,5,1,21.81
101012,DEPOSIT,6,1,18,1,10,4,9,1,1,22.11
101056,DEPOSIT,6,1,11,1,8,5,14,1,1,12.76
101012,CUST_SVC,10,1,10,1,10,5,9,2,1,13.57
101045,DEPOSIT,6,1,21,1,5,3,16,2,1,15.76
101045,INSURANCE,20,1,14,1,2,7,14,1,1,5.1
101056,CUST_SVC,10,1,29,1,9,4,16,2,1,46.93
101056,CREDIT_CARD,12,0,5,1,9,7,14,2,1,21.64
101033,ATM_CDM,8,1,11,1,1,8,10,2,1,0.22
101045,CUST_SVC,10,1,6,1,7,6,14,1,1,11.03
101045,REMITTANCE,10,0,2,1,3,4,11,5,1,7.5
101033,DEPOSIT,6,1,12,1,12,7,9,1,1,15.68
101033,DEPOSIT,6,0,6,1,3,3,13,3,0,3.96
101033,ACC_OPEN,25,1,8,1,7,3,13,1,0,70.89
101056,CUST_SVC,10,0,26,0,8,4,13,5,0,13.04
101056,INVEST,22,0,5,1,10,4,15,3,1,76.46
101033,INSURANCE,20,1,14,1,5,4,11,1,1,23.97
101012,FIXED_DEP,15,1,10,1,6,4,12,4,0,30.65
101045,ATM_CDM,8,1,10,1,5,5,10,4,1,8.58
101012,ATM_CDM,8,1,1,1,10,5,15,1,1,32.17
101033,ATM_CDM,8,1,13,1,7,6,15,3,1,12.46
101033,LOAN,30,0,2,1,0,5,11,4,1,1.27
101045,REMITTANCE,10,0,1,1,7,6,9,5,1,10.7
101078,FIXED_DEP,15,1,20,1,6,6,11,3,1,11.16
101045,CREDIT_CARD,12,1,8,1,4,8,9,4,1,6.34
101033,ONLINE_SUP,12,1,29,1,8,4,16,5,1,32.02
101056,BIZ_BANK,18,1,8,1,6,6,11,2,1,12.36
101078,CUST_SVC,10,1,16,1,11,6,11,5,1,24.13
101045,INSURANCE,20,0,2,1,11,7,14,1,1,20.59
101045,CREDIT_CARD,12,1,13,1,4,5,9,3,1,7.09
101078,CREDIT_CARD,12,0,5,1,2,2,12,1,0,14.4
101056,ONLINE_SUP,12,1,14,1,10,7,14,5,1,27.99
101078,ATM_CDM,8,0,4,1,5,6,9,3,1,9.42
101045,DEPOSIT,6,0,15,1,5,6,10,1,1,8.37
101033,ATM_CDM,8,1,3,1,5,4,11,4,1,15.6
101078,CUST_SVC,10,1,7,1,4,4,12,3,0,10.78
101012,REMITTANCE,10,0,15,0,4,5,9,4,1,7.85
101078,CUST_SVC,10,1,20,1,8,8,10,3,1,16.3
101056,CREDIT_CARD,12,0,1,1,1,4,13,3,0,4.37
101056,CREDIT_CARD,12,1,28,1,7,4,11,5,1,16.57
101056,CUST_SVC,10,1,11,1,2,4,16,2,1,7.26
101033,DEPOSIT,6,1,9,1,0,2,13,2,0,0.98
101045,CREDIT_CARD,12,1,18,1,7,7,9,4,1,5.27
101012,DEPOSIT,6,1,49,1,17,6,10,1,1,32.62
101033,BIZ_BANK,18,1,4,1,4,7,9,4,1,7.45
101012,LOAN,30,1,2,1,9,6,10,2,1,25.14
101033,CUST_SVC,10,0,28,0,7,4,10,1,1,27.17
101045,CREDIT_CARD,12,1,2,1,7,6,15,1,1,18.27
101056,CUST_SVC,10,1,3,1,6,2,13,5,0,35.12
101012,FIXED_DEP,15,1,9,1,9,7,11,1,1,21.4
101012,ACC_OPEN,25,0,1,1,5,4,15,3,1,30.98
101056,ATM_CDM,8,1,9,1,5,7,11,1,1,6.86
101012,CUST_SVC,10,0,38,1,10,5,9,4,1,21.07
101033,DEPOSIT,6,1,22,1,9,4,13,5,0,11.12
101012,CUST_SVC,10,1,54,1,15,6,15,1,1,28.21
101045,DEPOSIT,6,1,4,1,8,6,10,2,1,10.2
101012,CREDIT_CARD,12,1,14,1,11,5,10,5,1,34.34
101033,ONLINE_SUP,12,0,25,0,8,4,10,2,1,18.34
101078,CREDIT_CARD,12,1,18,1,10,5,10,3,1,21.68
101078,BIZ_BANK,18,0,19,1,8,6,9,1,1,28.44
101078,WITHDRAW,5,1,23,1,10,7,15,2,1,7.77
101078,CREDIT_CARD,12,0,15,1,2,5,15,4,1,3.92
101078,CREDIT_CARD,12,1,5,1,3,4,16,5,1,14.32
101033,ATM_CDM,8,1,35,1,9,7,16,1,1,12.3
101033,ATM_CDM,8,1,14,1,5,4,16,5,1,10.42
101078,CUST_SVC,10,1,7,1,5,6,14,4,1,5.75
101012,ATM_CDM,8,1,12,1,13,4,15,5,1,15.84
101012,ATM_CDM,8,0,16,1,7,8,9,3,1,7.77
101012,REMITTANCE,10,1,25,1,6,4,15,3,1,14.55
101056,INSURANCE,20,0,35,1,11,6,15,3,1,27.93
101033,INSURANCE,20,1,8,1,6,7,14,3,1,17.88
101056,DEPOSIT,6,1,4,1,4,5,14,4,1,3.24
101045,DEPOSIT,6,1,19,1,8,6,14,1,1,8.6
101078,INSURANCE,20,1,10,1,9,7,15,5,1,29.59
101012,ATM_CDM,8,0,32,1,8,6,14,5,1,10.41
101056,REMITTANCE,10,1,34,1,9,8,10,2,1,9.4
101033,ONLINE_SUP,12,1,13,1,5,6,9,2,1,7.41
101078,REMITTANCE,10,1,1,1,4,7,15,4,1,5.59
101056,FIXED_DEP,15,1,1,1,7,6,15,5,1,24.21
101045,BIZ_BANK,18,1,12,1,7,5,11,2,1,27.98
101045,BIZ_BANK,18,1,5,1,4,5,14,3,1,10.27
101012,CREDIT_CARD,12,0,13,1,11,5,10,1,1,26.39
101045,CUST_SVC,10,1,20,1,6,4,9,2,1,8.87
101078,ATM_CDM,8,0,12,0,10,6,15,2,1,19.31
101078,ATM_CDM,8,1,16,1,3,4,13,1,0,6.79
101033,DEPOSIT,6,1,4,1,6,5,9,3,1,6.5
101012,CUST_SVC,10,0,38,1,10,4,9,5,1,21.78
101078,CREDIT_CARD,12,1,31,1,12,4,9,3,1,27.82
101045,INSURANCE,20,0,36,1,10,6,11,1,1,31.14
101045,CUST_SVC,10,1,22,1,5,3,13,5,0,20.41
101012,FIXED_DEP,15,1,5,1,1,4,12,1,0,3.91
101056,CUST_SVC,10,1,26,1,6,4,13,3,0,7.34
101056,CUST_SVC,10,0,29,1,8,5,14,4,1,13.32
101033,INVEST,22,1,6,1,4,6,16,4,1,13.97
101045,ACC_OPEN,25,1,6,1,3,4,14,2,1,29.9
101056,ATM_CDM,8,0,29,0,8,5,10,1,1,23.51
101078,DEPOSIT,6,0,22,0,5,5,11,1,1,9.04
101045,LOAN,30,1,23,1,8,7,15,1,1,28.08
101045,INVEST,22,0,18,0,7,5,14,1,1,45.78
101056,ATM_CDM,8,1,7,1,2,3,12,3,0,3.9
101033,ATM_CDM,8,1,8,1,3,6,15,2,1,2.58
101056,CREDIT_CARD,12,1,17,1,7,6,15,5,1,17.51
101012,DEPOSIT,6,0,14,1,10,7,14,5,1,3.94
101012,REMITTANCE,10,1,10,1,3,3,12,4,0,8.12
101056,CREDIT_CARD,12,1,21,1,4,3,13,2,0,16.97
101078,DEPOSIT,6,1,2,1,1,2,12,2,0,2.54
101056,ACC_OPEN,25,1,13,1,3,4,16,5,1,18.07
101056,DEPOSIT,6,1,29,1,9,6,15,4,1,10.31
101012,INVEST,22,0,4,1,12,6,11,1,1,21.41
101056,CUST_SVC,10,0,22,1,9,7,10,4,1,14.11
101078,ATM_CDM,8,1,15,1,5,4,12,1,0,9.67
101078,CREDIT_CARD,12,1,32,1,9,5,14,1,1,25.57
101045,DEPOSIT,6,1,2,1,4,4,15,3,1,5.31
101033,INVEST,22,0,15,1,3,6,16,2,1,9.42
101056,ATM_CDM,8,1,1,1,6,4,13,2,0,6.1
101078,LOAN,30,1,21,1,4,5,9,2,1,24.78
101012,CUST_SVC,10,1,20,1,5,4,14,1,1,17.13
101078,ATM_CDM,8,0,7,0,4,5,9,4,1,7.31
101045,LOAN,30,0,3,1,6,2,13,2,0,51.26
101012,CUST_SVC,10,0,12,1,3,4,14,4,1,6.6
101056,BIZ_BANK,18,1,25,1,7,7,15,1,1,30.67
101012,ATM_CDM,8,1,21,1,7,6,11,2,1,13.55
101045,CREDIT_CARD,12,0,17,1,6,5,11,3,1,8.95
101012,CUST_SVC,10,1,22,1,7,7,9,2,1,13.44
101033,BIZ_BANK,18,1,6,1,12,8,10,5,1,23.83
101078,INSURANCE,20,1,6,1,5,4,13,2,0,22.13
101033,CREDIT_CARD,12,1,17,1,7,4,9,3,1,30.29
101033,DEPOSIT,6,0,6,1,10,5,9,1,1,8.72
101012,CREDIT_CARD,12,1,5,1,1,3,12,3,0,1.61
101045,ACC_OPEN,25,1,7,1,2,2,13,4,0,35.12
101012,CUST_SVC,10,1,3,1,10,6,11,5,1,12.36
101045,REMITTANCE,10,0,14,1,4,5,11,4,1,6.69
101045,REMITTANCE,10,1,10,1,1,6,16,2,1,2.78
101056,CREDIT_CARD,12,1,36,1,11,6,10,5,1,23.1
101056,ONLINE_SUP,12,0,19,1,6,4,11,4,1,23.43
101045,CREDIT_CARD,12,1,1,1,4,5,9,2,1,9.4
101012,CREDIT_CARD,12,1,25,1,6,6,16,5,1,20.54
101045,CUST_SVC,10,1,5,1,3,2,13,4,0,13.75
101012,ACC_OPEN,25,1,17,1,5,4,9,3,1,43.37
101045,ATM_CDM,8,1,14,1,8,7,14,2,1,12.96
101012,CUST_SVC,10,1,43,1,12,8,14,3,1,19.92
101056,ATM_CDM,8,0,5,1,11,5,15,2,1,8.6
101045,BIZ_BANK,18,1,13,1,6,4,14,3,1,32.69
101078,DEPOSIT,6,1,7,1,3,5,16,4,1,4.86
101056,CREDIT_CARD,12,1,26,1,11,5,14,1,1,42.15
101045,ATM_CDM,8,1,25,1,6,3,16,5,1,10.3
101012,CUST_SVC,10,1,11,1,3,2,12,3,0,16.62
101056,CUST_SVC,10,1,14,1,7,4,16,1,1,24.2
101012,DEPOSIT,6,1,6,1,4,2,12,2,0,8.27
101012,ONLINE_SUP,12,1,28,1,7,6,9,4,1,16.24
101012,ATM_CDM,8,0,17,1,17,6,15,1,1,37.39
101056,INSURANCE,20,0,31,1,9,5,11,4,1,18.24
101045,CREDIT_CARD,12,1,15,1,6,4,9,4,1,20.05
101045,LOAN,30,1,6,1,8,7,11,3,1,40.12
101045,CUST_SVC,10,1,25,1,7,5,9,1,1,25.08
101056,FIXED_DEP,15,1,28,1,7,5,16,5,1,32.39
101045,ATM_CDM,8,0,13,0,2,5,16,3,1,3.34
101078,WITHDRAW,5,1,5,1,5,2,12,2,0,15.86
101045,CREDIT_CARD,12,1,14,1,6,4,16,2,1,19.27
101045,BIZ_BANK,18,0,11,0,7,6,11,5,1,31.38
101078,CUST_SVC,10,1,17,1,9,4,11,1,1,22.7
101045,WITHDRAW,5,1,18,1,5,8,11,1,1,3.51
101078,LOAN,30,0,15,1,11,4,15,1,1,90.0
101033,ATM_CDM,8,1,7,1,2,4,15,2,1,3.74
101045,INVEST,22,1,13,1,10,4,9,5,1,52.54
101056,FIXED_DEP,15,1,20,1,6,5,16,4,1,20.44
101078,LOAN,30,1,24,1,7,6,11,2,1,29.72
101012,CREDIT_CARD,12,1,12,1,5,4,16,3,1,8.75
101078,REMITTANCE,10,1,22,1,8,5,9,1,1,32.43
101033,ACC_OPEN,25,1,8,1,4,4,13,2,0,20.15
101033,BIZ_BANK,18,1,22,1,7,7,11,2,1,20.15
101033,CUST_SVC,10,1,6,1,4,4,16,5,1,13.15
101012,WITHDRAW,5,1,11,1,4,5,16,2,1,3.98
101012,DEPOSIT,6,0,13,1,7,6,15,4,1,7.09
101045,INSURANCE,20,1,19,1,9,6,10,2,1,36.01
101033,DEPOSIT,6,1,15,1,2,4,13,5,0,2.26
101056,CREDIT_CARD,12,0,5,1,11,5,15,2,1,21.47
101033,CUST_SVC,10,1,4,1,8,6,10,4,1,11.52
101078,ONLINE_SUP,12,1,4,1,3,3,16,5,1,13.06
101056,ACC_OPEN,25,1,16,1,4,5,15,5,1,29.55
101056,CUST_SVC,10,1,34,1,11,5,10,3,1,15.88
101078,ACC_OPEN,25,1,14,1,4,4,15,3,1,25.54
101056,BIZ_BANK,18,0,16,1,8,4,11,5,1,29.1
101033,DEPOSIT,6,1,17,1,4,2,12,5,0,12.41
101033,FIXED_DEP,15,0,25,1,7,4,10,2,1,18.89
101033,CUST_SVC,10,1,7,1,3,4,16,3,1,8.31
101012,ACC_OPEN,25,1,28,1,9,7,14,3,1,42.35
101033,ATM_CDM,8,1,29,1,8,6,16,5,1,13.29
101056,ACC_OPEN,25,1,5,1,3,2,13,2,0,32.92
101012,DEPOSIT,6,1,1,1,8,7,10,3,1,7.7
101056,FIXED_DEP,15,1,25,1,11,4,11,4,1,53.84
101045,ACC_OPEN,25,1,24,1,8,4,11,5,1,66.54
101012,CREDIT_CARD,12,0,26,1,14,4,9,1,1,52.26
101056,BIZ_BANK,18,1,10,1,9,7,14,5,1,28.86
101045,CUST_SVC,10,1,4,1,3,6,9,5,1,5.24
101045,CREDIT_CARD,12,1,9,1,5,7,14,4,1,11.49
101078,ONLINE_SUP,12,1,11,1,4,4,9,5,1,7.26
101078,ATM_CDM,8,1,23,1,6,6,10,1,1,10.98
101045,INSURANCE,20,1,24,1,6,5,16,5,1,23.26
101012,CUST_SVC,10,1,17,1,7,6,9,3,1,10.91
101056,REMITTANCE,10,1,21,1,8,7,14,1,1,12.79
101078,BIZ_BANK,18,1,1,1,12,6,15,1,1,41.46
101033,ATM_CDM,8,1,10,1,3,5,14,1,1,7.2
101012,INVEST,22,0,7,1,7,4,11,5,1,59.05
101033,INSURANCE,20,1,3,1,9,4,15,3,1,78.95
101056,WITHDRAW,5,1,22,1,10,6,16,2,1,12.16
101033,REMITTANCE,10,1,20,1,4,3,16,5,1,21.18
101056,FIXED_DEP,15,1,23,1,5,5,11,4,1,26.58
101045,DEPOSIT,6,1,10,1,3,4,12,2,0,6.66
101056,FIXED_DEP,15,1,10,1,6,8,11,2,1,12.34
101033,REMITTANCE,10,0,14,1,7,6,16,2,1,14.07
101056,WITHDRAW,5,1,9,1,7,6,11,5,1,2.02
101056,BIZ_BANK,18,0,30,1,9,4,16,3,1,7.07
101078,ONLINE_SUP,12,1,3,1,6,4,10,1,1,20.69
101078,DEPOSIT,6,1,7,1,2,3,13,3,0,4.02
101033,CUST_SVC,10,1,3,1,6,4,14,1,1,20.74
101033,LOAN,30,0,50,1,15,4,9,2,1,74.04
101045,CUST_SVC,10,1,30,1,8,8,9,5,1,7.59
101012,INSURANCE,20,0,2,0,5,4,13,3,0,22.92
101012,ACC_OPEN,25,0,1,1,4,7,15,1,1,14.37
101056,DEPOSIT,6,1,20,1,9,5,14,1,1,13.94
101056,FIXED_DEP,15,1,3,1,8,4,9,1,1,45.18
101033,WITHDRAW,5,1,19,1,7,7,15,1,1,6.48
101045,INSURANCE,20,0,12,1,6,4,15,1,1,35.3
101056,FIXED_DEP,15,0,31,0,9,7,14,3,1,14.12
101056,CUST_SVC,10,1,7,1,1,2,13,5,0,5.39
101056,ONLINE_SUP,12,1,14,1,5,5,10,3,1,16.25
101056,CUST_SVC,10,1,11,1,9,5,14,1,1,33.61
101056,INVEST,22,1,19,1,8,4,12,1,0,59.35
101012,ATM_CDM,8,0,9,1,10,4,16,5,1,9.39
101033,CUST_SVC,10,1,17,1,9,4,10,1,1,30.86
101078,CREDIT_CARD,12,0,7,1,1,3,13,2,0,4.11
101078,ACC_OPEN,25,1,59,1,17,6,10,2,1,58.24
101056,REMITTANCE,10,1,2,1,7,4,13,1,0,20.73
101056,INSURANCE,20,1,7,1,12,5,9,1,1,34.45
101033,INVEST,22,1,10,1,9,4,9,3,1,79.1
101045,REMITTANCE,10,0,5,1,0,4,14,1,1,2.31
101033,REMITTANCE,10,1,27,1,9,7,14,5,1,17.93
101012,BIZ_BANK,18,1,13,1,10,4,11,5,1,51.02
101033,FIXED_DEP,15,1,26,1,7,6,14,2,1,17.51
101056,INSURANCE,20,0,3,0,10,6,11,2,1,36.3
101056,ONLINE_SUP,12,0,8,1,6,4,13,4,0,19.6
101045,ATM_CDM,8,1,6,1,4,5,9,3,1,4.51
101078,INVEST,22,0,8,1,4,6,14,1,1,19.3
101033,ATM_CDM,8,1,30,1,7,7,10,5,1,10.3
101033,REMITTANCE,10,1,10,1,13,8,10,5,1,17.2
101033,CUST_SVC,10,1,13,1,5,7,14,4,1,6.23
101033,DEPOSIT,6,1,23,1,5,2,13,1,0,21.14
101012,CREDIT_CARD,12,0,33,1,8,4,9,1,1,37.92
101056,DEPOSIT,6,0,30,1,10,5,15,2,1,7.12
101056,CUST_SVC,10,1,6,1,8,4,11,4,1,26.3
101033,ONLINE_SUP,12,1,8,1,6,4,11,3,1,13.58
101012,ACC_OPEN,25,1,26,1,10,4,9,5,1,65.24
101078,FIXED_DEP,15,1,20,1,4,4,14,3,1,17.8
101012,ATM_CDM,8,1,20,1,14,4,10,1,1,41.72
101012,DEPOSIT,6,1,33,1,11,7,9,1,1,14.93
101033,CREDIT_CARD,12,1,5,1,3,6,14,3,1,6.05
101012,CUST_SVC,10,0,17,1,4,2,13,1,0,10.81
101012,CUST_SVC,10,1,11,1,9,2,12,1,0,54.64
101056,CREDIT_CARD,12,1,23,1,6,4,13,2,0,8.73
101045,ONLINE_SUP,12,1,6,1,3,6,14,5,1,3.84
101078,ATM_CDM,8,0,11,1,4,5,16,3,1,7.11
101012,LOAN,30,1,9,1,10,5,15,3,1,61.71
101045,CUST_SVC,10,1,5,1,6,5,16,2,1,16.39
101078,DEPOSIT,6,0,6,1,10,4,14,5,1,17.03
101056,DEPOSIT,6,1,10,1,2,4,16,5,1,4.23
101012,ACC_OPEN,25,0,25,1,12,4,11,1,1,90.0
101045,DEPOSIT,6,1,3,1,6,7,15,5,1,9.86
101045,CUST_SVC,10,1,10,1,4,4,12,5,0,13.58
101056,CREDIT_CARD,12,1,7,1,2,6,14,1,1,5.38
101078,INVEST,22,0,13,1,2,4,12,3,0,7.58
101056,DEPOSIT,6,0,15,0,10,5,11,1,1,14.12
101078,BIZ_BANK,18,1,4,1,6,5,11,1,1,19.48
101078,FIXED_DEP,15,1,22,1,7,8,9,4,1,6.03
101078,FIXED_DEP,15,1,42,1,13,5,16,5,1,23.25
101033,DEPOSIT,6,1,3,1,0,7,11,3,1,1.87
101056,CREDIT_CARD,12,1,11,1,3,3,16,4,1,8.57
101033,DEPOSIT,6,1,18,1,7,5,14,1,1,11.75
101056,REMITTANCE,10,0,2,1,4,7,14,4,1,5.08
101078,CREDIT_CARD,12,0,21,1,9,3,16,4,1,16.25
101045,ACC_OPEN,25,1,2,1,7,5,9,3,1,38.49
101033,DEPOSIT,6,1,33,1,10,5,15,3,1,9.5
101045,FIXED_DEP,15,0,10,1,7,2,12,2,0,30.89
101012,ATM_CDM,8,1,2,1,5,5,14,3,1,8.22
101056,INSURANCE,20,0,27,1,6,6,11,5,1,15.7
101078,REMITTANCE,10,0,10,0,7,6,15,2,1,13.45
101012,ATM_CDM,8,0,36,1,9,3,16,4,1,34.42
101056,INVEST,22,1,14,1,9,4,16,1,1,64.55
101045,ACC_OPEN,25,1,4,1,8,5,9,1,1,54.11
101012,DEPOSIT,6,1,39,1,11,7,9,1,1,12.83
101056,ACC_OPEN,25,1,33,1,8,2,13,3,0,83.85
101056,CUST_SVC,10,1,1,1,8,3,13,1,0,11.04
101033,ONLINE_SUP,12,1,45,1,12,5,14,5,1,28.47
101056,ATM_CDM,8,1,7,1,9,5,9,3,1,14.98
101045,ATM_CDM,8,1,28,1,8,6,14,2,1,8.8
101056,CUST_SVC,10,1,31,1,9,5,15,5,1,21.08
101056,CUST_SVC,10,1,6,1,8,5,11,2,1,16.25
101056,LOAN,30,0,27,1,10,4,15,2,1,67.78
101012,ATM_CDM,8,1,14,1,9,6,11,5,1,14.61
101045,DEPOSIT,6,0,30,1,11,6,10,5,1,3.97
101033,FIXED_DEP,15,0,10,1,6,5,10,4,1,13.7
101056,ACC_OPEN,25,0,6,0,10,4,10,5,1,67.85
101045,DEPOSIT,6,0,12,1,5,6,9,3,1,3.37
101012,ATM_CDM,8,1,6,1,9,8,11,4,1,15.04
101045,ACC_OPEN,25,1,9,1,5,4,10,5,1,21.08
101078,FIXED_DEP,15,0,11,1,11,5,10,3,1,30.87
101012,DEPOSIT,6,0,27,1,13,6,15,1,1,8.31
101045,LOAN,30,1,1,1,1,4,13,5,0,4.39
101012,CUST_SVC,10,0,22,0,6,4,9,3,1,12.88
101033,DEPOSIT,6,0,17,1,12,6,10,2,1,16.96
101045,INVEST,22,1,9,1,0,6,15,3,1,1.2
101012,DEPOSIT,6,1,37,1,16,4,10,1,1,13.76
101078,FIXED_DEP,15,1,15,1,5,7,9,2,1,13.8
101012,ATM_CDM,8,1,7,1,10,5,11,1,1,24.1
101033,CREDIT_CARD,12,1,19,1,8,5,11,5,1,29.58
101056,BIZ_BANK,18,0,17,0,5,6,16,4,1,17.32
101045,CUST_SVC,10,1,6,1,8,4,9,1,1,31.24
101056,CREDIT_CARD,12,0,14,1,6,4,14,2,1,26.16
101078,ATM_CDM,8,0,18,0,5,5,10,3,1,8.74
101056,LOAN,30,1,30,1,10,6,15,1,1,25.41
101033,FIXED_DEP,15,1,13,1,3,4,16,5,1,8.93
101056,WITHDRAW,5,0,3,1,4,6,16,2,1,1.96
101045,FIXED_DEP,15,1,17,1,9,6,14,5,1,24.82
101078,ATM_CDM,8,0,15,0,6,6,15,5,1,5.09
101033,INVEST,22,0,20,1,5,4,16,4,1,21.46
101078,INVEST,22,1,10,1,3,4,12,5,0,23.78
101012,INSURANCE,20,1,4,1,15,5,9,1,1,90.0
101078,CREDIT_CARD,12,1,12,1,5,4,15,3,1,17.39
101045,ATM_CDM,8,1,9,1,3,4,13,1,0,4.51
101012,FIXED_DEP,15,0,8,1,3,7,15,4,1,9.52
101033,REMITTANCE,10,1,16,1,6,7,10,4,1,11.65
101045,ATM_CDM,8,1,13,1,8,4,14,3,1,9.77
101078,INSURANCE,20,1,8,1,2,6,11,4,1,10.1
101033,CREDIT_CARD,12,1,42,1,11,8,9,1,1,18.63
101056,REMITTANCE,10,0,3,1,6,7,15,2,1,7.08
101056,DEPOSIT,6,0,2,1,4,6,9,5,1,5.32
101078,CUST_SVC,10,1,5,1,5,4,15,5,1,19.1
101056,ATM_CDM,8,1,7,1,4,4,12,5,0,8.06
101033,REMITTANCE,10,0,4,1,8,6,15,4,1,16.02
101012,INSURANCE,20,1,1,1,13,6,10,5,1,48.15
101078,ATM_CDM,8,1,10,1,9,5,15,2,1,14.51
101045,INSURANCE,20,1,10,1,6,3,13,1,0,62.93
101012,ATM_CDM,8,1,21,1,6,4,11,4,1,11.25
101078,ONLINE_SUP,12,1,2,1,4,4,9,4,1,13.19
101012,ACC_OPEN,25,1,23,1,5,6,15,3,1,27.4
101045,BIZ_BANK,18,0,10,0,5,5,15,3,1,30.11
101033,DEPOSIT,6,1,15,1,3,3,12,2,0,9.9
101012,CUST_SVC,10,0,14,1,5,3,12,2,0,14.0
101078,CUST_SVC,10,1,6,1,5,4,16,1,1,10.76
101033,CUST_SVC,10,1,21,1,6,7,10,3,1,6.03
101033,CREDIT_CARD,12,1,17,1,9,7,14,2,1,20.52
101012,REMITTANCE,10,1,20,1,7,4,13,1,0,19.03
101078,DEPOSIT,6,1,25,1,7,7,15,1,1,8.01
101012,ATM_CDM,8,1,29,1,7,4,12,1,0,10.58
101056,ACC_OPEN,25,1,15,1,4,3,16,3,1,44.23
101078,DEPOSIT,6,1,2,1,5,5,14,5,1,7.93
101078,FIXED_DEP,15,0,13,1,4,7,9,3,1,3.71
101033,ATM_CDM,8,0,14,1,10,7,10,5,1,10.57
101078,ONLINE_SUP,12,1,20,1,7,5,14,5,1,7.98
101045,DEPOSIT,6,1,16,1,5,6,11,2,1,6.36
101012,ACC_OPEN,25,0,11,1,11,7,16,1,1,39.12
101078,ATM_CDM,8,1,44,1,13,5,16,2,1,21.83
101056,ATM_CDM,8,1,18,1,10,5,15,2,1,11.87
101033,ATM_CDM,8,1,7,1,8,6,11,1,1,11.34
101045,LOAN,30,1,26,1,6,2,12,2,0,66.75
101045,CUST_SVC,10,1,1,1,6,5,14,2,1,11.29
101045,ATM_CDM,8,1,5,1,9,4,15,5,1,12.14
101033,ATM_CDM,8,1,3,1,9,4,14,5,1,18.71
101045,INVEST,22,1,3,1,4,7,9,3,1,8.68
101056,CUST_SVC,10,1,3,1,9,4,10,3,1,17.83
101056,CREDIT_CARD,12,1,24,1,7,4,9,5,1,25.16
101056,INVEST,22,1,24,1,5,4,10,3,1,35.88
101056,ACC_OPEN,25,1,15,1,6,3,12,1,0,52.11
101045,WITHDRAW,5,0,8,1,8,6,10,5,1,6.3
101078,DEPOSIT,6,0,16,1,7,6,15,1,1,1.25
101033,DEPOSIT,6,1,3,1,5,4,16,2,1,8.74
101045,INSURANCE,20,0,24,0,6,4,9,4,1,24.02
101012,DEPOSIT,6,0,6,1,2,3,12,3,0,4.98
101056,INVEST,22,1,26,1,10,4,9,2,1,73.82
101045,CREDIT_CARD,12,0,5,1,5,6,9,1,1,6.59
101056,CUST_SVC,10,1,25,1,10,2,13,2,0,65.33
101033,DEPOSIT,6,1,9,1,3,5,10,4,1,4.9
101012,CREDIT_CARD,12,1,5,1,11,7,15,1,1,16.09
101056,CUST_SVC,10,1,1,1,16,7,15,2,1,26.19
101012,BIZ_BANK,18,0,15,0,3,6,15,5,1,9.6
101045,ATM_CDM,8,1,5,1,3,5,14,4,1,2.83
101056,INVEST,22,1,14,1,6,5,15,1,1,23.99
101078,CREDIT_CARD,12,1,42,1,11,7,15,1,1,21.32
101056,INSURANCE,20,1,5,1,4,3,16,3,1,32.01
101012,REMITTANCE,10,0,29,1,11,6,15,1,1,12.76
101045,BIZ_BANK,18,0,20,1,5,3,13,3,0,22.07
101078,BIZ_BANK,18,1,14,1,10,4,14,5,1,40.91
101045,CUST_SVC,10,1,23,1,5,5,14,2,1,12.32
101045,INVEST,22,1,15,1,5,3,13,5,0,36.79
101012,INVEST,22,1,37,1,11,6,11,5,1,44.37
101078,INVEST,22,0,32,1,9,3,13,1,0,57.57
101045,CREDIT_CARD,12,1,3,1,8,6,10,5,1,17.7
101045,ATM_CDM,8,1,12,1,2,3,13,3,0,3.46
101078,LOAN,30,0,15,0,3,4,10,2,1,28.63
101045,CREDIT_CARD,12,1,5,1,1,2,13,5,0,3.57
101056,ONLINE_SUP,12,0,27,1,7,8,9,4,1,16.19
101033,CUST_SVC,10,0,25,1,6,5,10,5,1,9.16
101056,ATM_CDM,8,1,45,1,12,5,15,1,1,20.57
101045,BIZ_BANK,18,0,9,1,7,6,10,2,1,22.85
101033,ATM_CDM,8,0,17,1,3,4,13,3,0,3.52
101012,DEPOSIT,6,1,22,1,5,7,14,4,1,2.13
101078,CREDIT_CARD,12,1,13,1,10,7,14,1,1,17.94
101056,DEPOSIT,6,1,23,1,12,6,15,5,1,6.52
101056,INSURANCE,20,1,36,1,9,5,9,1,1,68.84
101078,FIXED_DEP,15,0,2,1,7,7,9,2,1,7.06
101045,CREDIT_CARD,12,1,5,1,2,4,12,5,0,4.8
101045,CUST_SVC,10,1,13,1,3,3,13,2,0,8.94
101033,LOAN,30,1,18,1,6,4,10,5,1,33.89
101078,CUST_SVC,10,1,16,1,8,6,10,1,1,12.99
101045,CUST_SVC,10,1,10,1,5,5,10,5,1,8.79
101012,CUST_SVC,10,0,27,1,9,6,9,3,1,14.33
101033,FIXED_DEP,15,1,16,1,4,4,12,3,0,19.78
101056,ACC_OPEN,25,1,24,1,5,4,14,1,1,34.7
101078,REMITTANCE,10,0,6,0,8,6,10,1,1,14.67
101033,DEPOSIT,6,1,25,1,8,5,15,3,1,7.3
101056,ATM_CDM,8,0,31,1,9,6,15,3,1,17.47
101012,CUST_SVC,10,1,31,1,11,5,10,1,1,39.92
101012,ACC_OPEN,25,1,3,1,9,5,11,4,1,68.07
101056,INSURANCE,20,1,5,1,6,8,15,3,1,11.99
101056,DEPOSIT,6,0,2,1,5,5,11,4,1,5.68
101078,INSURANCE,20,1,9,1,7,6,11,4,1,30.11
101056,REMITTANCE,10,0,38,0,12,3,13,2,0,43.11
101012,INVEST,22,1,16,1,5,5,15,2,1,17.46
101012,INVEST,22,1,20,1,7,4,11,4,1,43.91
101045,CREDIT_CARD,12,1,3,1,4,7,14,5,1,11.31
101033,CREDIT_CARD,12,1,8,1,7,5,11,1,1,17.55
101078,INVEST,22,0,23,1,6,4,9,5,1,43.27
101012,FIXED_DEP,15,0,14,1,13,8,11,4,1,29.8
101078,ONLINE_SUP,12,1,4,1,2,7,9,3,1,3.62
101012,INSURANCE,20,1,33,1,10,4,11,1,1,58.95
101056,ACC_OPEN,25,1,3,1,6,6,11,3,1,33.11
101045,CUST_SVC,10,0,10,1,3,5,11,1,1,4.51
101078,CREDIT_CARD,12,0,4,1,5,3,13,5,0,20.83
101012,WITHDRAW,5,1,36,1,9,4,14,2,1,8.04
101078,ONLINE_SUP,12,0,4,1,5,6,9,5,1,7.67
101033,DEPOSIT,6,1,8,1,3,2,13,3,0,9.91
101056,DEPOSIT,6,1,13,1,10,4,10,1,1,12.74
101056,CUST_SVC,10,1,27,1,9,6,14,1,1,18.77
101033,DEPOSIT,6,1,17,1,6,4,13,4,0,4.71
101033,INVEST,22,1,17,1,9,8,15,1,1,27.65
101078,CUST_SVC,10,1,15,1,3,6,15,4,1,9.94
101033,CUST_SVC,10,1,26,1,6,7,9,2,1,8.95
101078,DEPOSIT,6,1,29,1,9,4,9,2,1,13.47
101033,CUST_SVC,10,1,2,1,5,6,10,5,1,15.13
101012,CREDIT_CARD,12,1,28,1,10,4,15,3,1,40.23
101056,ATM_CDM,8,1,43,1,13,6,14,2,1,11.02
101033,CREDIT_CARD,12,0,5,1,1,2,12,4,0,5.03
101045,CUST_SVC,10,0,17,0,4,4,10,4,1,11.58
101033,BIZ_BANK,18,1,19,1,8,5,16,1,1,20.78
101078,ACC_OPEN,25,1,34,1,9,4,15,2,1,76.14
101033,INSURANCE,20,0,18,1,5,3,12,3,0,22.52
101078,FIXED_DEP,15,1,3,1,3,4,13,2,0,6.42
101078,CUST_SVC,10,1,2,1,6,6,15,3,1,11.98
101045,DEPOSIT,6,1,7,1,4,6,14,3,1,2.97
101033,DEPOSIT,6,1,8,1,5,3,13,2,0,10.85
101056,FIXED_DEP,15,1,16,1,7,7,16,1,1,15.98
101078,LOAN,30,1,20,1,9,4,10,5,1,47.05
101012,CUST_SVC,10,1,10,1,3,5,10,3,1,6.46
101056,REMITTANCE,10,1,24,1,7,7,9,4,1,7.45
101078,ATM_CDM,8,0,17,1,11,6,14,1,1,18.61
101045,ONLINE_SUP,12,0,35,1,12,4,11,5,1,17.1
101012,WITHDRAW,5,1,4,1,8,7,14,3,1,4.69
101056,CUST_SVC,10,1,1,1,8,2,13,1,0,45.81
101078,CUST_SVC,10,0,25,1,7,6,10,5,1,12.69
101045,REMITTANCE,10,1,9,1,8,4,11,1,1,25.14
101045,DEPOSIT,6,0,2,1,10,7,15,2,1,14.81
101033,DEPOSIT,6,1,21,1,6,8,11,2,1,2.67
101056,DEPOSIT,6,1,27,1,8,5,11,4,1,10.41
101033,INSURANCE,20,1,11,1,11,7,9,1,1,24.41
101045,INSURANCE,20,1,17,1,3,4,14,4,1,12.8
101012,ACC_OPEN,25,0,5,1,10,4,15,1,1,83.9
101012,FIXED_DEP,15,1,18,1,7,4,9,3,1,24.65
101045,ACC_OPEN,25,0,14,0,5,4,15,4,1,45.81
101045,ATM_CDM,8,1,15,1,8,6,9,5,1,15.71
101045,ACC_OPEN,25,1,5,1,5,6,14,1,1,15.67
101078,INSURANCE,20,1,18,1,3,5,14,3,1,16.27
101056,INVEST,22,1,21,1,5,4,11,4,1,35.96
101078,DEPOSIT,6,0,22,1,6,5,9,5,1,5.07
101045,CREDIT_CARD,12,1,19,1,5,6,14,1,1,7.48
101033,ATM_CDM,8,0,18,1,4,7,9,2,1,2.15
101033,ACC_OPEN,25,1,6,1,3,6,11,2,1,14.77
101056,LOAN,30,0,19,1,7,4,14,1,1,40.23
101012,ATM_CDM,8,1,1,1,5,3,13,1,0,8.56
101078,CUST_SVC,10,1,33,1,8,5,16,1,1,17.47
101056,ATM_CDM,8,1,13,1,3,2,12,5,0,16.5
101056,DEPOSIT,6,0,23,1,5,4,14,3,1,10.96
101056,ATM_CDM,8,1,28,1,7,4,15,1,1,20.05
101078,LOAN,30,1,6,1,5,2,13,1,0,70.49
101078,REMITTANCE,10,1,13,1,3,4,13,5,0,5.43
101045,BIZ_BANK,18,1,11,1,4,7,11,1,1,15.2
101033,DEPOSIT,6,1,10,1,6,7,9,5,1,6.45
101045,INVEST,22,0,10,1,6,2,13,4,0,80.02
101033,ONLINE_SUP,12,1,10,1,6,5,15,5,1,19.51
101033,INVEST,22,1,7,1,9,8,15,5,1,36.48
101033,REMITTANCE,10,0,13,0,3,5,9,4,1,8.53
101078,CREDIT_CARD,12,1,13,1,2,2,12,2,0,14.29
101078,CREDIT_CARD,12,1,35,1,11,5,11,5,1,38.03
101078,DEPOSIT,6,1,18,1,10,5,11,3,1,13.14
101056,INSURANCE,20,1,8,1,7,6,16,5,1,18.04
101045,CUST_SVC,10,0,21,1,4,6,9,1,1,10.35
101056,DEPOSIT,6,1,38,1,12,7,10,5,1,14.75
101012,ACC_OPEN,25,0,11,1,5,5,11,2,1,19.95
101012,DEPOSIT,6,1,18,1,3,4,9,4,1,6.78
101078,WITHDRAW,5,1,33,1,9,7,9,5,1,9.84
101012,INVEST,22,1,12,1,11,7,10,4,1,28.86
101078,LOAN,30,0,28,0,9,6,15,1,1,65.3
101078,CUST_SVC,10,1,8,1,3,7,10,2,1,6.87
101012,CUST_SVC,10,1,15,1,6,7,11,5,1,17.05
101033,DEPOSIT,6,1,11,1,1,4,11,3,1,1.38
101056,DEPOSIT,6,1,23,1,6,7,11,2,1,6.48
101078,BIZ_BANK,18,1,10,1,5,2,12,1,0,39.66
101045,CUST_SVC,10,1,11,1,2,5,16,1,1,3.19
101033,INSURANCE,20,0,23,1,11,6,10,2,1,44.63
101056,CUST_SVC,10,1,27,1,7,4,9,1,1,17.47
101045,CREDIT_CARD,12,0,18,0,3,3,16,3,1,4.63
101045,ACC_OPEN,25,1,24,1,5,2,13,3,0,67.88
101078,REMITTANCE,10,1,14,1,8,5,14,4,1,16.5
101045,ACC_OPEN,25,1,17,1,7,5,15,2,1,35.75
101033,ATM_CDM,8,1,33,1,10,4,10,2,1,20.67
101078,LOAN,30,1,8,1,5,7,10,4,1,22.9
101056,CREDIT_CARD,12,1,4,1,6,7,10,2,1,11.93
101056,DEPOSIT,6,1,11,1,2,3,13,1,0,5.76
101078,LOAN,30,1,17,1,6,4,14,5,1,34.91
101056,INSURANCE,20,1,1,1,6,6,11,3,1,23.97
101056,FIXED_DEP,15,1,7,1,4,4,16,5,1,8.41
101045,ACC_OPEN,25,1,24,1,6,3,16,1,1,63.48
101078,REMITTANCE,10,1,29,1,10,4,11,1,1,40.48
101012,DEPOSIT,6,0,3,1,12,6,10,2,1,10.59
101078,LOAN,30,1,14,1,2,2,12,3,0,29.81
101033,DEPOSIT,6,1,5,1,7,4,9,3,1,8.79
101033,BIZ_BANK,18,1,29,1,10,6,11,1,1,38.63
101033,DEPOSIT,6,1,28,1,7,6,14,3,1,7.36
101045,DEPOSIT,6,1,14,1,2,4,13,5,0,3.64
101078,ACC_OPEN,25,0,29,1,8,5,14,1,1,58.55
101056,LOAN,30,1,20,1,4,4,12,2,0,34.24
101078,REMITTANCE,10,1,14,1,4,8,11,3,1,3.52
101056,DEPOSIT,6,0,40,1,13,4,9,1,1,9.0
101012,ACC_OPEN,25,1,17,1,11,6,9,5,1,50.75
101033,FIXED_DEP,15,1,13,1,7,7,9,2,1,19.55
101033,CUST_SVC,10,1,6,1,8,4,14,2,1,25.44
101056,ACC_OPEN,25,1,6,1,5,6,16,3,1,16.73
101045,DEPOSIT,6,1,4,1,3,6,9,4,1,4.51
101078,INVEST,22,1,6,1,7,5,10,2,1,43.44
101056,INVEST,22,1,5,1,8,6,11,2,1,44.58
101056,INVEST,22,1,9,1,15,5,15,1,1,66.74
101033,LOAN,30,0,14,0,3,2,12,2,0,54.31
101012,DEPOSIT,6,0,21,1,5,5,16,4,1,5.78
101056,WITHDRAW,5,0,1,1,10,4,9,2,1,9.56
101012,ATM_CDM,8,1,48,1,15,5,14,1,1,29.71
101033,DEPOSIT,6,1,14,1,9,6,15,5,1,9.06
101033,CUST_SVC,10,1,9,1,1,5,16,2,1,6.06
101033,ATM_CDM,8,1,17,1,5,4,9,1,1,15.8
101056,ATM_CDM,8,0,16,1,3,4,12,1,0,5.59
101056,CUST_SVC,10,1,3,1,10,6,11,2,1,11.63
101012,ACC_OPEN,25,0,20,1,4,5,11,3,1,29.02
101045,CREDIT_CARD,12,1,5,1,6,2,13,4,0,38.21
101056,CUST_SVC,10,1,20,1,10,7,15,1,1,12.87
101078,INSURANCE,20,1,26,1,6,2,13,3,0,23.51
101056,ACC_OPEN,25,1,10,1,3,6,9,5,1,8.47
101056,ACC_OPEN,25,1,36,1,12,5,15,1,1,90.0
101012,ACC_OPEN,25,1,16,1,7,7,11,3,1,14.57
101056,ACC_OPEN,25,0,28,1,7,5,10,1,1,20.94
101012,ACC_OPEN,25,0,5,0,13,7,10,2,1,55.4
101012,CREDIT_CARD,12,1,36,1,13,4,12,5,0,34.68
101056,CUST_SVC,10,1,20,1,9,6,14,3,1,16.14
101056,INSURANCE,20,1,9,1,4,6,9,4,1,17.62
101045,LOAN,30,1,7,1,5,5,9,2,1,35.22
101033,ACC_OPEN,25,1,31,1,10,5,10,1,1,59.03
101078,LOAN,30,1,3,1,8,6,10,2,1,49.35
101033,ATM_CDM,8,0,28,0,7,6,14,4,1,10.74
101056,CUST_SVC,10,1,23,1,8,3,12,5,0,25.35
101033,INSURANCE,20,1,12,1,3,4,9,4,1,15.12
101045,DEPOSIT,6,0,13,1,8,4,14,3,1,11.85
101033,DEPOSIT,6,1,6,1,5,8,11,3,1,5.14
101056,CUST_SVC,10,1,5,1,2,2,12,3,0,7.67
101078,BIZ_BANK,18,1,17,1,3,6,9,5,1,8.9
101078,DEPOSIT,6,1,8,1,5,2,13,5,0,15.69
101078,FIXED_DEP,15,1,18,1,3,3,16,4,1,14.4
101056,ATM_CDM,8,1,14,1,5,2,13,1,0,16.9
101056,DEPOSIT,6,0,14,1,6,7,11,2,1,7.88
101033,CREDIT_CARD,12,1,3,1,11,6,10,5,1,23.41
101078,CUST_SVC,10,1,20,1,4,5,10,4,1,9.92
101045,LOAN,30,1,6,1,2,4,12,4,0,14.98
101012,ACC_OPEN,25,1,3,1,4,7,9,4,1,22.13
101056,ATM_CDM,8,1,42,1,13,6,10,5,1,17.11
101045,CUST_SVC,10,1,19,1,7,6,10,5,1,13.62
101012,WITHDRAW,5,0,16,1,10,4,14,1,1,14.46
101045,CUST_SVC,10,0,5,1,5,6,16,1,1,8.78
101033,BIZ_BANK,18,1,17,1,3,5,9,1,1,13.5
101033,REMITTANCE,10,0,18,1,8,4,9,4,1,13.06
101033,BIZ_BANK,18,1,10,1,2,7,15,3,1,4.45
101045,DEPOSIT,6,1,23,1,7,5,11,2,1,9.06
101078,CREDIT_CARD,12,0,10,1,8,3,13,5,0,16.78
101078,DEPOSIT,6,1,4,1,7,5,10,2,1,9.89
101045,ATM_CDM,8,1,28,1,8,4,14,5,1,13.57
101045,ATM_CDM,8,1,1,1,7,7,11,2,1,10.18
101078,FIXED_DEP,15,1,8,1,6,7,14,1,1,19.6
101056,CUST_SVC,10,0,34,1,9,6,16,1,1,21.25
101078,REMITTANCE,10,0,5,1,2,6,11,2,1,3.63
101045,BIZ_BANK,18,0,8,1,4,4,13,2,0,15.88
101033,ATM_CDM,8,1,29,1,9,5,16,4,1,16.63
101078,ACC_OPEN,25,1,8,1,7,5,15,5,1,28.97
101033,INSURANCE,20,1,2,1,3,6,10,2,1,10.04
101045,ACC_OPEN,25,1,5,1,7,4,14,1,1,47.51
101012,DEPOSIT,6,1,14,1,4,8,11,4,1,2.36
101078,CUST_SVC,10,1,17,1,7,4,13,1,0,24.02
101056,ACC_OPEN,25,0,7,1,12,4,10,3,1,90.0
101045,LOAN,30,1,21,1,6,8,11,2,1,37.83
101012,DEPOSIT,6,1,18,1,8,4,16,5,1,17.81
101056,REMITTANCE,10,1,18,1,5,7,14,3,1,5.0
101045,ACC_OPEN,25,1,9,1,2,6,10,5,1,9.37
101045,ATM_CDM,8,1,2,1,6,5,10,3,1,6.44
101033,ONLINE_SUP,12,1,6,1,4,5,10,4,1,8.05
101078,CREDIT_CARD,12,1,30,1,7,6,16,1,1,14.7
101033,CREDIT_CARD,12,1,2,1,5,3,13,1,0,20.18
101056,DEPOSIT,6,1,5,1,6,5,9,4,1,4.57
101056,ACC_OPEN,25,1,18,1,3,4,13,1,0,15.75
101045,LOAN,30,1,10,1,6,4,13,1,0,50.75
101033,ATM_CDM,8,0,6,1,4,4,13,2,0,5.01
101012,DEPOSIT,6,0,1,1,6,6,15,4,1,9.47
101045,ATM_CDM,8,1,8,1,3,4,13,4,0,5.58
101056,ACC_OPEN,25,0,21,1,8,4,15,2,1,50.93
101033,ATM_CDM,8,1,9,1,5,4,13,4,0,8.33
101056,DEPOSIT,6,0,20,0,6,7,11,5,1,7.39
101012,ACC_OPEN,25,0,3,1,6,4,16,3,1,27.46
101078,REMITTANCE,10,1,41,1,14,6,9,1,1,48.1
101078,DEPOSIT,6,0,42,1,12,4,14,1,1,15.65
101045,CUST_SVC,10,1,19,1,4,6,14,2,1,6.2
101045,INSURANCE,20,1,6,1,0,4,13,3,0,0.53
101033,CUST_SVC,10,1,25,1,8,6,16,3,1,18.13
101078,ONLINE_SUP,12,1,1,1,10,6,9,2,1,16.81
101033,DEPOSIT,6,1,10,1,7,4,9,5,1,9.33
101078,LOAN,30,1,1,1,9,4,10,1,1,81.38
101056,BIZ_BANK,18,0,7,1,5,8,11,1,1,10.48
101045,CUST_SVC,10,1,36,1,9,6,14,5,1,19.43
101056,DEPOSIT,6,1,4,1,6,4,11,5,1,4.26
101033,CUST_SVC,10,1,13,1,11,5,9,2,1,26.36
101045,WITHDRAW,5,0,9,1,6,7,9,3,1,3.57
101078,REMITTANCE,10,1,17,1,6,4,11,1,1,14.44
101045,WITHDRAW,5,1,24,1,10,7,15,5,1,7.25
101012,DEPOSIT,6,0,13,1,4,6,14,5,1,6.1
101012,BIZ_BANK,18,1,24,1,10,5,10,5,1,41.87
101056,CUST_SVC,10,0,5,1,2,7,11,3,1,2.33
101045,LOAN,30,0,8,1,2,3,13,2,0,15.56
101012,CUST_SVC,10,1,13,1,7,3,16,1,1,28.2
101012,BIZ_BANK,18,1,13,1,7,4,12,5,0,17.87
101056,INVEST,22,1,17,1,7,7,10,3,1,33.0
101012,CUST_SVC,10,1,3,1,2,4,12,4,0,7.25
101033,BIZ_BANK,18,0,22,1,7,4,16,2,1,20.2
101045,CUST_SVC,10,1,3,1,1,8,9,3,1,2.22
101078,CUST_SVC,10,1,6,1,2,3,13,4,0,4.71
101078,REMITTANCE,10,0,5,1,9,5,14,3,1,20.26
101012,CREDIT_CARD,12,1,16,1,5,3,12,3,0,21.98
101045,LOAN,30,1,26,1,7,3,13,1,0,80.03
101078,CREDIT_CARD,12,0,19,1,4,5,15,4,1,9.51
101012,CUST_SVC,10,1,3,1,9,5,9,4,1,25.45
101056,ONLINE_SUP,12,1,20,1,4,4,13,3,0,10.69
101056,CUST_SVC,10,1,9,1,2,3,12,2,0,9.94
101012,ATM_CDM,8,1,20,1,10,6,11,5,1,9.54
101012,DEPOSIT,6,1,26,1,14,5,15,1,1,16.31
101045,ATM_CDM,8,0,2,1,6,4,11,3,1,8.15
101033,BIZ_BANK,18,1,22,1,7,7,9,2,1,22.99
101033,ACC_OPEN,25,0,7,1,3,7,14,2,1,11.01
101045,ATM_CDM,8,1,24,1,5,7,10,1,1,3.92
101033,CREDIT_CARD,12,1,11,1,5,7,10,5,1,11.5
101033,ATM_CDM,8,1,24,1,10,5,16,1,1,10.34
101078,CUST_SVC,10,1,4,1,7,5,15,5,1,20.46
101045,CUST_SVC,10,1,2,1,3,8,15,4,1,2.53
101012,BIZ_BANK,18,1,15,1,17,6,10,5,1,72.7
101056,DEPOSIT,6,1,17,1,4,3,12,4,0,4.62
101012,BIZ_BANK,18,1,21,1,11,3,13,1,0,64.95
101056,CUST_SVC,10,0,4,1,4,7,15,4,1,3.41
101033,CUST_SVC,10,0,19,1,13,6,9,5,1,24.22
101033,CREDIT_CARD,12,1,19,1,5,7,15,5,1,11.71
101056,DEPOSIT,6,0,18,1,6,2,13,1,0,11.88
101045,WITHDRAW,5,1,14,1,7,4,15,4,1,13.19
101056,CREDIT_CARD,12,1,13,1,9,6,10,5,1,24.56
101012,INVEST,22,0,39,1,11,6,16,5,1,42.95
101056,ATM_CDM,8,0,15,1,8,3,16,5,1,15.34
101012,ATM_CDM,8,1,15,1,9,4,9,5,1,21.81
101012,DEPOSIT,6,0,14,1,9,6,15,1,1,9.24
101012,ATM_CDM,8,1,4,1,8,4,9,4,1,21.39
101033,WITHDRAW,5,0,15,1,10,4,9,1,1,12.28
101033,BIZ_BANK,18,1,7,1,11,4,10,4,1,72.63
101012,ATM_CDM,8,1,26,1,11,6,16,1,1,23.95
101045,BIZ_BANK,18,1,5,1,4,4,16,3,1,23.4
101056,CREDIT_CARD,12,0,22,1,5,6,15,1,1,7.76
101012,DEPOSIT,6,1,45,1,16,6,9,1,1,27.43
101012,CREDIT_CARD,12,1,17,1,5,2,13,1,0,29.28
101045,DEPOSIT,6,1,17,1,3,6,9,4,1,4.69
101045,DEPOSIT,6,1,10,1,9,6,9,3,1,12.45
101056,BIZ_BANK,18,0,1,0,11,4,11,5,1,26.34
101033,CUST_SVC,10,1,7,1,2,2,13,5,0,14.14
101012,BIZ_BANK,18,1,19,1,6,5,14,4,1,18.64
101056,CUST_SVC,10,1,34,1,12,4,14,5,1,37.23
101012,FIXED_DEP,15,0,8,1,7,4,12,5,0,28.43
101045,FIXED_DEP,15,0,18,1,7,5,9,5,1,17.6
101012,ATM_CDM,8,0,41,1,12,8,10,3,1,6.13
101033,ONLINE_SUP,12,1,14,1,9,5,11,4,1,23.25
101078,REMITTANCE,10,1,22,1,6,2,13,5,0,38.18
101045,DEPOSIT,6,1,18,1,4,5,10,2,1,5.37
101056,INSURANCE,20,0,4,1,5,2,13,5,0,45.68
101056,INVEST,22,1,29,1,7,7,10,3,1,20.6
101033,ACC_OPEN,25,1,19,1,5,4,9,2,1,43.44
101056,FIXED_DEP,15,0,17,0,5,3,16,3,1,37.03
101056,INSURANCE,20,0,17,1,8,4,11,2,1,45.69
101012,ATM_CDM,8,0,26,1,6,4,16,4,1,9.22
101045,BIZ_BANK,18,0,12,1,8,5,10,4,1,19.78
101078,CREDIT_CARD,12,0,17,1,5,7,14,3,1,9.63
101056,DEPOSIT,6,1,25,1,8,6,9,3,1,10.55
101012,ONLINE_SUP,12,0,28,1,7,4,12,1,0,16.01
101056,WITHDRAW,5,1,14,1,9,7,10,2,1,4.81
101012,ATM_CDM,8,0,5,1,9,6,14,2,1,11.97
101012,FIXED_DEP,15,0,12,0,6,6,10,4,1,4.07
101056,INVEST,22,0,25,1,11,4,14,1,1,75.63
101056,ACC_OPEN,25,1,24,1,7,4,9,3,1,37.69
101078,CREDIT_CARD,12,1,8,1,9,5,15,4,1,33.58
101078,ATM_CDM,8,1,10,1,1,6,14,3,1,1.21
101045,LOAN,30,0,23,1,11,5,9,1,1,48.94
101078,INSURANCE,20,1,9,1,2,2,13,2,0,30.35
101056,LOAN,30,0,38,1,12,4,9,5,1,90.0
101078,DEPOSIT,6,1,5,1,4,7,10,2,1,3.54
101078,INVEST,22,0,15,1,9,7,10,1,1,36.03
101078,BIZ_BANK,18,1,3,1,2,2,13,3,0,14.44
101045,ATM_CDM,8,1,18,1,6,4,15,4,1,15.41
101056,INSURANCE,20,1,18,1,5,5,11,4,1,23.68
101012,DEPOSIT,6,1,20,1,8,6,9,2,1,12.35
101056,ACC_OPEN,25,0,41,1,13,6,11,1,1,90.0
101033,ATM_CDM,8,1,14,1,2,4,16,2,1,4.73
101033,ATM_CDM,8,0,5,1,10,5,15,2,1,9.41
101045,CUST_SVC,10,0,3,1,4,5,11,5,1,7.26
101078,DEPOSIT,6,0,23,1,5,4,15,4,1,8.6
101033,DEPOSIT,6,1,7,1,1,2,12,3,0,4.16
101012,INSURANCE,20,1,24,1,8,4,14,2,1,33.69
101033,FIXED_DEP,15,1,24,1,5,6,16,3,1,15.39
101045,CUST_SVC,10,0,19,1,5,7,11,3,1,9.65
101033,LOAN,30,0,8,1,3,4,15,2,1,16.01
101012,DEPOSIT,6,0,42,1,12,7,15,2,1,12.91
101045,BIZ_BANK,18,0,21,1,4,7,9,3,1,7.77
101033,DEPOSIT,6,1,14,1,5,6,10,2,1,4.82
101033,CUST_SVC,10,1,18,1,5,3,13,3,0,18.28
101045,CREDIT_CARD,12,0,6,1,6,5,14,5,1,9.57
101056,LOAN,30,1,2,1,4,4,16,1,1,34.5
101078,INSURANCE,20,1,7,1,5,7,10,4,1,19.73
101033,CREDIT_CARD,12,1,33,1,9,6,10,2,1,22.31
101078,ONLINE_SUP,12,0,5,1,3,2,12,5,0,20.1
101045,INVEST,22,1,14,1,11,4,14,5,1,47.5
101012,ACC_OPEN,25,1,2,1,11,5,10,3,1,65.4
101056,BIZ_BANK,18,1,31,1,9,5,15,1,1,38.33
101078,DEPOSIT,6,1,9,1,3,5,14,5,1,4.4
101033,DEPOSIT,6,0,10,1,8,4,10,3,1,14.65
101045,CREDIT_CARD,12,1,14,1,4,5,9,2,1,15.26
101033,FIXED_DEP,15,0,8,1,5,7,14,2,1,9.65
101012,CUST_SVC,10,0,9,1,10,5,14,3,1,30.97
101045,ONLINE_SUP,12,1,21,1,5,4,12,1,0,17.53
101078,DEPOSIT,6,1,12,1,2,6,9,2,1,1.54
101078,ATM_CDM,8,0,17,1,8,6,10,4,1,15.16
101045,BIZ_BANK,18,1,11,1,3,4,12,3,0,9.89
101033,DEPOSIT,6,0,8,1,4,4,11,2,1,4.4
101045,ATM_CDM,8,1,25,1,14,6,15,1,1,15.34
101045,CREDIT_CARD,12,0,2,1,0,4,15,2,1,1.7
101033,CREDIT_CARD,12,1,5,1,6,6,10,1,1,15.86
101078,FIXED_DEP,15,1,14,1,5,4,15,1,1,26.53
101045,ACC_OPEN,25,0,21,1,5,4,11,3,1,40.38
101078,BIZ_BANK,18,0,15,1,5,5,15,3,1,15.99
101056,ONLINE_SUP,12,1,3,1,7,8,11,5,1,11.52
101056,INVEST,22,1,22,1,6,6,16,2,1,25.51
101033,WITHDRAW,5,1,9,1,4,7,11,2,1,3.69
101045,CUST_SVC,10,0,24,1,5,5,11,3,1,7.46
101056,ATM_CDM,8,0,3,1,8,7,9,4,1,9.49
101078,INSURANCE,20,1,14,1,9,4,10,5,1,53.63
101078,INVEST,22,0,21,0,8,8,11,2,1,19.1
101045,CUST_SVC,10,1,32,1,8,4,15,2,1,31.62
101056,CUST_SVC,10,1,6,1,3,3,13,4,0,13.54
101045,ACC_OPEN,25,1,20,1,6,4,15,5,1,39.09
101033,CREDIT_CARD,12,1,27,1,9,7,15,1,1,17.53
101033,REMITTANCE,10,1,26,1,6,2,13,5,0,15.89
101078,INVEST,22,0,2,1,8,7,11,2,1,27.79
101078,LOAN,30,1,9,1,5,6,10,1,1,42.38
101078,CUST_SVC,10,1,33,1,12,4,15,4,1,48.7
101078,BIZ_BANK,18,1,7,1,1,4,12,1,0,6.18
101033,ONLINE_SUP,12,1,4,1,0,5,16,3,1,1.48
101045,CUST_SVC,10,1,8,1,3,4,15,5,1,5.01
101056,INVEST,22,1,5,1,6,8,10,5,1,24.18
101012,ACC_OPEN,25,1,2,1,9,5,14,5,1,47.78
101012,ACC_OPEN,25,1,3,1,12,7,16,4,1,43.9
101056,INSURANCE,20,1,11,1,10,2,13,1,0,79.99
101012,ATM_CDM,8,1,29,1,10,7,11,1,1,14.14
101045,INSURANCE,20,1,17,1,5,7,10,1,1,18.93
101078,FIXED_DEP,15,1,14,1,5,2,13,1,0,38.37
101056,ACC_OPEN,25,1,3,1,4,2,13,3,0,52.28
101056,CREDIT_CARD,12,1,22,1,5,5,11,4,1,10.58
101012,CREDIT_CARD,12,0,20,1,17,3,16,1,1,78.32
101078,ACC_OPEN,25,1,13,1,6,2,13,1,0,77.71
101012,ATM_CDM,8,1,5,1,9,8,10,4,1,9.62
101056,CUST_SVC,10,1,12,1,7,3,13,2,0,18.31
101045,CUST_SVC,10,1,16,1,5,4,14,4,1,15.29
101033,DEPOSIT,6,1,8,1,6,3,12,5,0,10.77
101045,INSURANCE,20,1,9,1,2,2,12,2,0,19.91
101056,LOAN,30,1,24,1,6,7,15,1,1,46.73
101056,CREDIT_CARD,12,0,24,1,5,3,12,5,0,21.13
101012,CREDIT_CARD,12,1,9,1,6,7,11,4,1,9.58
101056,LOAN,30,1,7,1,1,3,13,3,0,6.12
101078,CUST_SVC,10,1,6,1,6,4,14,2,1,15.28
101012,DEPOSIT,6,0,9,1,5,4,14,3,1,5.15
101045,ATM_CDM,8,1,4,1,8,5,16,4,1,18.15
101045,INVEST,22,1,12,1,3,4,12,5,0,24.05
101033,LOAN,30,1,29,1,8,7,10,2,1,36.17
101012,LOAN,30,1,8,1,3,2,13,2,0,34.65
101056,INSURANCE,20,0,18,1,7,7,10,4,1,15.54
101056,INSURANCE,20,1,4,1,7,5,10,2,1,32.23
101056,BIZ_BANK,18,1,14,1,7,4,16,5,1,36.53
101033,ACC_OPEN,25,1,7,1,12,8,14,1,1,24.78
101012,CREDIT_CARD,12,0,8,1,7,6,9,2,1,6.49
101033,LOAN,30,1,20,1,5,3,16,1,1,34.16
101033,DEPOSIT,6,1,22,1,5,7,11,3,1,5.15
101012,ONLINE_SUP,12,1,13,1,5,6,15,3,1,11.26
101033,CUST_SVC,10,1,13,1,3,4,14,5,1,8.08
101045,BIZ_BANK,18,1,18,1,4,5,15,4,1,15.15
101012,LOAN,30,1,3,1,9,6,15,3,1,53.36
101033,INVEST,22,1,14,1,6,4,11,4,1,34.46
101078,FIXED_DEP,15,1,3,1,5,2,12,1,0,30.75
101033,CUST_SVC,10,1,4,1,4,3,16,3,1,17.48
101056,ONLINE_SUP,12,1,13,1,3,4,12,1,0,9.54
101078,ATM_CDM,8,1,1,1,1,6,9,3,1,1.29
101033,ATM_CDM,8,0,15,1,10,3,13,1,0,25.24
101012,DEPOSIT,6,1,8,1,3,6,16,3,1,3.91
101078,REMITTANCE,10,1,34,1,9,4,11,3,1,31.19
101045,DEPOSIT,6,1,11,1,2,4,12,5,0,3.33
101045,INSURANCE,20,1,27,1,7,5,10,1,1,39.19
101033,LOAN,30,1,5,1,1,7,14,4,1,5.21
101078,FIXED_DEP,15,1,11,1,3,5,16,1,1,8.0
101045,CUST_SVC,10,0,1,1,6,4,16,5,1,16.5
101056,REMITTANCE,10,1,8,1,4,5,11,3,1,10.27
101056,CUST_SVC,10,1,9,1,13,4,15,5,1,46.1
101045,REMITTANCE,10,1,9,1,5,6,11,2,1,10.92
101078,CREDIT_CARD,12,0,4,0,3,3,12,2,0,13.11
101056,CUST_SVC,10,1,33,1,10,6,9,1,1,16.58
101056,ONLINE_SUP,12,1,19,1,10,4,14,5,1,16.03
101078,ATM_CDM,8,0,11,1,6,4,12,1,0,8.65
101033,CUST_SVC,10,1,20,1,6,2,13,5,0,24.68
101078,ATM_CDM,8,1,19,1,11,5,14,1,1,13.52
101078,INSURANCE,20,0,26,1,8,5,11,1,1,34.13
101045,CUST_SVC,10,0,2,1,7,4,11,1,1,13.87
101045,ONLINE_SUP,12,1,8,1,2,2,13,1,0,13.2
101012,ATM_CDM,8,1,14,1,11,5,9,1,1,31.37
101078,CUST_SVC,10,1,9,1,9,5,10,5,1,20.79
101078,CUST_SVC,10,1,21,1,6,6,11,2,1,10.72
101033,DEPOSIT,6,1,26,1,6,3,16,3,1,12.26
101033,CREDIT_CARD,12,0,6,1,3,4,12,2,0,8.48
101033,ATM_CDM,8,0,12,1,2,5,16,4,1,2.41
101012,BIZ_BANK,18,1,27,1,18,6,14,1,1,63.23
101045,CREDIT_CARD,12,0,7,1,6,6,15,2,1,7.21
101056,WITHDRAW,5,1,9,1,2,2,13,3,0,6.21
101033,WITHDRAW,5,1,11,1,2,4,13,1,0,3.02
101078,BIZ_BANK,18,1,31,1,9,4,14,1,1,51.55
101045,CUST_SVC,10,0,27,0,6,5,11,5,1,15.16
101033,FIXED_DEP,15,0,23,1,6,5,9,3,1,17.15
101033,CUST_SVC,10,1,11,1,10,7,11,1,1,15.12
101045,CUST_SVC,10,1,8,1,2,5,15,1,1,4.44
101056,CREDIT_CARD,12,1,7,1,10,3,16,1,1,40.89
101056,DEPOSIT,6,1,8,1,4,5,11,4,1,3.46
101033,ACC_OPEN,25,1,7,1,11,6,10,5,1,61.6
101033,CREDIT_CARD,12,1,15,1,2,8,14,3,1,4.31
101045,ONLINE_SUP,12,1,6,1,7,7,9,3,1,9.64
101056,FIXED_DEP,15,0,10,1,6,7,10,3,1,9.62
101078,ATM_CDM,8,1,9,1,7,4,9,5,1,14.31
101012,ONLINE_SUP,12,0,5,1,7,6,10,2,1,8.22
101045,DEPOSIT,6,1,8,1,11,5,9,1,1,16.54
101078,REMITTANCE,10,0,3,0,1,5,16,4,1,3.18
101033,ATM_CDM,8,1,9,1,4,4,11,4,1,10.05
101056,ATM_CDM,8,0,24,0,5,8,10,3,1,4.61
101033,INVEST,22,1,45,1,14,4,10,5,1,42.26
101033,INVEST,22,0,2,1,4,5,9,4,1,22.01
101045,REMITTANCE,10,1,13,1,6,3,16,5,1,24.53
101056,ACC_OPEN,25,0,15,0,6,6,9,3,1,39.5
101033,DEPOSIT,6,1,12,1,7,6,16,4,1,9.54
101012,LOAN,30,1,7,1,3,6,9,4,1,17.41
101033,CUST_SVC,10,1,21,1,4,5,15,3,1,10.29
101012,CREDIT_CARD,12,1,17,1,3,2,13,2,0,14.79
101012,FIXED_DEP,15,0,41,1,11,8,9,5,1,21.05
101033,LOAN,30,1,14,1,2,2,13,3,0,32.72
101012,REMITTANCE,10,1,16,1,5,6,11,1,1,9.22
101033,REMITTANCE,10,1,19,1,4,7,9,2,1,7.38
101045,INVEST,22,1,13,1,4,7,9,2,1,19.02
101012,DEPOSIT,6,1,27,1,11,7,11,1,1,11.24
101012,CUST_SVC,10,1,15,1,12,4,10,1,1,49.7
101078,ACC_OPEN,25,0,25,1,9,6,14,1,1,52.93
101056,REMITTANCE,10,0,12,1,6,6,9,2,1,11.7
101033,DEPOSIT,6,0,17,1,4,8,14,1,1,3.53
101078,DEPOSIT,6,1,3,1,5,4,16,5,1,9.09
101078,REMITTANCE,10,0,16,1,3,4,12,5,0,7.09
101033,CUST_SVC,10,0,10,1,5,7,10,4,1,8.98
101045,CREDIT_CARD,12,0,5,1,4,7,14,1,1,4.96
101045,CUST_SVC,10,1,22,1,7,5,10,2,1,16.85
101033,LOAN,30,1,18,1,4,7,11,3,1,24.66
101033,BIZ_BANK,18,1,13,1,6,6,10,4,1,23.56
101045,INVEST,22,1,11,1,7,6,16,5,1,38.81
101033,CUST_SVC,10,1,6,1,9,4,14,2,1,26.13
101045,CREDIT_CARD,12,1,15,1,5,5,14,2,1,15.16
101033,LOAN,30,1,7,1,4,4,13,1,0,17.05
101056,INSURANCE,20,1,13,1,10,5,14,5,1,30.38
101078,ACC_OPEN,25,1,19,1,9,4,15,2,1,29.4
101012,INVEST,22,1,17,1,11,7,10,5,1,38.07
101045,REMITTANCE,10,1,6,1,2,4,14,3,1,7.64
101033,CREDIT_CARD,12,1,19,1,6,7,15,1,1,9.14
101056,INVEST,22,1,14,1,4,8,14,4,1,7.7
101033,DEPOSIT,6,0,6,1,6,5,11,1,1,7.75
101045,CREDIT_CARD,12,1,26,1,8,4,14,3,1,33.72
101033,DEPOSIT,6,1,12,1,6,6,11,3,1,6.66
101045,ATM_CDM,8,1,6,1,6,7,9,3,1,7.4
101056,ONLINE_SUP,12,0,18,1,8,4,16,3,1,18.01
101056,CREDIT_CARD,12,1,8,1,9,4,10,4,1,26.12
101033,ATM_CDM,8,1,11,1,4,8,15,3,1,3.84
101033,ATM_CDM,8,0,18,0,3,5,9,3,1,4.54
101078,DEPOSIT,6,1,14,1,4,5,15,1,1,8.67
101078,DEPOSIT,6,1,18,1,3,4,10,3,1,5.64
101078,DEPOSIT,6,1,24,1,6,4,13,4,0,5.64
101033,DEPOSIT,6,1,19,1,8,8,15,2,1,7.17
101056,ATM_CDM,8,1,24,1,8,4,11,2,1,15.68
101045,ATM_CDM,8,1,12,1,6,5,14,2,1,6.48
101045,ATM_CDM,8,1,2,1,4,5,16,1,1,9.97
101078,REMITTANCE,10,1,25,1,15,6,10,5,1,33.64
101012,INSURANCE,20,1,24,1,8,6,16,3,1,32.35
101056,CUST_SVC,10,0,14,1,6,6,15,4,1,10.82
101045,CUST_SVC,10,1,2,1,2,5,16,1,1,4.36
101045,REMITTANCE,10,1,10,1,3,5,10,3,1,4.67
101078,CUST_SVC,10,1,31,1,8,5,16,1,1,15.46
101056,WITHDRAW,5,1,3,1,15,4,11,1,1,15.58
101012,REMITTANCE,10,0,8,1,4,3,12,1,0,12.91
101045,LOAN,30,0,22,1,9,6,10,4,1,52.05
101078,REMITTANCE,10,1,12,1,9,6,14,3,1,11.2
101033,CREDIT_CARD,12,0,4,1,8,5,16,5,1,13.86
101078,CREDIT_CARD,12,1,12,1,3,2,13,1,0,13.18
101012,ONLINE_SUP,12,1,20,1,10,4,15,4,1,39.71
101056,INSURANCE,20,1,15,1,4,7,15,3,1,10.37
101012,DEPOSIT,6,1,11,1,7,4,13,1,0,9.94
101012,CREDIT_CARD,12,1,25,1,6,6,14,3,1,5.75
101033,DEPOSIT,6,1,25,1,10,7,9,1,1,12.27
101045,DEPOSIT,6,0,7,1,3,4,11,5,1,2.96
101078,INVEST,22,1,20,1,8,4,14,2,1,33.21
101078,CREDIT_CARD,12,1,14,1,6,4,13,4,0,17.68
101078,DEPOSIT,6,1,8,1,2,2,13,2,0,3.8
101045,DEPOSIT,6,1,34,1,9,5,9,4,1,10.37
101033,WITHDRAW,5,0,6,1,3,3,13,2,0,0.72
101045,DEPOSIT,6,1,17,1,8,6,15,5,1,9.89
101078,BIZ_BANK,18,0,22,1,5,6,15,1,1,9.6
101056,ATM_CDM,8,1,5,1,6,2,13,4,0,30.73
101033,ATM_CDM,8,0,8,0,3,4,16,2,1,8.18
101056,INSURANCE,20,0,21,0,9,4,14,1,1,54.12
101078,BIZ_BANK,18,0,3,1,9,6,15,1,1,27.88
101012,DEPOSIT,6,1,33,1,10,7,11,1,1,8.51
101033,ACC_OPEN,25,1,17,1,11,6,9,5,1,52.46
101045,ATM_CDM,8,1,11,1,2,4,13,4,0,1.53
101012,ACC_OPEN,25,1,37,1,12,6,15,2,1,60.63
101056,ATM_CDM,8,1,14,1,4,7,14,3,1,4.27
101056,INVEST,22,1,7,1,9,4,15,2,1,63.81
101045,DEPOSIT,6,1,1,1,0,4,15,3,1,0.74
101056,BIZ_BANK,18,1,38,1,10,5,9,5,1,29.08
101045,CUST_SVC,10,1,8,1,2,5,11,5,1,4.76
101056,ACC_OPEN,25,1,3,1,8,4,9,5,1,61.75
101033,CREDIT_CARD,12,1,28,1,8,4,14,1,1,31.65
101056,ATM_CDM,8,1,2,1,8,5,14,3,1,21.74
101012,BIZ_BANK,18,0,48,1,14,7,9,1,1,54.36
101056,BIZ_BANK,18,1,1,1,14,4,9,1,1,82.21
101056,DEPOSIT,6,1,17,1,5,5,11,3,1,6.19
101078,LOAN,30,0,12,1,3,5,15,3,1,6.38
101033,LOAN,30,1,2,1,3,4,13,1,0,19.55
101033,CREDIT_CARD,12,1,8,1,1,4,9,2,1,1.42
101012,CUST_SVC,10,1,4,1,7,5,16,5,1,18.0
101012,CREDIT_CARD,12,0,17,1,3,4,13,4,0,7.27
101056,LOAN,30,1,13,1,6,6,14,1,1,39.38
101012,CUST_SVC,10,1,32,1,10,5,10,5,1,33.11
101045,ATM_CDM,8,1,33,1,11,5,15,5,1,24.02
101056,ATM_CDM,8,1,14,1,3,3,13,4,0,6.85
101056,DEPOSIT,6,1,15,1,12,5,16,4,1,12.55
101056,FIXED_DEP,15,1,4,1,10,6,10,2,1,26.36
101078,INSURANCE,20,1,35,1,9,4,11,3,1,36.38
101012,ATM_CDM,8,1,5,1,2,4,16,2,1,5.1
101033,CUST_SVC,10,1,1,1,4,5,14,4,1,15.05
101078,INSURANCE,20,0,15,1,5,4,10,2,1,22.36
101033,CUST_SVC,10,0,2,1,8,4,16,2,1,22.83
101033,ACC_OPEN,25,1,9,1,9,7,15,1,1,41.53
101012,CUST_SVC,10,1,25,1,6,3,12,4,0,22.66
101012,INSURANCE,20,1,25,1,6,4,10,3,1,28.71
101045,FIXED_DEP,15,1,6,1,7,6,15,1,1,18.76
101078,DEPOSIT,6,1,12,1,6,6,14,1,1,4.81
101033,ONLINE_SUP,12,1,16,1,7,8,14,4,1,15.04
101056,FIXED_DEP,15,0,46,1,16,6,11,5,1,17.86
101078,CUST_SVC,10,0,14,0,4,7,10,4,1,6.66
101012,BIZ_BANK,18,0,7,1,14,5,9,1,1,88.47
101045,CREDIT_CARD,12,1,6,1,0,3,12,5,0,1.0
101012,ATM_CDM,8,1,30,1,11,8,14,5,1,18.45
101045,CREDIT_CARD,12,1,9,1,5,6,15,4,1,18.81
101012,BIZ_BANK,18,0,55,1,16,5,10,1,1,51.45
101012,INSURANCE,20,0,24,1,9,6,10,3,1,29.13
101033,ONLINE_SUP,12,0,6,1,5,6,10,3,1,6.92
101033,CUST_SVC,10,1,4,1,9,5,10,3,1,21.1
101012,ATM_CDM,8,1,10,1,10,8,11,4,1,8.23
101033,CUST_SVC,10,0,32,1,9,2,12,5,0,22.78
101012,ATM_CDM,8,1,9,1,8,8,14,4,1,6.33
101033,INVEST,22,1,15,1,4,6,10,5,1,10.51
101033,WITHDRAW,5,1,17,1,7,4,13,1,0,6.58
101078,DEPOSIT,6,1,18,1,8,7,9,4,1,7.34
101033,ONLINE_SUP,12,1,21,1,4,2,12,2,0,18.69
101078,ACC_OPEN,25,1,32,1,11,5,10,5,1,28.88
101045,DEPOSIT,6,0,7,0,1,5,16,3,1,1.74
101078,DEPOSIT,6,1,2,1,2,6,14,3,1,0.57
101045,CUST_SVC,10,1,30,1,13,7,14,1,1,21.11
101045,ONLINE_SUP,12,0,12,0,4,2,13,2,0,12.22
101078,BIZ_BANK,18,1,9,1,6,5,11,5,1,27.63
101045,CUST_SVC,10,0,3,1,6,3,13,1,0,18.82
101056,FIXED_DEP,15,1,20,1,5,5,9,2,1,13.74
101078,ONLINE_SUP,12,0,8,1,6,5,15,5,1,12.01
101056,DEPOSIT,6,1,28,1,7,7,9,3,1,8.33
101012,CUST_SVC,10,1,4,1,3,3,13,2,0,8.92
101056,DEPOSIT,6,1,22,1,8,7,11,3,1,6.84
101056,INSURANCE,20,1,29,1,7,5,11,4,1,27.16
101078,ONLINE_SUP,12,1,2,1,1,4,9,4,1,1.43
101078,INSURANCE,20,1,19,1,7,5,10,4,1,38.23
101056,WITHDRAW,5,0,42,0,12,5,15,1,1,15.01
101012,CREDIT_CARD,12,1,38,1,10,5,9,1,1,18.68
101045,DEPOSIT,6,1,10,1,2,5,15,4,1,2.75
101056,CREDIT_CARD,12,0,8,0,4,5,10,5,1,11.96
101078,ACC_OPEN,25,1,21,1,5,6,9,5,1,19.51
101078,INSURANCE,20,0,13,1,2,3,13,4,0,17.44
101033,CREDIT_CARD,12,1,29,1,7,4,15,5,1,35.7
101045,CREDIT_CARD,12,1,30,1,7,5,15,5,1,24.72
101056,CUST_SVC,10,1,7,1,6,5,9,2,1,13.45
101012,CUST_SVC,10,1,22,1,7,4,13,1,0,26.77
101045,ATM_CDM,8,1,7,1,1,4,12,1,0,2.08
101033,CREDIT_CARD,12,1,21,1,4,4,11,5,1,21.37
101045,REMITTANCE,10,1,12,1,2,6,11,3,1,1.63
101012,CUST_SVC,10,1,7,1,7,6,9,4,1,7.52
101033,CREDIT_CARD,12,1,32,1,10,6,10,4,1,22.54
101078,CUST_SVC,10,1,24,1,6,6,14,2,1,8.75
101033,INSURANCE,20,0,15,1,6,3,16,1,1,48.78
101033,ACC_OPEN,25,1,3,1,4,3,16,3,1,37.24
101033,INSURANCE,20,1,21,1,6,7,11,1,1,14.08
101045,CREDIT_CARD,12,1,15,1,5,6,11,1,1,6.38
101045,ATM_CDM,8,1,14,1,4,4,15,3,1,10.78
101056,DEPOSIT,6,0,17,1,10,6,16,1,1,9.37
101045,DEPOSIT,6,1,1,1,5,2,13,2,0,16.87
101078,INSURANCE,20,1,35,1,9,5,15,5,1,49.26
101012,INVEST,22,0,4,1,10,6,10,2,1,44.04
101045,CREDIT_CARD,12,0,8,1,4,5,11,2,1,8.7
101012,DEPOSIT,6,1,6,1,1,4,13,2,0,0.51
101056,CREDIT_CARD,12,0,6,1,11,6,15,1,1,12.08
101078,CUST_SVC,10,1,3,1,3,3,16,1,1,11.3
101012,CUST_SVC,10,1,13,1,5,3,13,3,0,24.88
101056,INVEST,22,1,9,1,11,7,10,2,1,26.6
101045,CUST_SVC,10,1,9,1,6,4,11,5,1,21.06
101056,DEPOSIT,6,1,21,1,6,5,9,1,1,10.74
101078,LOAN,30,1,6,1,6,6,15,5,1,36.01
101012,CUST_SVC,10,1,30,1,8,3,16,2,1,24.98
101012,DEPOSIT,6,1,5,1,8,4,14,3,1,8.44
101033,INVEST,22,1,27,1,8,6,15,5,1,35.8
101045,CUST_SVC,10,1,5,1,4,5,14,4,1,9.11
101033,ATM_CDM,8,1,2,1,9,5,10,1,1,17.91
101033,FIXED_DEP,15,1,2,1,9,7,14,5,1,19.66
101078,CUST_SVC,10,1,1,1,7,5,11,2,1,17.34
101078,CREDIT_CARD,12,1,23,1,11,5,15,1,1,34.97
101033,DEPOSIT,6,0,11,1,2,2,12,1,0,3.35
101033,DEPOSIT,6,1,1,1,4,7,11,1,1,6.49
101078,ACC_OPEN,25,1,5,1,4,3,16,4,1,49.83
101056,ACC_OPEN,25,0,16,1,6,6,10,4,1,24.25
101045,REMITTANCE,10,0,11,1,5,6,11,5,1,5.48
101033,WITHDRAW,5,0,22,1,10,6,15,5,1,10.24
101033,CUST_SVC,10,1,18,1,14,5,10,1,1,34.1
101033,CUST_SVC,10,1,33,1,10,4,14,5,1,21.71
101078,DEPOSIT,6,1,20,1,12,4,11,1,1,20.62
101056,ACC_OPEN,25,1,16,1,7,6,10,4,1,23.68
101056,LOAN,30,0,44,1,12,5,10,5,1,45.61
101045,ATM_CDM,8,1,26,1,7,4,11,4,1,15.92
101045,CUST_SVC,10,1,18,1,3,4,9,2,1,6.62
101012,CUST_SVC,10,1,17,1,8,5,15,3,1,23.96
101056,BIZ_BANK,18,1,6,1,9,6,14,1,1,31.37
101056,DEPOSIT,6,1,9,1,5,3,16,3,1,14.15
101045,INVEST,22,1,32,1,11,4,15,5,1,90.0
101078,BIZ_BANK,18,1,7,1,9,8,10,4,1,13.79
101056,ACC_OPEN,25,1,21,1,4,2,13,1,0,49.84
101045,CUST_SVC,10,1,11,1,3,6,16,3,1,5.79
101056,LOAN,30,1,18,1,9,5,15,1,1,81.03
101056,ACC_OPEN,25,1,1,1,12,5,10,1,1,83.91
101045,WITHDRAW,5,1,27,1,8,4,15,1,1,5.22
101045,BIZ_BANK,18,1,24,1,9,6,10,1,1,34.05
101045,BIZ_BANK,18,1,1,1,2,6,15,5,1,9.21
101078,INSURANCE,20,0,9,1,1,6,11,3,1,2.88
101045,CUST_SVC,10,1,21,1,4,4,12,1,0,7.6
101056,INSURANCE,20,1,9,1,7,6,14,5,1,21.01
101012,BIZ_BANK,18,0,2,1,8,3,13,5,0,63.98
101012,CREDIT_CARD,12,1,5,1,10,7,14,1,1,22.32
101045,CUST_SVC,10,0,9,1,4,4,11,4,1,13.2
101045,CREDIT_CARD,12,1,14,1,7,4,14,5,1,31.02
101078,CUST_SVC,10,0,18,1,7,5,16,3,1,19.57
101012,ACC_OPEN,25,1,20,1,8,3,13,2,0,90.0
101012,CUST_SVC,10,0,32,0,15,7,10,1,1,18.79
101045,FIXED_DEP,15,0,3,1,6,6,15,2,1,9.95
101033,ATM_CDM,8,0,15,1,9,4,11,5,1,24.86
101056,ATM_CDM,8,0,15,1,3,3,13,5,0,7.47
101045,CUST_SVC,10,1,19,1,4,4,14,4,1,12.07
101012,ONLINE_SUP,12,0,30,1,17,4,14,1,1,54.69
101033,CUST_SVC,10,1,25,1,8,4,10,5,1,28.98
101078,LOAN,30,1,14,1,4,2,13,3,0,56.38
101056,CREDIT_CARD,12,0,8,1,8,6,14,2,1,15.26
101056,DEPOSIT,6,1,5,1,9,4,9,3,1,15.47
101033,INSURANCE,20,1,1,1,6,7,15,2,1,14.75
101078,INVEST,22,1,5,1,4,6,15,5,1,22.2
101045,ATM_CDM,8,1,15,1,4,6,10,2,1,8.56
101045,REMITTANCE,10,0,18,1,10,7,10,1,1,17.08
101012,INSURANCE,20,0,1,1,5,4,15,5,1,28.55
101033,DEPOSIT,6,1,29,1,7,4,14,2,1,5.97
101012,CUST_SVC,10,1,15,1,5,4,16,4,1,16.38
101056,BIZ_BANK,18,1,22,1,6,6,10,4,1,16.77
101056,CREDIT_CARD,12,1,6,1,6,3,16,4,1,30.68
101033,CUST_SVC,10,0,7,1,0,3,13,4,0,1.43
101012,ATM_CDM,8,0,37,1,10,4,15,5,1,25.65
101056,BIZ_BANK,18,0,37,1,10,7,10,2,1,15.67
101056,CREDIT_CARD,12,1,14,1,2,3,12,5,0,10.11
101056,ACC_OPEN,25,1,17,1,8,6,10,5,1,55.96
101056,CREDIT_CARD,12,1,9,1,4,4,12,4,0,14.01
101078,CREDIT_CARD,12,0,2,1,5,4,10,1,1,19.02
101056,CREDIT_CARD,12,1,21,1,8,4,10,1,1,40.95
101056,BIZ_BANK,18,1,6,1,8,3,16,1,1,53.38
101056,CUST_SVC,10,0,20,1,9,5,10,5,1,14.07
101045,DEPOSIT,6,1,6,1,7,6,9,2,1,5.69
101078,FIXED_DEP,15,0,12,0,2,4,16,3,1,9.4
101012,CUST_SVC,10,0,43,1,12,4,11,1,1,20.02
101012,ACC_OPEN,25,1,15,1,5,5,9,4,1,29.25
101033,REMITTANCE,10,0,20,1,5,4,9,2,1,16.45
101078,WITHDRAW,5,0,16,1,5,6,10,3,1,4.9
101078,CUST_SVC,10,1,2,1,6,7,10,3,1,7.29
101012,FIXED_DEP,15,0,5,1,2,5,11,2,1,4.83
101078,REMITTANCE,10,0,26,1,10,4,16,1,1,38.82
101033,WITHDRAW,5,0,12,1,12,4,14,4,1,17.52
101078,INSURANCE,20,1,24,1,8,6,11,5,1,16.32
101045,INVEST,22,1,14,1,6,4,11,1,1,31.57
101078,CUST_SVC,10,1,10,1,4,5,14,5,1,6.62
101078,ACC_OPEN,25,1,36,1,13,6,9,1,1,67.41
101033,ATM_CDM,8,1,15,1,2,4,13,3,0,3.75
101012,DEPOSIT,6,1,9,1,3,3,16,3,1,8.45
101056,ATM_CDM,8,1,5,1,6,6,10,3,1,5.36
101078,FIXED_DEP,15,1,22,1,13,7,10,4,1,27.4
101012,CREDIT_CARD,12,1,6,1,8,5,15,1,1,24.44
101012,ONLINE_SUP,12,1,6,1,10,7,10,4,1,23.19
101045,BIZ_BANK,18,1,16,1,9,8,14,3,1,10.37
101056,CREDIT_CARD,12,1,10,1,10,6,14,2,1,26.5
101033,CREDIT_CARD,12,1,21,1,9,7,14,4,1,21.81
101012,FIXED_DEP,15,1,13,1,4,7,14,4,1,10.94
101078,ATM_CDM,8,1,14,1,8,7,9,1,1,10.89
101056,DEPOSIT,6,0,25,1,11,5,10,2,1,18.01
101078,FIXED_DEP,15,1,11,1,6,4,14,2,1,31.25
101078,INSURANCE,20,1,7,1,10,7,10,2,1,41.83
101012,ACC_OPEN,25,0,20,1,6,4,13,1,0,40.71
101012,ACC_OPEN,25,0,1,0,10,6,9,1,1,60.08
101056,CUST_SVC,10,0,19,1,9,2,13,2,0,64.53
101033,DEPOSIT,6,0,2,1,5,3,16,5,1,11.01
101045,INSURANCE,20,1,27,1,9,4,15,1,1,32.85
101045,DEPOSIT,6,1,7,1,5,7,16,2,1,2.73
101045,ACC_OPEN,25,1,22,1,8,7,15,5,1,28.74
101056,ATM_CDM,8,0,3,0,10,7,15,5,1,9.61
101056,DEPOSIT,6,1,13,1,9,6,15,5,1,13.26
101033,CREDIT_CARD,12,0,12,1,5,4,14,4,1,12.84
101045,DEPOSIT,6,0,10,1,2,4,13,4,0,4.06
101033,ACC_OPEN,25,0,6,1,5,7,10,1,1,17.29
101033,ATM_CDM,8,0,4,1,2,2,13,1,0,5.66
101045,CUST_SVC,10,1,22,1,6,4,11,4,1,23.96
101045,CUST_SVC,10,1,11,1,7,2,13,4,0,38.98
101078,DEPOSIT,6,1,7,1,6,6,11,2,1,8.83
101056,CREDIT_CARD,12,0,13,1,6,4,9,4,1,12.31
101078,ONLINE_SUP,12,1,3,1,4,7,10,2,1,7.96
101078,ONLINE_SUP,12,1,29,1,8,5,10,3,1,18.54
101012,CUST_SVC,10,1,21,1,8,4,9,1,1,28.64
101033,WITHDRAW,5,1,8,1,3,5,11,4,1,3.08
101056,DEPOSIT,6,0,15,1,7,3,16,4,1,17.68
101012,ATM_CDM,8,0,21,1,7,3,16,4,1,19.06
101045,ATM_CDM,8,0,8,1,5,7,10,5,1,4.17
101045,BIZ_BANK,18,0,43,1,12,6,15,2,1,30.15
101033,DEPOSIT,6,1,5,1,8,4,10,4,1,7.76
101045,WITHDRAW,5,1,2,1,3,7,11,2,1,2.68
101078,ATM_CDM,8,1,16,1,4,8,11,3,1,3.64
101033,DEPOSIT,6,1,14,1,9,5,11,3,1,8.4
101012,CUST_SVC,10,0,11,1,8,5,10,4,1,12.51
101056,ACC_OPEN,25,1,6,1,5,3,13,1,0,33.93
101045,LOAN,30,1,21,1,5,4,16,1,1,45.0
101012,ATM_CDM,8,1,20,1,12,6,10,1,1,21.3
101056,ONLINE_SUP,12,1,38,1,12,7,10,5,1,16.06
101056,ONLINE_SUP,12,1,27,1,9,7,15,3,1,16.29
101012,REMITTANCE,10,1,12,1,5,2,13,1,0,23.55
101078,CREDIT_CARD,12,0,15,1,5,5,16,5,1,7.9
101078,CUST_SVC,10,1,1,1,6,5,10,3,1,18.98
101045,INSURANCE,20,0,7,1,8,8,14,3,1,23.04
101033,DEPOSIT,6,0,21,0,4,6,10,4,1,6.42
101033,INSURANCE,20,1,17,1,7,5,16,3,1,29.99
101045,DEPOSIT,6,1,14,1,5,5,9,4,1,9.95
101056,ATM_CDM,8,0,20,1,9,6,10,4,1,6.81
101045,CREDIT_CARD,12,1,21,1,5,6,11,4,1,5.94
101078,ATM_CDM,8,0,19,1,8,6,15,4,1,6.8
101056,CUST_SVC,10,1,12,1,7,6,10,2,1,12.21
101056,DEPOSIT,6,0,2,1,13,5,9,2,1,13.88
101045,INSURANCE,20,1,26,1,8,4,9,4,1,47.9
101056,ATM_CDM,8,0,9,1,9,4,15,2,1,18.13
101045,LOAN,30,1,12,1,9,5,10,1,1,71.12
101078,LOAN,30,1,27,1,6,5,15,5,1,22.9
101078,DEPOSIT,6,1,1,1,6,6,9,3,1,7.3
101045,INSURANCE,20,0,10,1,1,4,9,3,1,2.92
101078,CREDIT_CARD,12,1,7,1,2,4,13,3,0,6.49
101033,LOAN,30,1,20,1,6,7,14,1,1,32.34
101045,DEPOSIT,6,1,1,1,6,6,10,4,1,5.21
101033,CREDIT_CARD,12,1,17,1,7,6,10,4,1,14.2
101045,LOAN,30,1,10,1,5,4,11,1,1,30.37
101033,INSURANCE,20,0,19,1,7,6,16,5,1,19.58
101056,ACC_OPEN,25,0,6,1,3,2,13,3,0,29.22
101033,LOAN,30,1,20,1,8,5,9,2,1,57.43
101078,DEPOSIT,6,1,16,1,12,7,10,1,1,12.55
101045,LOAN,30,1,32,1,8,8,15,3,1,34.65
101078,DEPOSIT,6,1,12,1,4,8,9,4,1,4.57
101045,ACC_OPEN,25,1,30,1,9,4,14,3,1,84.1
101045,CUST_SVC,10,0,12,1,3,5,14,3,1,6.14
101012,CUST_SVC,10,1,1,1,9,8,10,2,1,13.04
101078,CUST_SVC,10,1,7,1,10,5,15,1,1,26.04
101012,INSURANCE,20,0,13,1,12,7,9,4,1,43.99
101012,ATM_CDM,8,1,5,1,5,4,14,4,1,13.87
101012,REMITTANCE,10,1,26,1,7,6,14,2,1,17.29
101012,FIXED_DEP,15,0,6,1,4,3,13,2,0,17.31
101012,INSURANCE,20,1,10,1,2,4,10,4,1,12.59
101045,ATM_CDM,8,1,5,1,5,6,10,3,1,3.89
101056,LOAN,30,1,29,1,10,7,9,2,1,65.88
101033,DEPOSIT,6,1,4,1,7,7,15,1,1,7.36
101056,ATM_CDM,8,1,17,1,8,7,10,4,1,14.0
101045,CUST_SVC,10,0,1,1,6,6,11,2,1,9.75
101056,DEPOSIT,6,1,1,1,3,4,9,3,1,3.51
101056,ACC_OPEN,25,1,1,1,6,4,16,1,1,27.7
101078,LOAN,30,1,38,1,11,7,11,1,1,56.5
101045,ACC_OPEN,25,1,20,1,5,5,10,1,1,54.1
101056,LOAN,30,0,15,1,6,6,10,4,1,24.64
101012,WITHDRAW,5,0,9,1,4,5,10,3,1,2.85
101045,WITHDRAW,5,0,9,1,10,6,14,5,1,5.45
101033,INVEST,22,1,30,1,7,5,9,2,1,35.18
101012,ONLINE_SUP,12,1,9,1,10,7,14,3,1,17.78
101045,CUST_SVC,10,1,21,1,4,4,9,3,1,13.34
101078,BIZ_BANK,18,1,25,1,6,6,15,5,1,19.62
101056,LOAN,30,1,20,1,10,7,14,4,1,66.75
101078,ATM_CDM,8,1,16,1,6,4,13,2,0,13.41
101045,ONLINE_SUP,12,1,16,1,9,4,15,5,1,32.47
101033,CUST_SVC,10,1,22,1,11,5,15,3,1,28.2
101012,INSURANCE,20,1,41,1,13,6,14,1,1,41.95
101033,BIZ_BANK,18,0,23,1,8,5,15,1,1,47.58
101045,INVEST,22,1,12,1,4,5,11,3,1,28.2
101033,BIZ_BANK,18,0,6,1,7,4,9,1,1,22.89
101012,CUST_SVC,10,0,5,1,4,2,12,2,0,11.8
101078,CUST_SVC,10,1,41,1,11,4,11,2,1,22.99
101078,ONLINE_SUP,12,1,14,1,3,7,11,3,1,4.99
101078,REMITTANCE,10,1,8,1,4,5,15,1,1,9.95
101012,CREDIT_CARD,12,0,1,1,6,7,15,4,1,15.17
101056,FIXED_DEP,15,1,1,1,6,7,15,1,1,23.99
101012,WITHDRAW,5,1,10,1,5,4,15,4,1,7.25
101056,BIZ_BANK,18,1,22,1,9,4,16,5,1,53.67
101033,DEPOSIT,6,1,20,1,10,3,16,2,1,17.12
101045,FIXED_DEP,15,0,26,1,8,5,16,1,1,19.09
101033,CREDIT_CARD,12,1,42,1,14,4,9,1,1,70.13
101045,BIZ_BANK,18,1,16,1,4,5,15,5,1,8.05
101056,DEPOSIT,6,1,3,1,3,2,12,2,0,7.58
101033,DEPOSIT,6,0,3,0,7,6,9,5,1,9.11
101033,CUST_SVC,10,0,27,1,9,5,15,3,1,15.25
101012,ACC_OPEN,25,1,11,1,9,6,10,3,1,50.8
101078,DEPOSIT,6,1,11,1,7,7,15,4,1,9.49
101045,BIZ_BANK,18,0,30,1,8,3,13,1,0,44.91
101012,DEPOSIT,6,0,33,1,9,7,9,2,1,7.74
101056,CREDIT_CARD,12,1,33,1,10,5,15,3,1,28.71
101056,CREDIT_CARD,12,0,19,1,4,6,9,1,1,8.55
101045,DEPOSIT,6,0,9,1,2,5,9,4,1,1.74
101078,ATM_CDM,8,1,10,1,3,6,15,3,1,3.6
101056,LOAN,30,0,4,0,5,3,13,1,0,33.56
101033,FIXED_DEP,15,1,2,1,3,6,9,4,1,7.4
101033,LOAN,30,1,8,1,1,2,13,3,0,11.63
101056,FIXED_DEP,15,1,5,1,6,4,9,2,1,17.57
101056,ACC_OPEN,25,1,16,1,8,7,15,2,1,26.95
101033,BIZ_BANK,18,1,10,1,2,4,16,1,1,11.3
101012,INSURANCE,20,0,23,1,7,4,10,2,1,23.96
101056,CUST_SVC,10,1,20,1,5,4,13,4,0,6.44
101012,CREDIT_CARD,12,1,14,1,10,4,11,2,1,30.38
101045,ACC_OPEN,25,0,5,0,5,6,15,1,1,24.6
101045,ACC_OPEN,25,0,1,1,8,6,11,2,1,43.79
101045,CUST_SVC,10,0,7,1,3,5,16,5,1,6.16
101033,INVEST,22,1,21,1,9,8,10,5,1,16.58
101012,INVEST,22,0,4,0,3,3,16,3,1,17.81
101078,REMITTANCE,10,1,13,1,9,6,16,5,1,16.35
101056,ONLINE_SUP,12,1,23,1,6,7,15,3,1,14.31
101045,ATM_CDM,8,0,2,1,0,5,11,2,1,1.77
101012,ATM_CDM,8,1,20,1,9,7,15,3,1,12.24
101056,CUST_SVC,10,0,26,1,12,8,10,1,1,22.31
101045,FIXED_DEP,15,1,21,1,5,5,10,5,1,11.33
101012,LOAN,30,1,9,1,15,5,10,1,1,87.66
101012,ACC_OPEN,25,1,2,1,2,3,16,5,1,27.34
101045,FIXED_DEP,15,1,25,1,7,6,15,1,1,20.0
101078,INVEST,22,1,1,1,3,3,13,5,0,21.15
101056,REMITTANCE,10,1,5,1,1,5,10,3,1,1.61
101078,BIZ_BANK,18,1,15,1,5,5,11,4,1,18.6
101078,LOAN,30,1,4,1,7,6,16,5,1,41.04
101033,DEPOSIT,6,0,22,1,11,5,11,5,1,0.26
101045,FIXED_DEP,15,1,10,1,4,8,15,3,1,10.11
101078,DEPOSIT,6,1,13,1,2,3,13,2,0,0.63
101045,CREDIT_CARD,12,1,8,1,1,4,16,4,1,4.64
101056,CREDIT_CARD,12,1,23,1,5,4,13,3,0,16.13
101056,CREDIT_CARD,12,1,8,1,10,7,15,2,1,19.81
101012,REMITTANCE,10,1,23,1,10,5,10,4,1,18.18
101056,DEPOSIT,6,1,10,1,6,6,11,4,1,7.34
101012,CREDIT_CARD,12,1,31,1,12,7,9,3,1,20.1
101012,INSURANCE,20,0,10,1,11,5,14,1,1,51.02
101078,ONLINE_SUP,12,1,8,1,9,4,16,1,1,16.25
101033,CUST_SVC,10,1,27,1,6,4,16,5,1,12.34
101056,CREDIT_CARD,12,1,23,1,6,6,11,5,1,15.87
101056,INSURANCE,20,1,11,1,8,5,9,1,1,44.62
101045,CUST_SVC,10,0,6,1,1,3,12,2,0,2.58
101056,WITHDRAW,5,0,21,1,16,4,15,1,1,13.52
101045,DEPOSIT,6,0,31,1,8,7,15,1,1,4.25
101045,CREDIT_CARD,12,0,8,1,1,2,13,3,0,7.14
101045,DEPOSIT,6,1,30,1,9,6,9,2,1,11.04
101078,CUST_SVC,10,0,2,1,4,5,14,3,1,7.28
101012,INSURANCE,20,1,7,1,8,8,14,1,1,28.46
101033,CREDIT_CARD,12,0,6,1,7,4,9,4,1,26.35
101078,LOAN,30,1,9,1,4,6,10,4,1,14.1
101078,CUST_SVC,10,0,23,0,6,5,15,2,1,16.86
101033,CUST_SVC,10,1,9,1,1,7,9,4,1,3.74
101033,CUST_SVC,10,1,14,1,7,7,15,3,1,15.0
101012,DEPOSIT,6,1,7,1,13,4,14,1,1,15.75
101045,FIXED_DEP,15,0,5,0,2,4,13,1,0,4.92
101033,DEPOSIT,6,0,31,1,11,5,15,4,1,11.76
101012,INSURANCE,20,0,29,1,8,7,10,3,1,16.93
101012,CUST_SVC,10,0,15,1,13,5,14,1,1,10.23
101012,ACC_OPEN,25,0,20,1,11,4,15,1,1,87.93
101033,INSURANCE,20,0,4,1,4,4,16,2,1,9.91
101056,CREDIT_CARD,12,0,20,1,7,6,11,1,1,17.77
101012,ATM_CDM,8,1,17,1,8,6,9,5,1,8.8
101056,DEPOSIT,6,1,3,1,3,4,15,2,1,2.56
101012,ATM_CDM,8,1,1,1,2,5,10,3,1,3.06
101045,REMITTANCE,10,1,15,1,5,4,9,4,1,11.11
101033,CREDIT_CARD,12,0,20,1,6,6,10,2,1,10.26
101012,LOAN,30,0,21,1,6,3,12,2,0,63.03
101078,DEPOSIT,6,0,6,1,4,6,11,1,1,5.37
101033,DEPOSIT,6,0,10,1,7,4,16,4,1,5.92
101012,CUST_SVC,10,1,1,1,6,4,11,4,1,21.67
101045,ATM_CDM,8,1,12,1,4,6,10,5,1,8.08
101033,CUST_SVC,10,1,24,1,10,8,15,2,1,13.48
101045,ATM_CDM,8,1,24,1,6,4,15,2,1,5.59
101078,ATM_CDM,8,1,11,1,4,3,16,2,1,9.01
101078,DEPOSIT,6,0,34,1,10,7,10,1,1,8.46
101078,CREDIT_CARD,12,1,22,1,6,8,11,4,1,13.03
101033,CUST_SVC,10,1,12,1,7,8,11,1,1,5.64
101056,ATM_CDM,8,1,6,1,6,5,9,2,1,10.08
101045,DEPOSIT,6,0,23,1,6,4,16,5,1,9.45
101045,DEPOSIT,6,0,8,1,3,7,16,4,1,1.47
101033,DEPOSIT,6,1,11,1,5,8,14,4,1,3.58
101012,REMITTANCE,10,1,3,1,8,4,12,3,0,21.85
101033,REMITTANCE,10,0,2,1,7,5,14,3,1,13.97
101078,CUST_SVC,10,1,25,1,8,7,15,2,1,16.68
101056,DEPOSIT,6,1,25,1,6,3,16,5,1,14.73
101056,REMITTANCE,10,1,13,1,5,6,11,2,1,8.54
101056,WITHDRAW,5,1,24,1,8,7,15,4,1,8.35
101045,ATM_CDM,8,1,10,1,5,3,12,1,0,14.11
101078,DEPOSIT,6,1,5,1,3,2,12,3,0,8.46
101078,ATM_CDM,8,1,30,1,7,8,15,1,1,11.39
101045,CREDIT_CARD,12,1,10,1,6,3,13,4,0,7.97
101045,LOAN,30,1,29,1,8,4,16,2,1,66.47
101033,ATM_CDM,8,1,13,1,4,3,16,2,1,12.86
101056,DEPOSIT,6,1,6,1,9,2,13,4,0,35.07
101012,ACC_OPEN,25,0,22,1,5,2,13,2,0,57.48
101045,DEPOSIT,6,1,1,1,0,8,15,2,1,0.79
101056,ATM_CDM,8,1,12,1,8,6,16,5,1,13.87
101012,CREDIT_CARD,12,1,10,1,6,4,9,2,1,16.85
101045,CUST_SVC,10,1,4,1,4,5,11,5,1,11.47
101012,FIXED_DEP,15,1,12,1,4,4,16,5,1,16.6
101033,LOAN,30,1,9,1,5,3,12,1,0,70.87
101056,CUST_SVC,10,0,28,1,7,6,15,4,1,11.68
101045,ACC_OPEN,25,0,11,1,4,6,11,2,1,18.5
101012,DEPOSIT,6,1,4,1,5,4,13,4,0,9.5
101045,FIXED_DEP,15,1,23,1,5,7,9,1,1,14.88
101045,LOAN,30,1,1,1,5,2,13,1,0,67.29
101078,ONLINE_SUP,12,0,22,1,6,6,10,1,1,15.27
101078,CUST_SVC,10,1,16,1,9,4,15,1,1,16.67
101033,REMITTANCE,10,0,3,1,8,7,14,1,1,8.53
101012,DEPOSIT,6,0,18,0,8,3,13,1,0,15.9
101045,CUST_SVC,10,1,14,1,7,6,16,1,1,9.44
101056,BIZ_BANK,18,1,18,1,7,7,16,2,1,14.79
101056,CUST_SVC,10,0,12,1,11,5,10,1,1,25.56
101012,ATM_CDM,8,1,21,1,7,8,15,1,1,8.07
101033,ATM_CDM,8,1,15,1,9,7,9,5,1,7.11
101078,CUST_SVC,10,1,24,1,6,5,11,5,1,12.56
101078,ATM_CDM,8,0,3,1,4,6,9,2,1,3.46
101056,WITHDRAW,5,1,13,1,5,4,9,4,1,7.52
101033,CUST_SVC,10,0,1,1,5,7,15,2,1,7.91
101056,BIZ_BANK,18,1,10,1,2,3,12,1,0,17.23
101012,ACC_OPEN,25,1,14,1,15,7,15,1,1,61.68
101012,DEPOSIT,6,1,13,1,8,8,14,3,1,4.12
101045,CUST_SVC,10,1,10,1,5,5,9,1,1,17.86
101078,CREDIT_CARD,12,1,15,1,5,4,14,5,1,10.51
101012,DEPOSIT,6,1,4,1,7,2,13,5,0,27.81
101033,BIZ_BANK,18,1,9,1,9,6,14,5,1,39.74
101045,FIXED_DEP,15,0,28,1,8,6,10,3,1,19.49
101078,DEPOSIT,6,0,14,1,6,7,11,5,1,5.34
101045,REMITTANCE,10,1,8,1,0,3,16,1,1,1.54
101012,CUST_SVC,10,1,8,1,2,2,13,4,0,10.5
101056,DEPOSIT,6,0,32,1,11,3,16,1,1,30.33
101056,DEPOSIT,6,1,5,1,9,7,10,1,1,12.55
101033,CUST_SVC,10,1,7,1,9,8,15,4,1,16.96
101033,BIZ_BANK,18,0,12,1,4,4,16,2,1,13.73
101056,CUST_SVC,10,1,3,1,4,4,12,4,0,9.17
101033,CREDIT_CARD,12,1,17,1,9,5,10,1,1,19.86
101045,ONLINE_SUP,12,1,17,1,5,4,15,2,1,15.04
101045,ACC_OPEN,25,1,2,1,7,7,9,5,1,35.14
101033,WITHDRAW,5,0,14,1,6,4,13,2,0,8.8
101012,ATM_CDM,8,1,2,1,7,4,10,2,1,23.93
101056,CUST_SVC,10,1,18,1,5,4,15,3,1,15.59
101056,CUST_SVC,10,1,5,1,13,4,9,5,1,41.58
101078,LOAN,30,0,8,1,0,4,12,5,0,0.8
101078,DEPOSIT,6,0,18,1,9,5,10,1,1,15.79
101045,LOAN,30,0,4,1,1,5,11,4,1,2.07
101033,LOAN,30,0,4,1,1,2,12,3,0,16.35
101078,ACC_OPEN,25,1,28,1,12,7,10,1,1,72.53
101056,CUST_SVC,10,1,16,1,9,4,15,2,1,40.29
101078,INVEST,22,1,2,1,1,6,10,3,1,2.49
101045,DEPOSIT,6,1,4,1,5,6,10,3,1,8.16
101012,ATM_CDM,8,1,6,1,7,6,10,2,1,8.97
101045,ATM_CDM,8,1,25,1,6,8,14,5,1,8.6
101045,DEPOSIT,6,1,11,1,1,4,10,3,1,1.81
101045,LOAN,30,1,4,1,3,7,10,2,1,12.83
101033,ATM_CDM,8,0,35,1,9,7,16,3,1,10.28
101056,BIZ_BANK,18,1,28,1,9,8,9,4,1,23.08
101078,INSURANCE,20,1,4,1,7,8,10,2,1,21.36
101045,DEPOSIT,6,1,18,1,6,7,9,2,1,10.3
101056,DEPOSIT,6,0,7,1,5,4,11,2,1,8.13
101078,CUST_SVC,10,1,15,1,3,2,13,3,0,17.73
101045,REMITTANCE,10,0,26,1,7,4,16,2,1,9.98
101078,ACC_OPEN,25,1,2,1,2,6,15,2,1,12.02
101078,WITHDRAW,5,1,10,1,10,5,14,5,1,16.39
101078,REMITTANCE,10,1,9,1,1,3,13,5,0,2.65
101078,LOAN,30,1,2,1,9,7,10,1,1,47.11
101045,DEPOSIT,6,1,13,1,3,2,13,5,0,7.37
101033,CUST_SVC,10,1,15,1,2,2,12,3,0,13.33
101045,DEPOSIT,6,1,1,1,3,6,11,5,1,2.33
101045,CUST_SVC,10,1,16,1,6,6,14,2,1,8.25
101056,INVEST,22,1,33,1,8,7,10,2,1,20.07
101045,ATM_CDM,8,1,27,1,7,4,11,1,1,12.45
101045,CUST_SVC,10,1,16,1,5,7,15,3,1,10.48
101045,BIZ_BANK,18,0,32,1,8,7,9,1,1,23.94
101056,REMITTANCE,10,1,4,1,5,7,14,3,1,2.44
101012,INSURANCE,20,0,10,0,8,5,10,1,1,61.26
101045,CREDIT_CARD,12,0,19,1,7,5,15,2,1,21.61
101056,CUST_SVC,10,0,49,0,15,5,15,1,1,25.56
101033,CUST_SVC,10,0,10,0,4,4,12,5,0,12.21
101056,CUST_SVC,10,1,28,1,13,5,9,5,1,42.48
101078,CUST_SVC,10,1,17,1,7,4,15,2,1,24.22
101033,ATM_CDM,8,1,5,1,1,5,11,2,1,3.87
101056,BIZ_BANK,18,0,27,0,13,4,10,1,1,90.0
101045,CUST_SVC,10,1,8,1,8,6,15,1,1,12.78
101012,INVEST,22,1,29,1,11,4,15,4,1,90.0
101056,INVEST,22,0,2,0,4,3,12,1,0,29.31
101078,INVEST,22,1,34,1,9,5,10,2,1,41.94
101045,CUST_SVC,10,1,2,1,0,3,13,2,0,0.21
101033,DEPOSIT,6,1,9,1,6,4,11,2,1,10.3
101056,BIZ_BANK,18,1,18,1,4,6,9,1,1,20.79
101033,CREDIT_CARD,12,1,8,1,6,5,14,4,1,16.91
101012,BIZ_BANK,18,0,34,1,12,5,16,5,1,49.66
101056,INSURANCE,20,1,22,1,6,5,14,2,1,20.24
101033,CUST_SVC,10,1,18,1,7,2,13,4,0,30.26
101045,CUST_SVC,10,1,4,1,4,6,10,4,1,4.96
101078,BIZ_BANK,18,0,11,1,7,6,10,3,1,15.41
101033,LOAN,30,0,8,1,3,6,15,1,1,11.23
101012,CUST_SVC,10,1,23,1,14,5,11,1,1,42.55
101012,FIXED_DEP,15,1,10,1,3,5,11,3,1,13.14
101056,BIZ_BANK,18,1,37,1,13,5,10,1,1,42.5
101078,CUST_SVC,10,1,1,1,7,4,15,1,1,25.23
101078,REMITTANCE,10,1,21,1,5,2,13,5,0,21.08
101012,CREDIT_CARD,12,1,6,1,9,4,15,5,1,20.69
101045,CUST_SVC,10,1,18,1,4,3,12,1,0,13.77
101045,ATM_CDM,8,0,16,1,4,6,14,1,1,4.29
101033,CUST_SVC,10,1,5,1,5,4,14,4,1,18.06
101012,CUST_SVC,10,0,32,0,8,5,11,3,1,17.03
101078,CUST_SVC,10,1,3,1,3,7,11,1,1,6.5
101033,FIXED_DEP,15,0,17,1,11,6,14,1,1,35.09
101033,ATM_CDM,8,1,24,1,10,5,15,5,1,12.21
101033,CREDIT_CARD,12,0,27,1,6,6,11,5,1,6.55
101012,DEPOSIT,6,1,42,1,13,6,14,1,1,17.73
101045,DEPOSIT,6,0,13,1,7,7,14,1,1,4.86
101078,CUST_SVC,10,1,13,1,5,5,11,5,1,9.24
101078,CREDIT_CARD,12,1,22,1,7,5,15,3,1,21.12
101045,ATM_CDM,8,1,19,1,8,8,15,3,1,8.97
101045,CREDIT_CARD,12,1,21,1,4,8,14,4,1,8.33
101078,INSURANCE,20,1,42,1,11,4,9,1,1,72.56
101056,FIXED_DEP,15,1,5,1,3,4,15,2,1,10.07
101045,ATM_CDM,8,1,20,1,5,4,15,1,1,6.86
101012,CREDIT_CARD,12,1,11,1,2,2,13,3,0,7.63
101033,CREDIT_CARD,12,0,8,0,2,3,12,3,0,9.78
101078,LOAN,30,1,14,1,5,4,14,3,1,37.86
101078,ATM_CDM,8,1,17,1,13,8,11,1,1,17.7
101012,ATM_CDM,8,1,20,1,6,7,9,1,1,12.47
101078,INSURANCE,20,0,8,0,0,5,9,5,1,1.79
101045,CUST_SVC,10,1,6,1,8,6,16,1,1,24.27
101033,CUST_SVC,10,1,8,1,6,6,16,5,1,6.69
101056,BIZ_BANK,18,1,9,1,6,7,15,3,1,20.82
101033,DEPOSIT,6,1,4,1,7,5,15,5,1,6.47
101012,ATM_CDM,8,0,6,1,7,2,13,3,0,20.17
101045,ACC_OPEN,25,1,8,1,3,6,10,5,1,17.42
101045,CUST_SVC,10,1,7,1,3,5,15,4,1,6.16
101033,ATM_CDM,8,1,24,1,6,4,16,2,1,12.49
101012,REMITTANCE,10,1,13,1,14,4,10,1,1,50.7
101045,BIZ_BANK,18,1,10,1,6,7,9,1,1,17.85
101078,INVEST,22,1,21,1,8,5,14,3,1,33.55
101056,DEPOSIT,6,0,32,1,8,4,10,1,1,25.28
101045,DEPOSIT,6,0,15,1,12,6,10,1,1,11.6
101012,ACC_OPEN,25,0,8,1,10,3,13,5,0,90.0
101078,CUST_SVC,10,1,16,1,4,5,16,4,1,10.83
101056,BIZ_BANK,18,1,33,1,8,4,10,1,1,55.01
101045,BIZ_BANK,18,1,19,1,7,6,10,5,1,34.26
101012,ACC_OPEN,25,1,12,1,14,4,10,1,1,90.0
101078,WITHDRAW,5,1,8,1,4,2,12,5,0,14.54
101056,ONLINE_SUP,12,0,15,1,7,5,9,3,1,13.67
101012,REMITTANCE,10,1,16,1,6,4,11,3,1,19.26
101012,DEPOSIT,6,1,16,1,16,8,9,3,1,16.52
101012,DEPOSIT,6,0,9,1,8,6,15,3,1,5.39
101078,DEPOSIT,6,1,15,1,4,2,12,1,0,14.79
101045,ONLINE_SUP,12,1,2,1,2,3,12,5,0,12.45
101033,ATM_CDM,8,1,20,1,6,5,9,1,1,10.2
101056,ACC_OPEN,25,1,21,1,4,8,10,5,1,14.21
101056,INSURANCE,20,1,9,1,11,4,11,1,1,78.33
101033,INSURANCE,20,1,32,1,11,5,9,3,1,59.78
101045,CUST_SVC,10,1,13,1,5,7,14,4,1,6.68
101056,FIXED_DEP,15,1,18,1,8,7,9,2,1,17.06
101045,DEPOSIT,6,1,22,1,9,5,10,3,1,9.6
101056,DEPOSIT,6,1,28,1,8,4,10,2,1,15.85
101078,LOAN,30,1,9,1,3,4,16,1,1,27.43
101056,REMITTANCE,10,1,29,1,7,5,10,5,1,19.88
101056,INVEST,22,1,18,1,4,4,16,4,1,28.98
101012,CREDIT_CARD,12,1,22,1,11,6,10,4,1,20.14
101056,FIXED_DEP,15,0,18,1,6,7,11,1,1,12.83
101033,WITHDRAW,5,1,1,1,10,5,15,5,1,6.87
101012,DEPOSIT,6,0,7,1,3,6,10,3,1,3.18
101056,CREDIT_CARD,12,1,13,1,3,3,13,5,0,12.67
101078,INSURANCE,20,0,8,1,6,4,14,2,1,20.35
101012,CUST_SVC,10,0,20,1,9,7,14,3,1,14.17
101045,CUST_SVC,10,1,9,1,0,4,16,2,1,1.01
101045,REMITTANCE,10,1,13,1,2,2,12,4,0,11.23
101012,CREDIT_CARD,12,1,37,1,13,5,9,2,1,35.95
101056,FIXED_DEP,15,1,16,1,3,5,9,3,1,10.07
101078,ACC_OPEN,25,0,5,1,10,6,11,4,1,34.33
101012,FIXED_DEP,15,0,4,1,6,2,13,1,0,44.25
101056,LOAN,30,1,18,1,5,3,16,4,1,65.1
101033,LOAN,30,1,8,1,3,3,12,5,0,23.59
101078,ATM_CDM,8,1,8,1,8,4,15,4,1,20.9
101033,INVEST,22,1,17,1,8,6,14,4,1,27.57
101045,INSURANCE,20,1,10,1,3,7,10,4,1,12.61
101078,ACC_OPEN,25,0,26,1,7,3,16,5,1,53.13
101045,REMITTANCE,10,1,10,1,7,6,10,4,1,15.79
101012,ACC_OPEN,25,1,10,1,5,6,14,2,1,23.83
101012,LOAN,30,1,9,1,7,7,14,3,1,34.74
101078,ACC_OPEN,25,1,9,1,8,4,16,4,1,61.11
101045,CREDIT_CARD,12,0,26,1,6,6,9,1,1,12.11
101012,DEPOSIT,6,1,39,1,16,5,10,1,1,15.04
101045,ATM_CDM,8,1,7,1,4,5,15,5,1,7.38
101078,CUST_SVC,10,0,23,1,8,4,15,4,1,25.54
101056,CUST_SVC,10,0,17,1,7,5,10,3,1,11.3
101012,ATM_CDM,8,0,1,1,4,5,15,4,1,7.83
101078,LOAN,30,1,23,1,14,4,10,1,1,87.45
101045,REMITTANCE,10,1,3,1,3,3,16,1,1,12.63
101056,ATM_CDM,8,1,15,1,9,4,16,5,1,16.67
101056,REMITTANCE,10,1,25,1,7,3,16,3,1,24.06
101012,DEPOSIT,6,1,26,1,11,7,11,3,1,13.88
101078,ACC_OPEN,25,0,10,1,7,5,14,4,1,17.04
101012,ACC_OPEN,25,0,13,1,2,3,16,3,1,9.98
101056,CUST_SVC,10,1,48,1,16,6,10,1,1,31.7
101056,BIZ_BANK,18,1,15,1,13,4,11,1,1,90.0
101033,INVEST,22,1,16,1,6,6,9,5,1,14.76
101078,INSURANCE,20,1,14,1,7,4,10,1,1,47.74
101045,ATM_CDM,8,1,8,1,0,4,12,4,0,2.12
101078,CUST_SVC,10,1,8,1,10,5,11,4,1,10.52
101033,REMITTANCE,10,1,30,1,8,4,9,5,1,20.67
101056,ONLINE_SUP,12,1,2,1,7,6,11,3,1,17.91
101045,FIXED_DEP,15,1,7,1,6,6,15,4,1,22.03
101078,REMITTANCE,10,1,13,1,4,4,10,3,1,15.28
101012,INVEST,22,1,31,1,10,7,16,4,1,50.02
101045,ONLINE_SUP,12,1,10,1,5,6,14,4,1,4.28
101045,WITHDRAW,5,1,23,1,6,7,15,5,1,7.08
101045,ATM_CDM,8,1,10,1,7,8,14,3,1,11.03
101033,CREDIT_CARD,12,1,38,1,11,5,10,1,1,17.06
101045,ONLINE_SUP,12,1,31,1,13,5,9,1,1,51.93
101078,DEPOSIT,6,1,27,1,6,6,11,5,1,4.33
101078,ACC_OPEN,25,1,12,1,7,5,9,3,1,49.21
101012,WITHDRAW,5,0,10,1,14,6,15,1,1,7.73
101012,INVEST,22,0,15,1,3,7,9,3,1,10.33
101012,ATM_CDM,8,1,24,1,7,6,10,5,1,6.88
101056,CUST_SVC,10,1,30,1,9,6,15,2,1,26.53
101045,FIXED_DEP,15,1,17,1,7,6,10,4,1,16.68
101033,CUST_SVC,10,1,24,1,5,4,16,4,1,15.29
101033,CUST_SVC,10,0,7,1,5,5,9,1,1,17.45
101078,REMITTANCE,10,1,10,1,4,8,15,3,1,4.43
101045,FIXED_DEP,15,1,15,1,4,5,11,1,1,13.01
101078,ATM_CDM,8,0,15,1,6,7,9,3,1,6.51
101012,WITHDRAW,5,0,13,1,7,5,11,5,1,11.94
101012,CUST_SVC,10,0,31,1,9,8,14,1,1,5.96
101045,ONLINE_SUP,12,1,19,1,9,4,10,4,1,21.87
101056,CUST_SVC,10,1,20,1,4,4,13,5,0,10.07
101012,CREDIT_CARD,12,0,20,1,7,4,14,2,1,21.09
101033,DEPOSIT,6,1,20,1,8,7,14,2,1,6.64
101033,ATM_CDM,8,1,23,1,16,5,14,2,1,44.67
101078,BIZ_BANK,18,1,12,1,1,6,16,2,1,3.72
101012,CREDIT_CARD,12,1,21,1,8,6,11,3,1,12.43
101045,ACC_OPEN,25,1,8,1,6,6,9,1,1,34.73
101045,FIXED_DEP,15,0,30,1,7,6,15,1,1,12.05
101056,LOAN,30,1,12,1,8,7,9,2,1,37.2
101012,BIZ_BANK,18,1,14,1,13,7,10,1,1,42.26
101078,CUST_SVC,10,1,12,1,6,3,12,1,0,36.09
101056,WITHDRAW,5,0,1,1,4,6,11,5,1,3.86
101045,BIZ_BANK,18,1,5,1,6,8,15,1,1,16.54
101045,CUST_SVC,10,1,19,1,5,5,9,4,1,15.17
101033,CUST_SVC,10,0,4,1,6,7,9,3,1,7.05
101078,DEPOSIT,6,0,9,1,3,4,13,4,0,2.89
101033,ACC_OPEN,25,1,29,1,11,6,15,3,1,15.21
101078,ATM_CDM,8,1,4,1,3,7,16,2,1,3.72
101033,FIXED_DEP,15,1,15,1,5,3,12,2,0,27.03
101078,LOAN,30,1,9,1,4,7,16,1,1,28.02
101045,CUST_SVC,10,1,13,1,3,7,11,1,1,5.75
101045,DEPOSIT,6,1,10,1,9,4,14,3,1,18.34
101056,DEPOSIT,6,1,16,1,6,4,12,2,0,9.9
101045,ONLINE_SUP,12,1,9,1,3,6,9,2,1,6.61
101056,ACC_OPEN,25,1,3,1,7,3,16,1,1,80.44
101045,REMITTANCE,10,1,15,1,7,8,9,5,1,10.52
101078,CREDIT_CARD,12,0,28,1,7,4,16,4,1,18.66
101078,CUST_SVC,10,1,16,1,3,5,10,5,1,9.04
101056,BIZ_BANK,18,1,30,1,8,4,11,2,1,52.98
101033,ACC_OPEN,25,1,6,1,5,6,16,3,1,22.01
101078,CREDIT_CARD,12,1,24,1,5,5,11,2,1,13.81
101056,ATM_CDM,8,1,19,1,8,4,12,1,0,17.0
101033,CUST_SVC,10,0,1,1,2,5,9,4,1,3.0
101033,INVEST,22,0,10,1,7,6,11,1,1,25.14
101012,CUST_SVC,10,1,18,1,5,2,13,1,0,30.8
101056,ATM_CDM,8,1,34,1,14,7,11,1,1,19.44
101045,ACC_OPEN,25,1,1,1,2,5,16,3,1,6.61
101056,INSURANCE,20,1,4,1,7,8,10,5,1,19.92
101056,FIXED_DEP,15,1,31,1,9,6,15,1,1,32.39
101056,BIZ_BANK,18,1,50,1,16,4,10,5,1,90.0
101078,REMITTANCE,10,1,10,1,7,4,9,1,1,18.83
101078,ACC_OPEN,25,1,1,1,6,5,15,2,1,15.3
101045,ONLINE_SUP,12,1,1,1,6,7,11,2,1,14.78
101078,ACC_OPEN,25,0,30,1,11,4,11,1,1,55.51
101033,WITHDRAW,5,1,25,1,7,7,11,1,1,4.54
101056,CUST_SVC,10,1,3,1,3,7,14,4,1,3.62
101078,CREDIT_CARD,12,0,30,1,9,6,15,2,1,14.57
101078,CREDIT_CARD,12,1,24,1,7,6,11,4,1,5.2
101012,ACC_OPEN,25,1,18,1,6,5,15,4,1,37.68
101033,BIZ_BANK,18,1,44,1,12,7,11,1,1,19.87
101078,LOAN,30,0,8,1,4,2,12,2,0,56.14
101033,CREDIT_CARD,12,1,3,1,9,4,9,2,1,22.96
101056,CUST_SVC,10,1,36,1,10,6,10,5,1,18.57
101033,ACC_OPEN,25,1,8,1,7,6,11,2,1,18.12
101045,ACC_OPEN,25,0,32,1,9,5,9,2,1,57.32
101056,CREDIT_CARD,12,0,42,1,11,7,14,5,1,27.22
101078,ATM_CDM,8,1,19,1,8,5,9,4,1,10.44
101078,ACC_OPEN,25,1,21,1,8,4,11,3,1,69.55
101012,WITHDRAW,5,1,8,1,7,7,10,2,1,6.98
101012,INSURANCE,20,1,33,1,11,5,11,2,1,38.04
101078,DEPOSIT,6,1,13,1,5,6,16,2,1,2.01
101078,WITHDRAW,5,0,10,0,5,5,9,2,1,3.75
101012,ACC_OPEN,25,1,18,1,6,2,12,1,0,81.43
101033,ACC_OPEN,25,1,4,1,9,6,10,5,1,57.97
101056,DEPOSIT,6,0,10,0,3,3,13,2,0,7.91
101033,DEPOSIT,6,1,11,1,3,5,10,4,1,4.75
101078,CUST_SVC,10,0,8,1,8,3,16,1,1,25.46
101078,LOAN,30,1,20,1,6,4,11,5,1,45.77
101045,ACC_OPEN,25,0,9,1,5,8,14,3,1,14.35
101078,ACC_OPEN,25,1,20,1,6,6,9,3,1,21.48
101033,CUST_SVC,10,1,13,1,6,4,16,3,1,14.88
101078,WITHDRAW,5,1,22,1,8,4,16,2,1,13.03
101078,DEPOSIT,6,0,28,1,12,5,14,5,1,27.52
101056,BIZ_BANK,18,1,27,1,7,6,14,3,1,22.34
101045,ACC_OPEN,25,1,18,1,11,6,10,1,1,51.11
101056,DEPOSIT,6,0,7,1,1,2,13,5,0,2.51
101012,BIZ_BANK,18,1,40,1,12,4,9,5,1,64.63
101012,ONLINE_SUP,12,1,21,1,7,4,14,1,1,31.13
101012,CREDIT_CARD,12,0,12,1,6,7,11,1,1,11.61
101056,DEPOSIT,6,1,36,1,9,6,9,1,1,7.85
101045,CUST_SVC,10,1,12,1,7,6,16,2,1,17.13
101056,FIXED_DEP,15,0,19,1,5,7,11,2,1,6.99
101078,FIXED_DEP,15,1,17,1,7,5,9,5,1,25.33
101033,LOAN,30,0,15,1,8,4,10,1,1,90.0
101078,DEPOSIT,6,0,16,1,3,4,11,3,1,5.11
101033,DEPOSIT,6,1,9,1,3,4,12,2,0,4.05
101033,ONLINE_SUP,12,1,7,1,7,6,9,2,1,14.87
101033,ACC_OPEN,25,1,6,1,1,5,11,4,1,3.5
101056,CREDIT_CARD,12,1,23,1,7,8,15,1,1,9.3
101078,BIZ_BANK,18,1,10,1,4,3,16,4,1,23.44
101078,LOAN,30,1,9,1,5,6,14,1,1,27.12
101056,INSURANCE,20,1,2,1,12,6,10,2,1,33.05
101033,BIZ_BANK,18,0,1,1,7,4,11,2,1,31.03
101056,FIXED_DEP,15,1,17,1,3,5,16,3,1,10.89
101078,ONLINE_SUP,12,1,1,1,6,7,9,5,1,7.11
101012,BIZ_BANK,18,1,12,1,9,6,16,2,1,33.49
101012,REMITTANCE,10,1,19,1,5,5,9,2,1,12.02
101045,DEPOSIT,6,1,25,1,8,7,9,2,1,6.99
101033,ACC_OPEN,25,1,25,1,7,5,10,3,1,29.7
101033,BIZ_BANK,18,1,20,1,8,7,15,2,1,16.11
101033,CUST_SVC,10,1,14,1,5,4,10,2,1,9.6
101033,ONLINE_SUP,12,1,30,1,7,5,9,5,1,20.26
101045,INSURANCE,20,0,21,1,5,7,14,1,1,11.93
101056,LOAN,30,0,8,1,4,4,11,4,1,26.47
101012,ATM_CDM,8,1,7,1,10,5,15,5,1,13.46
101056,CUST_SVC,10,1,3,1,14,7,14,2,1,37.57
101045,LOAN,30,1,15,1,8,7,15,4,1,37.32
101056,REMITTANCE,10,1,18,1,4,6,14,4,1,8.45
101012,ACC_OPEN,25,1,14,1,3,3,13,4,0,15.54
101078,BIZ_BANK,18,1,16,1,7,4,15,5,1,25.22
101056,ACC_OPEN,25,1,30,1,7,5,9,4,1,34.51
101012,INVEST,22,1,29,1,11,5,11,2,1,40.4
101012,ATM_CDM,8,0,25,1,11,8,15,2,1,8.92
101012,ACC_OPEN,25,1,2,1,15,6,15,5,1,64.79
101078,LOAN,30,1,18,1,4,5,11,3,1,29.13
101033,CUST_SVC,10,1,28,1,7,4,16,2,1,27.53
101033,CUST_SVC,10,0,8,1,3,4,13,2,0,4.56
101012,INVEST,22,0,10,1,11,7,9,5,1,29.25
101045,ACC_OPEN,25,1,13,1,4,8,11,5,1,16.24
101056,BIZ_BANK,18,1,16,1,5,4,11,5,1,22.09
101033,CREDIT_CARD,12,1,18,1,5,4,15,5,1,23.31
101033,INSURANCE,20,1,3,1,6,3,13,5,0,39.35
101056,ATM_CDM,8,1,11,1,4,7,15,2,1,6.01
101045,DEPOSIT,6,0,4,1,3,2,12,5,0,9.17
101033,INVEST,22,1,23,1,10,7,9,5,1,40.86
101078,CREDIT_CARD,12,1,6,1,4,6,14,2,1,10.55
101012,INVEST,22,0,22,1,7,7,14,4,1,17.47
101056,LOAN,30,1,33,1,9,4,16,5,1,75.62
101045,FIXED_DEP,15,1,12,1,6,3,13,3,0,23.34
101012,CUST_SVC,10,1,7,1,4,5,10,4,1,13.11
101045,CUST_SVC,10,1,4,1,4,5,14,2,1,10.11
101056,DEPOSIT,6,1,9,1,7,5,15,3,1,8.17
101056,ACC_OPEN,25,1,10,1,7,6,10,5,1,30.86
101033,REMITTANCE,10,0,38,1,10,7,9,1,1,18.74
101078,DEPOSIT,6,1,14,1,6,4,14,1,1,7.03
101078,ATM_CDM,8,0,25,1,6,5,11,5,1,7.94
101056,INSURANCE,20,0,15,1,9,5,11,4,1,36.26
101078,ATM_CDM,8,1,21,1,12,7,15,1,1,20.6
101078,ACC_OPEN,25,0,15,1,2,2,13,3,0,20.28
101012,DEPOSIT,6,0,7,1,10,4,10,1,1,10.61
101045,INSURANCE,20,0,3,1,1,4,16,4,1,3.19
101078,INSURANCE,20,1,14,1,8,5,9,4,1,58.59
101078,CUST_SVC,10,0,17,1,3,5,14,1,1,5.21
101012,ATM_CDM,8,1,42,1,12,5,15,5,1,24.36
101033,DEPOSIT,6,1,11,1,9,5,15,1,1,11.11
101012,CUST_SVC,10,0,35,0,10,4,14,5,1,32.19
101045,ACC_OPEN,25,1,12,1,4,6,11,2,1,17.04
101056,CUST_SVC,10,1,23,1,5,7,10,5,1,11.43
101012,ATM_CDM,8,1,12,1,4,7,10,3,1,3.5
101056,BIZ_BANK,18,0,5,1,8,5,14,5,1,27.06
101012,CREDIT_CARD,12,0,7,0,6,8,14,1,1,12.61
101012,ACC_OPEN,25,1,44,1,16,8,10,5,1,56.72
101045,BIZ_BANK,18,0,12,1,4,4,10,2,1,12.49
101045,DEPOSIT,6,0,7,1,2,6,16,4,1,2.2
101012,DEPOSIT,6,1,16,1,13,7,14,1,1,14.65
101045,CREDIT_CARD,12,0,22,0,7,4,10,1,1,28.26
101033,INSURANCE,20,0,15,1,6,4,16,4,1,41.03
101012,CREDIT_CARD,12,1,4,1,7,4,13,3,0,20.4
101045,CREDIT_CARD,12,1,19,1,9,6,16,2,1,19.54
101078,BIZ_BANK,18,1,23,1,5,2,12,4,0,59.22
101056,CUST_SVC,10,1,7,1,2,4,12,3,0,2.81
101056,FIXED_DEP,15,1,18,1,5,4,16,4,1,25.39
101056,DEPOSIT,6,1,4,1,4,3,13,5,0,10.78
101033,LOAN,30,1,31,1,10,5,11,5,1,71.47
101078,DEPOSIT,6,1,4,1,2,7,16,3,1,0.89
101078,DEPOSIT,6,1,3,1,13,7,15,5,1,16.13
101078,INVEST,22,1,4,1,1,4,15,4,1,8.72
101033,ACC_OPEN,25,0,8,1,10,6,9,1,1,30.88
101012,BIZ_BANK,18,1,1,1,8,5,16,5,1,25.19
101078,INVEST,22,0,4,1,6,7,10,3,1,19.26
101045,FIXED_DEP,15,1,17,1,9,5,10,1,1,50.48
101056,LOAN,30,1,14,1,8,8,11,5,1,35.19
101012,ACC_OPEN,25,1,44,1,17,6,15,1,1,33.05
101045,INVEST,22,1,6,1,0,2,13,4,0,0.08
101045,DEPOSIT,6,1,6,1,8,4,10,1,1,18.25
101045,LOAN,30,0,15,0,3,3,16,4,1,43.6
101056,ONLINE_SUP,12,1,4,1,4,3,13,5,0,9.56
101045,ONLINE_SUP,12,0,9,1,7,4,15,5,1,25.45
101033,BIZ_BANK,18,1,17,1,7,8,15,4,1,23.6
101033,REMITTANCE,10,1,22,1,9,4,10,3,1,35.03
101056,ACC_OPEN,25,1,16,1,7,4,15,5,1,65.36
101078,CREDIT_CARD,12,1,4,1,3,3,13,3,0,18.98
101012,LOAN,30,1,26,1,8,8,11,3,1,36.17
101012,DEPOSIT,6,0,5,1,9,6,10,1,1,8.89
101078,CUST_SVC,10,1,13,1,2,5,11,3,1,2.02
101056,ACC_OPEN,25,0,1,0,9,4,10,4,1,42.72
101056,DEPOSIT,6,1,22,1,8,8,14,5,1,8.13
101056,CUST_SVC,10,0,22,1,8,7,14,1,1,5.62
101012,REMITTANCE,10,1,2,1,17,7,10,5,1,53.53
101033,ONLINE_SUP,12,1,11,1,10,6,10,5,1,32.56
101045,BIZ_BANK,18,1,22,1,9,6,10,2,1,34.65
101033,INSURANCE,20,1,24,1,9,5,15,4,1,23.81
101033,INSURANCE,20,0,8,1,3,2,12,3,0,20.16
101045,WITHDRAW,5,0,21,1,5,8,11,5,1,3.56
101033,ATM_CDM,8,1,18,1,7,7,10,4,1,9.82
101033,REMITTANCE,10,1,19,1,4,4,12,1,0,6.22
101045,REMITTANCE,10,1,14,1,2,6,9,1,1,5.06
101078,CUST_SVC,10,1,2,1,6,4,11,1,1,12.27
101012,DEPOSIT,6,1,14,1,10,4,14,1,1,17.46
101056,INSURANCE,20,0,14,0,6,6,9,5,1,26.99
101045,ATM_CDM,8,1,9,1,4,4,9,2,1,9.97
101033,LOAN,30,1,15,1,6,6,10,3,1,46.7
101033,ATM_CDM,8,0,20,1,4,3,16,2,1,6.19
101056,CREDIT_CARD,12,1,9,1,5,5,16,2,1,12.78
101078,DEPOSIT,6,1,8,1,8,6,16,1,1,10.97
101078,DEPOSIT,6,1,4,1,5,2,13,4,0,13.93
101056,FIXED_DEP,15,0,42,1,11,6,10,1,1,23.39
101078,REMITTANCE,10,0,5,1,4,7,16,4,1,5.51
101045,DEPOSIT,6,0,37,1,10,6,9,2,1,11.93
101045,ATM_CDM,8,1,11,1,5,4,10,2,1,7.99
101056,BIZ_BANK,18,0,32,1,12,6,11,1,1,51.63
101033,ONLINE_SUP,12,1,17,1,3,4,15,3,1,9.12
101056,ACC_OPEN,25,1,40,1,12,3,16,2,1,67.9
101045,BIZ_BANK,18,1,13,1,5,7,11,5,1,13.66
101056,INSURANCE,20,1,7,1,6,6,15,2,1,24.87
101045,LOAN,30,1,10,1,1,4,11,1,1,7.21
101033,DEPOSIT,6,0,19,1,4,3,13,3,0,5.49
101033,CUST_SVC,10,1,25,1,6,6,11,2,1,9.87
101045,DEPOSIT,6,1,5,1,1,4,9,4,1,1.99
101033,DEPOSIT,6,1,14,1,7,8,10,2,1,6.26
101033,ATM_CDM,8,1,27,1,12,4,15,1,1,38.29
101033,INVEST,22,0,16,1,8,3,16,1,1,37.98
101045,CUST_SVC,10,1,14,1,5,5,11,2,1,13.92
101078,REMITTANCE,10,1,5,1,2,4,13,1,0,6.49
101056,CREDIT_CARD,12,1,12,1,11,4,10,2,1,31.12
101056,CUST_SVC,10,1,17,1,11,6,11,1,1,7.76
101056,BIZ_BANK,18,0,40,1,11,4,15,1,1,52.78
101012,DEPOSIT,6,1,10,1,3,3,12,3,0,5.31
101045,LOAN,30,1,13,1,11,8,9,1,1,75.7
101045,ATM_CDM,8,1,2,1,3,4,12,4,0,4.14
101045,LOAN,30,1,1,1,3,4,9,3,1,36.26
101012,INSURANCE,20,1,15,1,3,4,16,2,1,26.15
101045,ATM_CDM,8,1,28,1,8,6,15,2,1,15.19
101033,WITHDRAW,5,0,17,1,6,4,15,2,1,8.11
101078,ACC_OPEN,25,1,7,1,11,6,15,1,1,41.96
101012,BIZ_BANK,18,1,18,1,9,3,16,5,1,53.66
101033,WITHDRAW,5,0,29,1,9,3,16,5,1,15.09
101078,DEPOSIT,6,1,21,1,4,2,12,4,0,16.1
101012,CUST_SVC,10,0,16,1,8,6,9,4,1,17.43
101056,ACC_OPEN,25,0,1,1,12,7,9,1,1,52.8
101045,INVEST,22,0,11,1,3,4,14,2,1,16.92
101078,ACC_OPEN,25,0,16,1,8,3,16,1,1,57.22
101078,DEPOSIT,6,1,18,1,5,5,14,4,1,7.62
101056,LOAN,30,0,12,1,4,4,14,2,1,26.66
101033,CUST_SVC,10,1,20,1,10,4,15,1,1,21.87
101012,LOAN,30,1,32,1,11,7,14,5,1,47.35
101033,ACC_OPEN,25,0,12,1,5,6,16,5,1,29.64
101033,ONLINE_SUP,12,0,20,1,14,4,14,1,1,30.52
101045,DEPOSIT,6,1,34,1,12,6,15,2,1,9.63
101078,CUST_SVC,10,1,25,1,6,4,9,5,1,13.61
101033,ATM_CDM,8,0,14,1,3,6,11,2,1,2.23
101012,ATM_CDM,8,1,4,1,4,4,12,2,0,8.24
101056,ONLINE_SUP,12,1,17,1,7,5,14,5,1,5.53
101078,ATM_CDM,8,1,12,1,5,4,9,3,1,9.45
101078,ACC_OPEN,25,0,1,1,1,4,13,5,0,6.48
101056,DEPOSIT,6,1,4,1,9,6,15,3,1,13.79
101078,ACC_OPEN,25,1,15,1,7,3,13,1,0,70.62
101045,LOAN,30,1,5,1,2,5,15,1,1,13.63
101045,CUST_SVC,10,1,24,1,6,7,9,4,1,11.27
101012,REMITTANCE,10,0,19,1,6,5,16,2,1,9.34
101056,INSURANCE,20,1,1,1,0,4,13,5,0,1.15
101033,CUST_SVC,10,1,13,1,4,4,12,3,0,11.33
101012,INSURANCE,20,1,12,1,4,7,10,3,1,6.8
101078,ACC_OPEN,25,0,8,1,4,4,10,4,1,36.53
101045,CREDIT_CARD,12,1,20,1,5,4,16,4,1,18.02
101078,ATM_CDM,8,1,6,1,0,6,11,3,1,1.19
101012,CUST_SVC,10,0,13,1,4,4,14,4,1,8.02
101056,DEPOSIT,6,0,32,1,8,5,10,1,1,13.87
101056,WITHDRAW,5,1,9,1,4,7,11,2,1,3.33
101012,LOAN,30,1,23,1,10,6,14,2,1,63.59
101012,INVEST,22,1,22,1,6,4,16,3,1,36.13
101078,DEPOSIT,6,1,9,1,2,5,15,3,1,2.07
101033,REMITTANCE,10,1,4,1,7,2,12,1,0,46.44
101056,ONLINE_SUP,12,1,2,1,13,6,15,3,1,35.35
101033,DEPOSIT,6,0,14,1,9,8,9,1,1,7.73
101033,ACC_OPEN,25,1,22,1,6,4,16,1,1,29.44
101078,REMITTANCE,10,1,35,1,11,7,15,5,1,17.35
101012,INSURANCE,20,1,4,1,8,7,11,5,1,19.9
101012,ONLINE_SUP,12,1,17,1,3,2,13,1,0,18.39
101033,BIZ_BANK,18,1,16,1,7,4,9,3,1,52.89
101012,FIXED_DEP,15,0,32,1,8,5,11,5,1,19.9
101078,CREDIT_CARD,12,1,26,1,10,8,9,3,1,21.94
101045,DEPOSIT,6,0,10,1,2,5,11,4,1,2.65
101056,ATM_CDM,8,0,9,1,9,4,10,2,1,14.25
101045,ONLINE_SUP,12,1,25,1,8,6,10,2,1,17.5
101056,DEPOSIT,6,1,7,1,6,5,9,4,1,10.34
101056,INVEST,22,1,15,1,13,7,9,3,1,43.93
101045,ATM_CDM,8,1,23,1,9,5,11,1,1,9.62
101056,FIXED_DEP,15,0,4,1,9,4,14,4,1,28.41
101012,CREDIT_CARD,12,1,27,1,6,6,9,4,1,17.12
101056,DEPOSIT,6,0,20,1,8,4,15,4,1,19.13
101045,DEPOSIT,6,1,5,1,5,6,14,5,1,7.29
101012,CREDIT_CARD,12,1,7,1,7,3,12,2,0,29.06
101012,DEPOSIT,6,0,10,1,8,6,15,1,1,7.17
101078,DEPOSIT,6,1,6,1,0,5,10,4,1,1.56
101012,CUST_SVC,10,1,10,1,16,5,16,1,1,49.87
101012,CREDIT_CARD,12,0,7,1,8,5,11,5,1,17.81
101078,INSURANCE,20,1,22,1,7,4,11,3,1,41.34
101033,DEPOSIT,6,0,8,1,6,5,9,3,1,11.46
101045,ONLINE_SUP,12,0,16,0,7,5,15,2,1,21.38
101012,DEPOSIT,6,1,4,1,3,2,12,4,0,12.41
101056,FIXED_DEP,15,1,39,1,12,5,10,1,1,48.94
101056,CREDIT_CARD,12,0,4,1,13,4,10,1,1,34.16
101056,REMITTANCE,10,0,17,1,5,6,14,1,1,6.76
101078,ATM_CDM,8,1,5,1,7,6,14,5,1,14.08
101078,BIZ_BANK,18,1,31,1,14,5,15,4,1,63.91
101033,CREDIT_CARD,12,1,16,1,4,5,15,2,1,10.88
101045,LOAN,30,1,4,1,3,6,9,5,1,21.22
101078,INSURANCE,20,1,23,1,6,6,15,5,1,17.44
101045,ONLINE_SUP,12,0,4,0,3,6,9,1,1,7.48
101045,DEPOSIT,6,0,4,1,6,7,15,3,1,2.71
101056,WITHDRAW,5,1,5,1,6,4,12,3,0,8.96
101078,FIXED_DEP,15,1,2,1,7,7,11,4,1,18.71
101078,REMITTANCE,10,1,13,1,11,7,10,1,1,20.09
101033,DEPOSIT,6,1,16,1,8,6,9,2,1,3.64
101056,DEPOSIT,6,1,32,1,12,8,10,5,1,18.45
101033,ONLINE_SUP,12,1,20,1,10,4,9,5,1,45.68
101078,BIZ_BANK,18,0,16,0,8,7,10,2,1,26.53
101033,ACC_OPEN,25,0,27,1,10,6,10,4,1,51.39
101078,ATM_CDM,8,1,20,1,7,5,11,3,1,15.49
101056,ATM_CDM,8,0,12,1,7,2,12,2,0,20.96
101056,CUST_SVC,10,0,10,0,11,7,11,1,1,19.74
101012,LOAN,30,1,28,1,9,7,10,3,1,41.47
101045,CUST_SVC,10,1,2,1,0,4,16,4,1,1.1
101045,INVEST,22,0,13,1,5,4,13,5,0,28.13
101056,FIXED_DEP,15,1,20,1,7,6,11,1,1,15.72
101033,ATM_CDM,8,0,1,1,6,8,11,5,1,6.82
101078,CREDIT_CARD,12,0,16,1,5,5,15,5,1,8.04
101033,ACC_OPEN,25,1,26,1,6,3,16,2,1,66.78
101045,INSURANCE,20,0,18,1,4,3,13,2,0,20.52
101033,BIZ_BANK,18,1,38,1,13,5,11,3,1,61.38
101045,INVEST,22,1,2,1,4,5,11,3,1,12.92
101033,WITHDRAW,5,1,2,1,13,4,11,5,1,22.35
101078,CUST_SVC,10,1,8,1,11,6,15,1,1,27.0
101033,CUST_SVC,10,1,2,1,2,5,11,4,1,5.17
101078,DEPOSIT,6,1,8,1,3,6,11,3,1,0.93
101012,LOAN,30,0,7,1,4,3,16,4,1,33.44
101045,ACC_OPEN,25,1,23,1,5,4,16,2,1,39.02
101078,ATM_CDM,8,1,13,1,16,5,10,5,1,41.02
101078,ACC_OPEN,25,0,14,1,4,6,10,2,1,17.67
101012,CUST_SVC,10,1,6,1,9,4,15,1,1,31.03
101012,LOAN,30,1,5,1,8,4,10,1,1,90.0
101012,ATM_CDM,8,1,45,1,15,7,10,5,1,17.77
101033,INSURANCE,20,1,3,1,4,6,16,1,1,19.19
101012,INVEST,22,1,29,1,9,5,9,1,1,68.71
101056,LOAN,30,1,15,1,10,6,10,1,1,88.64
101033,DEPOSIT,6,1,22,1,6,6,10,2,1,5.78
101045,CUST_SVC,10,0,11,1,3,4,14,4,1,10.12
101033,REMITTANCE,10,1,18,1,8,8,11,3,1,7.56
101078,CUST_SVC,10,1,36,1,11,6,10,3,1,25.21
101078,CREDIT_CARD,12,1,7,1,3,3,12,4,0,12.01
101033,DEPOSIT,6,1,8,1,8,6,11,5,1,8.39
101045,LOAN,30,1,19,1,4,6,16,1,1,12.17
101045,CREDIT_CARD,12,1,9,1,6,5,11,1,1,15.34
101033,INVEST,22,0,12,1,6,5,10,3,1,37.4
101056,WITHDRAW,5,1,26,1,8,4,14,4,1,8.51
101012,FIXED_DEP,15,1,5,1,9,4,15,2,1,32.3
101012,ACC_OPEN,25,1,14,1,3,6,11,3,1,8.98
101045,INSURANCE,20,0,25,1,9,6,15,3,1,34.26
101033,FIXED_DEP,15,1,17,1,5,5,15,5,1,7.15
101056,CREDIT_CARD,12,1,42,1,11,6,15,4,1,23.68
101033,REMITTANCE,10,1,14,1,7,8,15,2,1,9.59
101056,BIZ_BANK,18,1,16,1,9,6,14,1,1,29.69
101033,DEPOSIT,6,0,37,1,12,4,10,4,1,22.4
101056,CREDIT_CARD,12,1,16,1,5,7,14,3,1,8.96
101045,LOAN,30,1,16,1,6,4,10,5,1,54.3
101012,BIZ_BANK,18,1,27,1,7,3,13,1,0,22.59
101045,BIZ_BANK,18,1,4,1,2,2,13,2,0,22.09
101045,ATM_CDM,8,1,2,1,6,4,11,4,1,14.56
101078,INSURANCE,20,1,32,1,10,6,9,2,1,48.93
101056,INVEST,22,0,5,1,2,2,13,2,0,22.83
101033,LOAN,30,1,34,1,9,7,15,3,1,24.37
101045,ATM_CDM,8,0,3,1,1,5,14,5,1,1.97
101045,ONLINE_SUP,12,1,8,1,7,4,9,4,1,15.79
101045,CUST_SVC,10,1,9,1,4,4,16,2,1,9.31
101012,DEPOSIT,6,1,8,1,11,4,16,5,1,16.02
101078,DEPOSIT,6,0,4,1,5,4,11,2,1,6.04
101056,ACC_OPEN,25,0,25,1,7,6,11,5,1,35.33
101078,LOAN,30,1,25,1,6,4,14,3,1,38.18
101056,DEPOSIT,6,0,12,1,2,7,16,5,1,0.83
101045,INSURANCE,20,1,13,1,4,3,13,5,0,33.86
101012,DEPOSIT,6,1,18,1,13,2,12,1,0,50.34
101078,ONLINE_SUP,12,0,10,1,5,2,12,1,0,7.52
101045,LOAN,30,0,24,0,11,4,9,1,1,90.0
101045,CUST_SVC,10,1,30,1,7,5,14,5,1,11.6
101056,CREDIT_CARD,12,0,27,1,13,5,15,5,1,23.01
101056,WITHDRAW,5,0,16,1,3,2,13,2,0,7.36
101056,ATM_CDM,8,1,22,1,6,2,12,1,0,20.79
101045,DEPOSIT,6,0,6,1,3,7,14,5,1,2.43
101056,INVEST,22,0,4,1,6,2,12,5,0,61.0
101056,CREDIT_CARD,12,0,5,1,5,4,16,4,1,19.98
101033,BIZ_BANK,18,1,16,1,6,5,10,3,1,20.59
101056,LOAN,30,1,17,1,8,4,13,2,0,90.0
101056,DEPOSIT,6,1,22,1,10,4,10,3,1,13.33
101045,ONLINE_SUP,12,0,22,1,5,4,10,2,1,13.5
101045,DEPOSIT,6,1,9,1,4,5,9,2,1,4.1
101012,WITHDRAW,5,1,20,1,6,6,15,2,1,4.54
101045,ATM_CDM,8,1,7,1,10,6,16,5,1,22.94
101078,BIZ_BANK,18,0,12,1,5,2,13,3,0,51.21
101045,ATM_CDM,8,0,17,1,7,6,14,2,1,9.38
101012,DEPOSIT,6,0,8,1,9,7,15,1,1,7.6
101078,INVEST,22,0,12,1,4,7,10,2,1,18.76
101033,BIZ_BANK,18,1,11,1,5,2,13,2,0,51.14
101033,INVEST,22,1,29,1,9,4,9,1,1,54.92
101033,CUST_SVC,10,1,24,1,5,5,15,3,1,11.95
101056,DEPOSIT,6,0,27,1,12,7,9,5,1,11.08
101078,DEPOSIT,6,1,9,1,8,4,15,1,1,8.35
101012,CUST_SVC,10,0,7,1,8,4,10,3,1,20.15
101056,FIXED_DEP,15,1,10,1,9,6,9,1,1,16.87
101012,DEPOSIT,6,0,31,1,9,6,11,1,1,10.81
101033,DEPOSIT,6,1,36,1,9,6,9,3,1,6.2
101078,DEPOSIT,6,0,12,1,6,4,15,1,1,5.86
101056,CUST_SVC,10,1,1,1,7,6,10,1,1,19.71
101012,ONLINE_SUP,12,1,34,1,10,6,14,1,1,14.0
101056,LOAN,30,1,30,1,10,4,15,4,1,33.24
101012,INSURANCE,20,1,3,1,8,5,16,5,1,25.55
101012,ATM_CDM,8,1,20,1,8,6,16,5,1,9.99
101078,BIZ_BANK,18,0,15,1,3,7,10,2,1,8.2
101012,ACC_OPEN,25,1,4,1,8,6,10,4,1,22.09
101012,ACC_OPEN,25,1,22,1,8,4,15,5,1,50.84
101045,DEPOSIT,6,1,29,1,8,4,9,1,1,8.47
101033,ATM_CDM,8,1,17,1,4,5,14,2,1,5.31
101045,DEPOSIT,6,1,7,1,2,3,12,4,0,3.85
101045,ONLINE_SUP,12,0,4,1,5,6,9,5,1,11.52
101045,DEPOSIT,6,1,13,1,8,5,10,5,1,13.07
101012,CUST_SVC,10,0,11,0,15,5,9,1,1,42.66
101078,DEPOSIT,6,1,15,1,9,4,14,1,1,15.46
101056,FIXED_DEP,15,1,16,1,6,4,11,5,1,24.16
101033,ATM_CDM,8,1,8,1,4,7,14,2,1,5.25
101045,DEPOSIT,6,0,6,1,1,2,13,1,0,1.27
101012,BIZ_BANK,18,1,32,1,12,7,15,3,1,33.57
101056,CUST_SVC,10,1,2,1,7,2,13,1,0,16.59
101078,INSURANCE,20,1,20,1,5,4,11,4,1,36.92
101078,INSURANCE,20,1,24,1,12,6,16,1,1,50.79
101056,LOAN,30,1,6,1,7,3,13,2,0,90.0
101056,ONLINE_SUP,12,1,21,1,9,5,15,2,1,25.51
101078,WITHDRAW,5,1,13,1,2,5,10,5,1,2.85
101056,FIXED_DEP,15,0,12,1,6,3,12,5,0,37.49
101056,ATM_CDM,8,0,35,1,9,5,9,2,1,8.41
101078,ATM_CDM,8,1,28,1,7,4,11,2,1,21.02
101012,BIZ_BANK,18,0,40,1,11,5,16,2,1,36.89
101045,BIZ_BANK,18,0,12,0,3,8,9,3,1,8.45
101056,INSURANCE,20,0,5,1,2,5,9,2,1,6.06
101056,INVEST,22,1,13,1,7,2,13,1,0,90.0
101056,INSURANCE,20,0,21,1,11,7,11,5,1,43.08
101078,ACC_OPEN,25,0,5,1,2,2,12,2,0,24.45
101033,WITHDRAW,5,1,21,1,10,4,11,4,1,14.88
101078,CUST_SVC,10,1,13,1,6,3,13,2,0,19.0
101012,REMITTANCE,10,1,23,1,9,6,15,1,1,18.33
101033,ONLINE_SUP,12,1,47,1,13,7,15,1,1,16.33
101045,BIZ_BANK,18,0,15,1,2,3,13,1,0,7.91
101033,DEPOSIT,6,1,22,1,10,4,15,5,1,5.56
101033,INSURANCE,20,1,23,1,10,7,11,2,1,28.2
101045,ONLINE_SUP,12,0,39,1,12,4,16,1,1,47.52
101045,ATM_CDM,8,1,29,1,7,5,10,1,1,11.55
101045,REMITTANCE,10,1,22,1,7,5,10,4,1,16.93
101012,CUST_SVC,10,1,31,1,14,6,9,1,1,17.44
101078,REMITTANCE,10,1,10,1,2,5,16,3,1,5.74
101012,DEPOSIT,6,1,23,1,17,7,14,1,1,24.85
101033,INSURANCE,20,0,12,1,5,4,16,2,1,27.23
101045,CUST_SVC,10,1,5,1,7,8,10,4,1,8.6
101012,ACC_OPEN,25,1,7,1,11,4,11,5,1,39.57
101078,BIZ_BANK,18,1,6,1,5,5,15,1,1,16.58
101078,DEPOSIT,6,1,1,1,5,8,11,5,1,3.14
101012,CUST_SVC,10,0,11,0,7,4,10,2,1,24.96
101033,FIXED_DEP,15,1,4,1,3,8,14,1,1,7.95
101045,ATM_CDM,8,0,6,1,4,8,10,4,1,4.75
101078,DEPOSIT,6,0,12,0,5,7,11,2,1,5.09
101033,LOAN,30,1,23,1,6,4,13,1,0,36.17
101056,ATM_CDM,8,1,6,1,11,6,11,1,1,24.39
101056,DEPOSIT,6,0,24,1,10,5,9,1,1,10.35
101056,ONLINE_SUP,12,1,14,1,10,5,15,2,1,32.36
101045,ONLINE_SUP,12,1,22,1,7,3,16,5,1,44.43
101012,ATM_CDM,8,1,2,1,10,6,9,2,1,14.11
101045,CUST_SVC,10,1,33,1,13,7,10,1,1,25.2
101033,CREDIT_CARD,12,1,24,1,6,5,11,2,1,18.07
101056,ATM_CDM,8,0,14,1,5,4,9,5,1,8.76
101078,BIZ_BANK,18,1,5,1,6,4,15,4,1,25.9
101033,ATM_CDM,8,1,18,1,7,3,13,5,0,11.31
101033,REMITTANCE,10,1,24,1,12,7,10,5,1,18.05
101078,CUST_SVC,10,1,20,1,8,6,9,5,1,16.05
101033,INSURANCE,20,1,19,1,5,5,14,3,1,19.64
101033,WITHDRAW,5,1,7,1,4,3,12,1,0,9.98
101045,DEPOSIT,6,1,20,1,6,4,12,1,0,4.57
101012,DEPOSIT,6,1,13,1,4,4,14,1,1,9.15
101012,CREDIT_CARD,12,0,13,1,10,4,13,5,0,16.65
101045,CUST_SVC,10,1,8,1,6,5,10,5,1,7.2
101078,CUST_SVC,10,1,42,1,12,8,14,1,1,7.57
101033,INVEST,22,0,20,1,11,7,10,3,1,43.97
101045,DEPOSIT,6,1,16,1,5,7,14,5,1,4.31
101056,INSURANCE,20,0,6,1,9,5,10,4,1,26.54
101045,DEPOSIT,6,1,18,1,8,5,10,1,1,14.09
101056,WITHDRAW,5,0,9,1,1,3,12,1,0,4.03
101045,DEPOSIT,6,0,12,1,2,7,16,4,1,0.8
101078,CUST_SVC,10,0,21,1,5,7,10,3,1,5.21
101045,INSURANCE,20,0,30,1,10,5,9,1,1,48.97
101056,LOAN,30,1,8,1,6,6,10,3,1,33.54
101078,DEPOSIT,6,0,5,1,4,2,12,2,0,12.1
101056,LOAN,30,0,8,1,5,6,10,3,1,28.78
101078,ACC_OPEN,25,1,1,1,6,7,9,2,1,33.82
101078,INSURANCE,20,1,12,1,3,8,14,1,1,8.01
101033,CUST_SVC,10,1,23,1,8,6,9,4,1,17.0
101012,CUST_SVC,10,1,17,1,4,2,12,2,0,11.25
101078,CUST_SVC,10,1,2,1,1,7,9,3,1,3.51
101033,ATM_CDM,8,1,25,1,6,7,11,3,1,8.8
101045,ATM_CDM,8,0,4,1,3,5,16,2,1,3.38
101045,CUST_SVC,10,0,8,1,5,5,9,4,1,10.01
101078,DEPOSIT,6,1,5,1,5,4,9,3,1,9.77
101056,ATM_CDM,8,1,2,1,4,4,14,5,1,9.86
101078,ACC_OPEN,25,1,16,1,4,5,9,5,1,30.94
101012,REMITTANCE,10,1,2,1,7,4,13,5,0,21.42
101045,CUST_SVC,10,1,13,1,4,5,16,5,1,9.68
101045,FIXED_DEP,15,1,1,1,4,4,12,4,0,11.36
101078,CUST_SVC,10,0,11,1,4,5,9,1,1,7.7
101033,WITHDRAW,5,1,4,1,9,6,11,2,1,10.15
101012,ACC_OPEN,25,1,26,1,16,4,10,1,1,90.0
101045,REMITTANCE,10,0,1,1,0,4,16,1,1,0.48
101045,INSURANCE,20,0,11,1,1,4,12,3,0,2.94
101012,DEPOSIT,6,1,12,1,3,6,16,4,1,2.53
101045,CREDIT_CARD,12,0,12,1,12,7,9,1,1,22.0
101078,ACC_OPEN,25,0,1,1,2,4,9,1,1,10.3
101056,CUST_SVC,10,1,11,1,2,7,9,4,1,1.08
101056,CUST_SVC,10,1,7,1,5,6,9,5,1,4.36
101012,ATM_CDM,8,1,20,1,7,7,15,4,1,9.37
101045,DEPOSIT,6,0,13,0,5,4,9,2,1,10.04
101033,ACC_OPEN,25,1,24,1,6,4,10,1,1,30.79
101045,BIZ_BANK,18,0,19,1,5,3,12,2,0,31.7
101012,CUST_SVC,10,0,12,1,10,5,9,4,1,25.06
101056,CREDIT_CARD,12,0,24,1,5,8,15,1,1,12.18
101056,CREDIT_CARD,12,1,19,1,6,5,11,2,1,5.67
101033,ACC_OPEN,25,1,31,1,8,6,10,3,1,37.61
101045,ONLINE_SUP,12,1,20,1,4,4,14,4,1,15.03
101012,ACC_OPEN,25,1,5,1,6,4,16,4,1,41.28
101033,ONLINE_SUP,12,1,12,1,6,6,15,3,1,13.0
101012,LOAN,30,0,38,1,13,4,10,1,1,90.0
101033,ACC_OPEN,25,1,16,1,3,3,12,2,0,12.76
101045,CUST_SVC,10,1,7,1,3,4,16,5,1,9.68
101033,DEPOSIT,6,1,20,1,4,5,16,2,1,5.33
101033,ATM_CDM,8,1,16,1,5,3,12,3,0,15.04
101033,INVEST,22,0,39,1,13,4,10,1,1,82.58
101078,DEPOSIT,6,1,4,1,3,7,9,1,1,3.9
101033,LOAN,30,0,13,1,4,7,15,4,1,16.26
101012,FIXED_DEP,15,1,16,1,14,5,10,1,1,70.12
101045,ATM_CDM,8,1,9,1,0,2,13,3,0,1.07
101033,CUST_SVC,10,0,22,1,8,3,16,2,1,28.25
101012,REMITTANCE,10,0,11,0,8,6,14,3,1,14.29
101078,ONLINE_SUP,12,1,26,1,8,4,10,3,1,28.76
101045,INSURANCE,20,1,7,1,0,3,12,5,0,0.88
101056,CUST_SVC,10,1,21,1,8,5,10,5,1,17.21
101033,INVEST,22,1,30,1,7,6,16,4,1,25.35
101078,CUST_SVC,10,1,28,1,8,6,14,4,1,9.97
101078,DEPOSIT,6,1,24,1,10,7,10,5,1,9.72
101056,CREDIT_CARD,12,0,3,1,6,7,11,4,1,12.71
101056,INVEST,22,1,25,1,10,4,14,4,1,68.16
101045,CUST_SVC,10,1,22,1,8,6,15,1,1,13.39
101012,ACC_OPEN,25,0,16,1,7,6,14,4,1,29.4
101078,BIZ_BANK,18,1,3,1,8,6,15,1,1,30.63
101056,INSURANCE,20,0,2,1,5,2,13,2,0,34.04
101012,CREDIT_CARD,12,1,24,1,9,5,9,1,1,36.74
101012,ACC_OPEN,25,1,10,1,8,4,12,2,0,55.88
101033,ACC_OPEN,25,1,11,1,6,4,16,1,1,34.35
101056,WITHDRAW,5,1,10,1,5,4,14,2,1,10.16
101045,ATM_CDM,8,0,14,1,4,8,11,2,1,3.72
101033,DEPOSIT,6,0,23,1,5,6,14,5,1,4.12
101033,CUST_SVC,10,1,11,1,2,3,12,3,0,9.57
101033,BIZ_BANK,18,1,13,1,7,4,14,1,1,44.01
101012,ATM_CDM,8,0,14,1,3,6,10,3,1,4.1
101012,DEPOSIT,6,0,1,1,8,5,16,5,1,5.94
101012,ATM_CDM,8,1,7,1,7,5,16,3,1,8.13
101033,CUST_SVC,10,0,4,1,2,7,16,5,1,1.75
101056,REMITTANCE,10,1,2,1,3,5,11,3,1,6.4
101012,DEPOSIT,6,0,6,1,8,8,9,2,1,7.6
101033,ACC_OPEN,25,1,10,1,8,4,15,4,1,90.0
101033,ACC_OPEN,25,1,34,1,9,4,16,1,1,36.82
101012,CREDIT_CARD,12,0,15,0,12,6,9,4,1,20.03
101033,INSURANCE,20,1,13,1,12,4,9,2,1,90.0
101012,DEPOSIT,6,1,10,1,13,4,10,5,1,26.11
101056,CREDIT_CARD,12,1,13,1,8,4,14,1,1,19.55
101012,BIZ_BANK,18,1,2,1,12,6,10,1,1,35.9
101033,ACC_OPEN,25,1,7,1,5,5,14,4,1,34.5
101056,FIXED_DEP,15,1,16,1,4,4,11,2,1,20.39
101056,INSURANCE,20,0,2,1,3,5,15,3,1,9.1
101012,DEPOSIT,6,0,17,1,7,3,16,3,1,15.74
101012,LOAN,30,1,3,1,2,2,13,2,0,19.71
101045,CUST_SVC,10,0,4,1,2,4,13,1,0,5.26
101056,CREDIT_CARD,12,0,22,1,10,4,11,5,1,31.36
101012,DEPOSIT,6,1,1,1,5,3,13,2,0,7.16
101033,WITHDRAW,5,1,7,1,4,2,12,5,0,16.84
101045,INVEST,22,1,28,1,7,4,11,1,1,56.76
101033,ATM_CDM,8,1,20,1,9,6,16,5,1,21.72
101056,INSURANCE,20,1,2,1,7,2,12,4,0,46.51
101033,DEPOSIT,6,1,9,1,14,6,15,4,1,15.95
101056,DEPOSIT,6,1,14,1,7,6,10,2,1,12.63
101033,CUST_SVC,10,1,10,1,8,5,16,3,1,23.49
101045,ONLINE_SUP,12,1,6,1,3,4,16,2,1,11.26
101045,ONLINE_SUP,12,1,15,1,5,5,16,5,1,7.48
101078,CUST_SVC,10,0,10,1,4,6,15,2,1,5.9
101056,CUST_SVC,10,1,9,1,5,4,16,2,1,19.88
101056,FIXED_DEP,15,1,12,1,6,8,11,4,1,13.29
101078,INSURANCE,20,1,11,1,3,6,14,4,1,11.65
101012,REMITTANCE,10,1,26,1,13,4,11,2,1,21.84
101012,ATM_CDM,8,0,1,1,4,4,12,3,0,12.31
101078,DEPOSIT,6,1,27,1,7,6,14,3,1,9.48
101056,ATM_CDM,8,1,5,1,9,4,9,2,1,18.5
101078,DEPOSIT,6,1,19,1,9,5,11,2,1,11.04
101078,CUST_SVC,10,1,22,1,11,4,10,1,1,53.38
101012,ATM_CDM,8,1,8,1,4,4,12,5,0,9.73
101045,FIXED_DEP,15,1,7,1,5,5,14,3,1,20.15
101012,ACC_OPEN,25,1,27,1,9,8,9,4,1,27.13
101078,ACC_OPEN,25,1,29,1,7,5,9,2,1,54.39
101033,BIZ_BANK,18,1,10,1,5,3,12,4,0,30.51
101012,WITHDRAW,5,1,4,1,12,4,13,1,0,11.42
101033,ACC_OPEN,25,1,7,1,8,7,15,1,1,23.17
101045,WITHDRAW,5,1,10,1,3,4,16,2,1,5.48
101012,DEPOSIT,6,1,24,1,11,6,15,3,1,13.61
101012,DEPOSIT,6,1,9,1,4,5,11,1,1,7.12
101078,BIZ_BANK,18,1,32,1,8,7,10,3,1,23.22
101033,ATM_CDM,8,0,21,1,12,5,10,3,1,20.41
101078,FIXED_DEP,15,1,22,1,5,7,14,4,1,15.27
101012,ACC_OPEN,25,1,23,1,13,7,11,3,1,63.59
101078,CUST_SVC,10,0,6,1,5,6,16,3,1,11.89
101033,CUST_SVC,10,1,1,1,5,3,12,1,0,24.15
101033,CUST_SVC,10,1,12,1,5,4,13,2,0,13.1
101012,CUST_SVC,10,1,25,1,10,6,14,1,1,19.86
101056,LOAN,30,0,4,1,4,4,13,3,0,25.91
101045,CREDIT_CARD,12,1,14,1,6,7,10,1,1,13.15
101012,CUST_SVC,10,1,3,1,5,8,11,5,1,9.42
101078,ATM_CDM,8,1,11,1,8,6,15,3,1,11.63
101045,CUST_SVC,10,1,1,1,4,6,15,3,1,4.8
101045,DEPOSIT,6,1,3,1,6,6,11,5,1,7.48
101045,REMITTANCE,10,1,5,1,5,4,15,2,1,19.15
101078,ATM_CDM,8,1,9,1,5,3,16,1,1,10.31
101056,ACC_OPEN,25,1,23,1,5,4,13,5,0,26.8
101045,DEPOSIT,6,1,13,1,5,6,11,1,1,6.85
101056,CUST_SVC,10,1,1,1,3,4,12,3,0,10.42
101012,CREDIT_CARD,12,1,18,1,3,4,11,4,1,10.29
101012,ACC_OPEN,25,0,9,1,7,6,9,2,1,17.49
101033,ATM_CDM,8,0,19,1,8,5,11,1,1,10.07
101012,CUST_SVC,10,0,12,1,3,5,10,2,1,9.24
101045,DEPOSIT,6,1,33,1,11,6,14,1,1,22.23
101045,ACC_OPEN,25,1,3,1,13,6,15,5,1,49.59
101033,WITHDRAW,5,1,4,1,5,6,15,2,1,5.03
101012,ONLINE_SUP,12,1,56,1,19,6,11,5,1,34.18
101045,BIZ_BANK,18,1,6,1,9,6,14,5,1,39.13
101045,INSURANCE,20,1,22,1,12,3,16,1,1,90.0
101078,ACC_OPEN,25,1,9,1,5,2,13,5,0,90.0
101045,ACC_OPEN,25,1,8,1,4,4,16,1,1,29.4
101045,CUST_SVC,10,1,20,1,5,3,12,2,0,20.1
101078,CUST_SVC,10,1,15,1,9,4,10,1,1,29.1
101012,INVEST,22,0,24,0,10,4,15,4,1,71.39
101056,INSURANCE,20,1,24,1,7,4,10,3,1,21.22
101033,ATM_CDM,8,1,4,1,9,4,11,4,1,20.45
101078,DEPOSIT,6,0,7,1,4,7,15,4,1,0.74
101012,BIZ_BANK,18,1,4,1,9,4,16,4,1,51.9
101056,ATM_CDM,8,1,26,1,8,4,16,4,1,25.8
101045,CUST_SVC,10,0,8,0,2,6,14,4,1,2.94
101078,ONLINE_SUP,12,1,7,1,3,2,12,4,0,20.78
101056,DEPOSIT,6,1,17,1,8,6,10,3,1,7.18
101033,DEPOSIT,6,0,21,1,5,2,13,3,0,11.52
101012,REMITTANCE,10,0,15,1,3,4,15,4,1,6.23
101056,ATM_CDM,8,1,3,1,2,7,9,4,1,2.67
101012,CREDIT_CARD,12,1,12,1,5,3,16,4,1,20.35
101045,ACC_OPEN,25,1,2,1,3,6,9,1,1,19.68
101056,CREDIT_CARD,12,0,21,1,4,7,14,5,1,5.12
101033,CREDIT_CARD,12,1,12,1,3,2,12,4,0,18.9
101033,ONLINE_SUP,12,1,34,1,9,7,15,3,1,15.76
101078,BIZ_BANK,18,1,21,1,9,6,16,5,1,21.83
101033,ATM_CDM,8,1,7,1,4,3,13,2,0,13.59
101033,FIXED_DEP,15,1,1,1,9,8,10,5,1,19.9
101045,CREDIT_CARD,12,1,21,1,8,5,10,4,1,13.51
101033,ACC_OPEN,25,0,1,1,9,7,10,5,1,29.84
101045,CUST_SVC,10,0,38,0,10,5,10,1,1,26.58
101078,FIXED_DEP,15,1,6,1,5,6,14,5,1,7.98
101045,DEPOSIT,6,1,7,1,3,4,16,2,1,5.8
101078,BIZ_BANK,18,0,26,1,7,2,13,3,0,64.27
101078,ACC_OPEN,25,1,5,1,5,5,14,2,1,25.45
101056,LOAN,30,1,7,1,1,3,12,2,0,9.23
101078,CREDIT_CARD,12,1,15,1,8,4,15,1,1,33.39
101045,REMITTANCE,10,1,9,1,6,4,9,5,1,17.76
101012,BIZ_BANK,18,1,5,1,8,3,16,3,1,27.66
101012,ONLINE_SUP,12,1,13,1,7,6,9,1,1,12.61
101033,CREDIT_CARD,12,1,11,1,7,8,14,1,1,11.34
101012,INSURANCE,20,0,22,1,6,5,11,2,1,21.28
101012,CUST_SVC,10,1,7,1,6,5,11,3,1,14.01
101056,DEPOSIT,6,0,2,1,5,7,15,2,1,5.08
101012,LOAN,30,0,7,1,16,5,10,3,1,50.91
101045,ACC_OPEN,25,0,10,1,4,6,15,2,1,15.58
101012,ATM_CDM,8,1,10,1,6,4,14,1,1,15.28
101078,DEPOSIT,6,1,15,1,10,6,14,1,1,8.88
101045,ATM_CDM,8,0,11,1,1,6,15,3,1,0.0
101012,CREDIT_CARD,12,1,7,1,8,5,16,3,1,33.5
101056,DEPOSIT,6,0,14,1,7,5,14,4,1,5.45
101045,BIZ_BANK,18,1,10,1,2,7,11,3,1,7.74
101033,WITHDRAW,5,1,12,1,5,6,14,1,1,6.94
101056,FIXED_DEP,15,1,4,1,1,4,12,2,0,0.97
101056,DEPOSIT,6,1,24,1,7,8,14,4,1,4.01
101078,ATM_CDM,8,0,19,1,9,6,10,1,1,6.56
101045,ACC_OPEN,25,0,17,1,6,6,15,4,1,21.89
101056,ACC_OPEN,25,1,14,1,7,7,14,3,1,28.68
101045,BIZ_BANK,18,0,11,1,6,4,14,5,1,32.03
101078,ONLINE_SUP,12,1,2,1,9,5,16,1,1,21.93
101012,DEPOSIT,6,1,11,1,8,6,10,3,1,11.42
101056,CUST_SVC,10,0,33,1,12,5,10,3,1,22.94
101056,ATM_CDM,8,0,19,0,5,6,10,4,1,3.8
101078,CREDIT_CARD,12,1,6,1,3,3,13,4,0,12.11
101056,DEPOSIT,6,1,22,1,12,8,9,5,1,11.16
101045,DEPOSIT,6,0,13,1,4,4,11,2,1,7.76
101012,BIZ_BANK,18,0,18,1,3,4,12,3,0,10.34
101045,WITHDRAW,5,1,36,1,12,5,10,4,1,8.73
101078,REMITTANCE,10,1,7,1,7,5,11,2,1,14.16
101033,ONLINE_SUP,12,1,30,1,8,4,16,3,1,28.56
101045,BIZ_BANK,18,0,17,1,3,7,10,2,1,6.71
101033,LOAN,30,1,12,1,9,6,14,1,1,70.86
101045,CUST_SVC,10,0,9,1,7,7,9,1,1,14.07
101012,FIXED_DEP,15,0,15,1,5,4,12,4,0,15.09
101045,FIXED_DEP,15,1,4,1,2,4,13,4,0,6.62
101056,CUST_SVC,10,1,28,1,7,5,15,5,1,16.85
101033,CREDIT_CARD,12,1,13,1,8,4,10,1,1,32.1
101078,DEPOSIT,6,1,6,1,5,4,14,2,1,8.87
101045,ACC_OPEN,25,1,20,1,6,6,9,1,1,39.19
101033,INSURANCE,20,0,29,1,8,5,14,5,1,32.06
101056,LOAN,30,0,32,1,10,5,14,2,1,80.98
101033,DEPOSIT,6,1,20,1,5,4,13,2,0,8.91
101056,CUST_SVC,10,1,17,1,12,4,10,1,1,41.16
101078,LOAN,30,1,10,1,2,7,10,3,1,14.02
101078,FIXED_DEP,15,1,13,1,3,7,10,1,1,6.69
101012,ATM_CDM,8,0,13,1,8,4,12,2,0,21.01
101033,BIZ_BANK,18,0,3,1,8,3,16,1,1,41.36
101056,ONLINE_SUP,12,1,12,1,6,2,13,3,0,33.73
101056,REMITTANCE,10,0,1,1,3,7,11,4,1,4.81
101078,CUST_SVC,10,1,6,1,6,5,16,4,1,11.92
101078,INVEST,22,0,35,1,10,3,13,2,0,81.27
101056,BIZ_BANK,18,1,2,1,10,4,11,5,1,84.79
101045,DEPOSIT,6,1,12,1,2,2,13,4,0,4.32
101033,ONLINE_SUP,12,0,11,1,5,6,15,3,1,5.7
101045,BIZ_BANK,18,1,5,1,3,6,16,3,1,12.9
101012,FIXED_DEP,15,1,9,1,10,2,12,4,0,84.37
101078,INVEST,22,1,12,1,1,3,13,3,0,6.31
101056,CREDIT_CARD,12,1,24,1,6,4,16,1,1,25.7
101033,CREDIT_CARD,12,0,10,1,5,7,9,4,1,7.09
101033,LOAN,30,1,25,1,12,4,15,5,1,90.0
101078,ATM_CDM,8,0,5,1,3,5,11,4,1,7.34
101033,REMITTANCE,10,1,10,1,5,8,14,2,1,11.44
101045,DEPOSIT,6,1,16,1,3,5,10,3,1,4.86
101045,DEPOSIT,6,1,9,1,1,2,12,2,0,3.61
101078,ACC_OPEN,25,1,5,1,12,8,15,5,1,44.05
101078,ATM_CDM,8,1,15,1,6,4,16,3,1,7.1
101056,CUST_SVC,10,1,26,1,8,4,12,3,0,17.95
101012,CUST_SVC,10,1,13,1,4,4,13,1,0,6.55
101056,ATM_CDM,8,1,19,1,6,6,16,5,1,4.44
101045,ATM_CDM,8,1,21,1,9,4,9,5,1,25.76
101045,CUST_SVC,10,1,16,1,3,4,11,5,1,11.96
101012,ACC_OPEN,25,1,5,1,14,5,9,1,1,90.0
101056,DEPOSIT,6,0,29,1,11,4,15,4,1,14.09
101012,CREDIT_CARD,12,1,17,1,8,6,14,1,1,11.63
101012,INSURANCE,20,1,11,1,4,2,12,2,0,57.45
101033,BIZ_BANK,18,1,13,1,3,6,11,3,1,10.43
101078,CUST_SVC,10,0,16,1,3,8,9,4,1,4.85
101056,DEPOSIT,6,0,11,1,5,6,11,1,1,1.42
101012,DEPOSIT,6,1,7,1,10,7,9,1,1,10.33
101012,ONLINE_SUP,12,1,19,1,5,4,13,1,0,15.81
101045,ATM_CDM,8,1,19,1,6,4,10,3,1,18.3
101033,CUST_SVC,10,0,22,1,6,5,9,3,1,10.59
101012,INVEST,22,0,3,1,10,4,10,3,1,67.32
101033,ACC_OPEN,25,0,44,0,14,6,10,5,1,86.04
101045,ATM_CDM,8,1,3,1,3,4,15,3,1,9.86
101045,ATM_CDM,8,0,8,1,4,4,15,4,1,7.18
101078,ATM_CDM,8,1,7,1,2,8,15,5,1,5.79
101045,ONLINE_SUP,12,0,2,1,8,6,10,1,1,14.98
101078,CREDIT_CARD,12,1,8,1,4,6,14,5,1,8.65
101012,DEPOSIT,6,1,4,1,10,7,11,5,1,11.24
101056,REMITTANCE,10,0,4,1,3,3,13,4,0,8.12
101012,ACC_OPEN,25,0,13,0,6,2,13,2,0,82.36
101078,CREDIT_CARD,12,1,8,1,9,6,14,2,1,27.35
101045,CUST_SVC,10,1,8,1,4,4,10,1,1,6.78
101012,ATM_CDM,8,1,4,1,3,8,10,4,1,3.1
101033,LOAN,30,1,7,1,5,4,9,3,1,39.12
101033,ACC_OPEN,25,1,14,1,9,4,10,5,1,74.35
101045,INVEST,22,0,12,1,4,5,14,3,1,19.99
101012,ATM_CDM,8,1,1,1,9,7,15,2,1,10.91
101078,LOAN,30,0,11,1,4,5,10,2,1,31.44
101033,LOAN,30,1,19,1,6,5,9,5,1,22.24
101012,BIZ_BANK,18,0,30,1,7,5,16,3,1,26.57
101078,LOAN,30,0,8,1,2,7,11,2,1,7.79
101045,CREDIT_CARD,12,1,19,1,5,2,13,4,0,26.62
101012,DEPOSIT,6,1,49,1,18,4,11,3,1,50.09
101056,ATM_CDM,8,1,8,1,4,5,11,5,1,10.15
101045,CUST_SVC,10,1,8,1,5,2,12,5,0,20.21
101078,CUST_SVC,10,1,20,1,10,6,14,3,1,14.41
101045,LOAN,30,1,7,1,3,2,13,3,0,39.75
101033,CUST_SVC,10,0,5,1,8,4,9,4,1,26.83
101012,DEPOSIT,6,1,5,1,13,8,14,2,1,11.61
101056,CUST_SVC,10,1,15,1,5,3,13,5,0,18.44
101078,ATM_CDM,8,0,1,0,9,4,11,2,1,23.06
101078,CUST_SVC,10,1,21,1,6,8,9,5,1,11.97
101056,ONLINE_SUP,12,1,12,1,3,3,13,4,0,5.6
101078,INSURANCE,20,0,5,1,3,4,14,3,1,3.95
101056,BIZ_BANK,18,1,8,1,4,4,15,2,1,21.03
101045,BIZ_BANK,18,0,27,1,13,4,11,1,1,27.54
101012,FIXED_DEP,15,0,2,1,4,2,13,2,0,19.53
101078,LOAN,30,1,3,1,3,7,15,3,1,13.27
101045,INVEST,22,1,9,1,0,3,12,2,0,1.08
101078,BIZ_BANK,18,1,8,1,0,5,14,2,1,1.16
101012,DEPOSIT,6,1,32,1,10,3,13,1,0,28.93
101033,INSURANCE,20,0,10,1,11,5,15,5,1,44.41
101045,WITHDRAW,5,1,7,1,1,4,13,1,0,1.43
101078,CREDIT_CARD,12,1,13,1,5,7,11,1,1,7.97
101045,CUST_SVC,10,0,7,1,2,5,10,5,1,6.22
101056,WITHDRAW,5,1,25,1,17,5,9,5,1,17.71
101045,ONLINE_SUP,12,0,2,1,0,4,15,1,1,0.22
101045,INSURANCE,20,0,2,1,5,8,10,3,1,16.86
101012,ONLINE_SUP,12,1,20,1,16,5,10,1,1,29.9
101045,REMITTANCE,10,1,6,1,10,6,10,5,1,20.52
101012,DEPOSIT,6,1,11,1,9,4,15,1,1,16.03
101012,FIXED_DEP,15,0,17,1,5,5,15,2,1,19.58
101033,ATM_CDM,8,1,8,1,4,2,13,1,0,22.17
101078,INSURANCE,20,1,36,1,12,6,10,5,1,44.15
101045,FIXED_DEP,15,0,12,1,4,3,13,1,0,20.72
101056,INVEST,22,1,23,1,6,4,13,5,0,35.34
101045,INVEST,22,1,10,1,2,3,13,4,0,15.9
101056,DEPOSIT,6,1,8,1,2,4,16,3,1,2.63
101033,ACC_OPEN,25,1,20,1,7,4,15,1,1,53.05
101056,CUST_SVC,10,1,14,1,5,4,10,3,1,18.68
101045,CREDIT_CARD,12,1,1,1,7,4,10,3,1,15.73
101033,CUST_SVC,10,1,6,1,5,6,11,2,1,11.01
101045,ATM_CDM,8,1,13,1,4,8,14,3,1,3.69
101056,INSURANCE,20,1,3,1,3,2,12,1,0,53.23
101056,CREDIT_CARD,12,1,14,1,12,4,15,5,1,56.06
101045,INSURANCE,20,1,9,1,5,5,16,1,1,17.23
101056,ATM_CDM,8,1,27,1,15,4,14,1,1,52.64
101033,WITHDRAW,5,0,1,1,1,4,13,3,0,1.72
101045,REMITTANCE,10,1,14,1,3,5,14,5,1,4.08
101056,ATM_CDM,8,1,21,1,9,4,10,3,1,28.53
101012,CREDIT_CARD,12,0,14,1,3,2,13,2,0,8.84
101078,DEPOSIT,6,0,16,1,4,6,11,4,1,5.55
101012,ATM_CDM,8,1,26,1,13,4,15,1,1,34.34
101033,ATM_CDM,8,1,34,1,10,6,10,1,1,15.33
101012,FIXED_DEP,15,1,1,1,9,7,15,3,1,11.66
101033,REMITTANCE,10,1,20,1,18,5,15,1,1,52.91
101012,INSURANCE,20,1,24,1,7,4,13,3,0,20.34
101045,DEPOSIT,6,1,5,1,7,4,15,1,1,12.33
101012,DEPOSIT,6,1,9,1,0,4,12,4,0,1.09
101012,CUST_SVC,10,1,2,1,21,5,9,1,1,44.01
101012,INSURANCE,20,1,19,1,9,4,16,4,1,46.77
101033,ATM_CDM,8,0,12,1,3,4,13,2,0,7.5
101033,ATM_CDM,8,1,28,1,11,5,15,2,1,28.24
101045,CUST_SVC,10,1,24,1,8,4,16,1,1,16.98
101045,BIZ_BANK,18,1,11,1,4,4,16,4,1,18.58
101078,FIXED_DEP,15,0,17,0,4,4,12,3,0,10.07
101033,CUST_SVC,10,1,23,1,11,4,9,5,1,21.07
101033,CUST_SVC,10,0,47,1,14,6,15,5,1,19.48
101045,DEPOSIT,6,1,26,1,9,7,11,3,1,8.72
101056,INVEST,22,1,16,1,7,2,13,5,0,84.55
101045,FIXED_DEP,15,1,1,1,7,6,16,4,1,17.56
101012,ONLINE_SUP,12,1,8,1,12,4,10,2,1,31.26
101045,INSURANCE,20,1,4,1,2,6,15,3,1,10.07
101078,BIZ_BANK,18,0,10,1,2,7,11,4,1,3.86
101078,BIZ_BANK,18,1,14,1,2,2,13,4,0,18.58
101078,DEPOSIT,6,1,14,1,8,4,14,5,1,9.16
101033,INVEST,22,0,4,1,2,3,12,2,0,8.32
101056,CREDIT_CARD,12,0,26,1,13,6,15,5,1,33.47
101033,BIZ_BANK,18,1,16,1,4,4,11,1,1,19.51
101056,FIXED_DEP,15,1,4,1,1,7,11,4,1,2.54
101056,ACC_OPEN,25,1,2,1,6,8,15,4,1,19.68
101078,ACC_OPEN,25,1,12,1,4,5,15,3,1,25.96
101078,ATM_CDM,8,1,28,1,7,4,16,1,1,10.73
101045,BIZ_BANK,18,1,16,1,5,5,15,1,1,16.37
101045,DEPOSIT,6,1,20,1,5,6,9,3,1,4.82
101045,DEPOSIT,6,0,42,1,13,5,15,5,1,23.05
101078,CUST_SVC,10,0,6,1,3,6,9,2,1,3.07
101056,INVEST,22,1,1,1,8,6,16,1,1,44.13
101033,WITHDRAW,5,1,21,1,5,6,11,2,1,4.95
101056,DEPOSIT,6,1,9,1,10,6,9,4,1,17.33
101033,DEPOSIT,6,0,9,1,6,4,10,2,1,4.89
101012,CUST_SVC,10,0,18,1,5,2,13,2,0,16.19
101056,CUST_SVC,10,0,18,1,16,5,10,1,1,49.79
101056,ATM_CDM,8,1,21,1,8,3,16,3,1,12.93
101078,BIZ_BANK,18,0,3,0,6,3,16,3,1,58.13
101056,ACC_OPEN,25,0,10,1,3,7,11,2,1,6.52
101012,BIZ_BANK,18,0,5,1,3,4,13,2,0,8.96
101033,FIXED_DEP,15,1,24,1,5,8,11,5,1,10.85
101056,CUST_SVC,10,1,27,1,7,4,14,2,1,21.31
101012,CUST_SVC,10,0,45,1,13,6,15,1,1,27.2
101056,DEPOSIT,6,0,21,1,5,2,12,3,0,16.49
101056,ATM_CDM,8,1,10,1,6,7,9,2,1,11.38
101056,ONLINE_SUP,12,1,12,1,6,4,12,2,0,28.48
101078,DEPOSIT,6,1,12,1,6,5,14,2,1,6.75
101078,CUST_SVC,10,0,19,1,4,2,13,2,0,7.06
101056,CUST_SVC,10,1,10,1,1,4,12,3,0,3.05
101056,ONLINE_SUP,12,1,11,1,5,4,12,5,0,19.8
101045,CREDIT_CARD,12,1,10,1,4,3,12,3,0,20.43
101033,FIXED_DEP,15,1,36,1,12,5,14,2,1,52.97
101012,ACC_OPEN,25,1,14,1,7,6,16,4,1,12.26
101056,BIZ_BANK,18,1,6,1,10,4,14,5,1,49.14
101078,CUST_SVC,10,0,34,1,9,6,9,1,1,15.72
101012,CUST_SVC,10,1,11,1,3,2,13,3,0,13.56
101033,DEPOSIT,6,0,1,1,6,6,15,5,1,5.74
101078,ATM_CDM,8,1,8,1,1,4,12,4,0,1.04
101056,INVEST,22,1,8,1,3,4,13,4,0,11.39
101056,ATM_CDM,8,1,19,1,4,4,13,3,0,9.62
101033,ACC_OPEN,25,1,22,1,7,4,15,3,1,59.75
101045,REMITTANCE,10,1,4,1,4,7,15,1,1,6.44
101012,DEPOSIT,6,1,12,1,6,6,15,5,1,7.18
101078,INVEST,22,1,14,1,7,6,9,1,1,42.45
101033,DEPOSIT,6,1,13,1,11,4,9,3,1,18.98
101033,INSURANCE,20,1,15,1,4,7,9,2,1,10.66
101078,BIZ_BANK,18,1,1,1,4,4,10,3,1,16.9
101078,ATM_CDM,8,0,2,1,1,3,12,2,0,3.84
101045,LOAN,30,1,37,1,10,4,10,1,1,65.04
101078,CUST_SVC,10,0,31,1,10,6,11,5,1,17.14
101045,ONLINE_SUP,12,1,9,1,3,4,11,3,1,12.18
101045,INSURANCE,20,0,33,1,8,4,9,5,1,41.16
101078,DEPOSIT,6,1,35,1,12,4,11,1,1,12.72
101045,ATM_CDM,8,1,19,1,5,7,9,4,1,9.78
101078,CUST_SVC,10,1,1,1,6,6,14,1,1,13.81
101056,ACC_OPEN,25,0,30,1,8,4,11,5,1,37.83
101056,DEPOSIT,6,0,44,1,13,5,15,4,1,12.95
101078,CREDIT_CARD,12,1,1,1,7,4,11,3,1,20.37
101012,DEPOSIT,6,0,2,1,3,3,12,2,0,6.12
101056,ONLINE_SUP,12,1,14,1,9,5,10,1,1,23.13
101056,CREDIT_CARD,12,1,1,1,10,6,15,1,1,25.67
101056,INSURANCE,20,1,25,1,6,4,14,2,1,22.81
101056,CUST_SVC,10,0,20,1,6,5,9,2,1,18.73
101045,ONLINE_SUP,12,1,7,1,1,8,11,4,1,1.36
101056,DEPOSIT,6,1,16,1,3,5,16,1,1,4.48
101033,ACC_OPEN,25,1,29,1,10,7,9,1,1,38.51
101045,ATM_CDM,8,0,8,1,8,5,11,4,1,5.64
101045,REMITTANCE,10,1,24,1,8,4,11,5,1,20.28
101033,CUST_SVC,10,0,12,1,2,8,15,4,1,3.44
101056,DEPOSIT,6,0,21,0,12,4,12,2,0,17.39
101078,LOAN,30,1,19,1,8,6,9,3,1,37.72
101056,REMITTANCE,10,1,15,1,2,3,12,4,0,6.36
101045,CUST_SVC,10,1,21,1,6,5,16,4,1,8.4
101012,DEPOSIT,6,0,11,1,10,5,11,3,1,10.74
101012,CREDIT_CARD,12,1,9,1,6,4,13,2,0,22.3
101078,ACC_OPEN,25,0,43,1,14,6,9,4,1,56.68
101012,ONLINE_SUP,12,1,34,1,17,6,15,2,1,34.76
101078,ACC_OPEN,25,1,4,1,6,4,15,5,1,41.36
101056,ATM_CDM,8,0,24,1,9,4,9,5,1,19.2
101033,CUST_SVC,10,1,6,1,11,5,10,1,1,22.73
101033,CREDIT_CARD,12,0,5,1,6,4,10,5,1,10.54
101045,DEPOSIT,6,0,15,1,11,5,15,5,1,10.47
101033,CUST_SVC,10,0,9,1,2,4,12,1,0,4.33
101056,CUST_SVC,10,1,32,1,11,6,14,2,1,22.75
101033,REMITTANCE,10,1,14,1,9,3,16,1,1,20.75
101078,ATM_CDM,8,0,14,1,4,2,12,3,0,10.02
101012,BIZ_BANK,18,1,13,1,3,3,13,3,0,13.1
101012,CUST_SVC,10,1,15,1,7,4,16,5,1,29.17
101056,REMITTANCE,10,1,9,1,12,5,10,2,1,36.29
101033,CUST_SVC,10,1,1,1,8,5,11,5,1,17.3
101012,DEPOSIT,6,1,19,1,11,6,11,1,1,8.23
101045,CUST_SVC,10,0,12,1,1,2,13,3,0,2.96
101056,CUST_SVC,10,1,21,1,8,5,10,1,1,25.45
101078,CUST_SVC,10,1,18,1,8,5,11,4,1,25.5
101033,CUST_SVC,10,1,30,1,9,6,9,3,1,24.03
101078,DEPOSIT,6,0,20,1,5,4,9,1,1,6.96
101078,CUST_SVC,10,0,12,0,6,4,11,5,1,20.01
101078,INVEST,22,0,18,0,6,5,16,1,1,38.09
101012,CREDIT_CARD,12,1,1,1,4,4,12,4,0,11.74
101033,BIZ_BANK,18,1,8,1,6,6,16,2,1,15.98
101012,CUST_SVC,10,0,47,1,17,6,10,4,1,29.64
101078,LOAN,30,0,16,1,6,4,15,1,1,54.23
101045,ACC_OPEN,25,1,6,1,5,5,10,4,1,20.16
101012,ACC_OPEN,25,1,1,1,6,5,14,2,1,41.8
101012,CREDIT_CARD,12,0,12,1,7,4,14,3,1,24.43
101033,ACC_OPEN,25,1,3,1,10,6,11,1,1,65.13
101078,CREDIT_CARD,12,1,14,1,6,3,16,1,1,21.58
101045,CUST_SVC,10,1,15,1,7,7,14,2,1,13.71
101056,ACC_OPEN,25,1,6,1,0,2,12,1,0,0.46
101012,BIZ_BANK,18,1,9,1,10,3,16,1,1,45.85
101045,CUST_SVC,10,1,3,1,8,8,9,1,1,12.65
101078,LOAN,30,1,26,1,7,4,15,5,1,61.23
101056,ATM_CDM,8,1,30,1,8,7,10,5,1,13.76
101056,WITHDRAW,5,1,23,1,8,4,11,3,1,12.36
101012,CUST_SVC,10,1,16,1,3,4,13,3,0,5.82
101078,WITHDRAW,5,0,5,1,5,3,16,5,1,7.67
101045,CREDIT_CARD,12,1,4,1,5,5,11,2,1,14.77
101056,FIXED_DEP,15,1,16,1,4,6,10,4,1,10.09
101078,CREDIT_CARD,12,0,15,1,6,5,9,1,1,11.92
101045,CUST_SVC,10,1,21,1,4,7,11,5,1,8.93
101056,ONLINE_SUP,12,1,27,1,11,6,11,1,1,17.07
101033,DEPOSIT,6,1,28,1,7,6,14,3,1,6.17
101045,WITHDRAW,5,0,1,1,4,7,10,2,1,2.21
101012,CUST_SVC,10,1,7,1,8,8,9,4,1,8.02
101078,ACC_OPEN,25,1,10,1,13,7,11,5,1,70.49
101012,ATM_CDM,8,1,3,1,4,4,16,1,1,9.49
101012,CUST_SVC,10,1,13,1,4,4,9,3,1,11.86
101012,LOAN,30,1,31,1,16,8,10,2,1,39.31
101078,DEPOSIT,6,0,12,0,4,4,11,1,1,7.58
101078,REMITTANCE,10,1,17,1,4,4,13,2,0,7.94
101012,CREDIT_CARD,12,1,1,1,1,6,16,2,1,2.89
101012,ONLINE_SUP,12,1,9,1,2,2,13,4,0,9.63
101045,ATM_CDM,8,1,16,1,3,7,14,1,1,5.79
101056,CREDIT_CARD,12,0,32,1,10,2,12,1,0,72.59
101056,FIXED_DEP,15,1,17,1,5,4,11,4,1,17.44
101012,DEPOSIT,6,1,16,1,6,2,13,4,0,19.97
101078,DEPOSIT,6,1,17,1,3,6,9,3,1,2.56
101056,FIXED_DEP,15,1,5,1,6,3,13,1,0,37.67
101012,ACC_OPEN,25,1,20,1,9,4,15,3,1,65.97
101078,ATM_CDM,8,1,24,1,6,6,14,2,1,12.46
101045,DEPOSIT,6,1,5,1,2,6,9,2,1,2.29
101012,ATM_CDM,8,1,20,1,11,5,10,4,1,28.65
101045,WITHDRAW,5,1,4,1,5,7,15,1,1,5.97
101033,ACC_OPEN,25,0,29,1,9,5,10,3,1,36.39
101033,DEPOSIT,6,0,1,1,12,4,10,1,1,21.17
101045,INSURANCE,20,0,20,1,5,8,9,5,1,12.71
101033,ATM_CDM,8,1,35,1,11,4,9,2,1,31.47
101078,ACC_OPEN,25,0,34,0,10,5,15,1,1,49.19
101045,CREDIT_CARD,12,0,2,0,6,4,16,5,1,14.2
101045,CUST_SVC,10,0,3,1,6,4,10,1,1,13.66
101045,WITHDRAW,5,1,3,1,2,2,12,3,0,5.03
101078,CUST_SVC,10,1,23,1,7,7,11,1,1,16.63
101012,ACC_OPEN,25,1,10,1,3,2,12,1,0,41.67
101033,CREDIT_CARD,12,1,20,1,5,7,15,3,1,12.11
101033,INVEST,22,1,26,1,9,4,16,5,1,90.0
101078,CUST_SVC,10,1,22,1,5,8,9,3,1,6.04
101012,DEPOSIT,6,1,29,1,7,2,12,3,0,25.53
101078,CUST_SVC,10,1,24,1,6,4,15,1,1,19.9
101012,CREDIT_CARD,12,0,2,0,12,6,15,3,1,43.58
101012,FIXED_DEP,15,1,31,1,10,5,16,1,1,14.52
101045,REMITTANCE,10,0,4,0,4,4,16,2,1,11.32
101033,ATM_CDM,8,0,12,1,1,4,13,3,0,2.78
101012,INSURANCE,20,0,17,1,10,4,11,5,1,60.52
101033,DEPOSIT,6,1,18,1,5,6,11,3,1,3.97
101045,BIZ_BANK,18,1,4,1,5,4,12,4,0,18.77
101033,FIXED_DEP,15,1,33,1,8,4,14,5,1,40.51
101033,ATM_CDM,8,0,9,0,4,3,13,2,0,8.6
101045,CUST_SVC,10,0,22,1,6,8,11,5,1,8.89
101033,DEPOSIT,6,1,1,1,6,5,15,2,1,10.01
101012,DEPOSIT,6,0,19,1,6,8,11,1,1,6.35
101078,FIXED_DEP,15,0,17,1,8,3,13,1,0,47.93
101033,ATM_CDM,8,1,22,1,6,4,11,2,1,14.16
101045,ONLINE_SUP,12,1,9,1,3,6,15,2,1,8.77
101056,REMITTANCE,10,1,14,1,5,4,13,5,0,11.56
101012,BIZ_BANK,18,0,10,1,2,3,13,3,0,11.88
101012,DEPOSIT,6,1,12,1,7,4,10,3,1,13.15
101056,CUST_SVC,10,1,14,1,10,4,9,3,1,33.5
101033,FIXED_DEP,15,1,4,1,6,5,16,1,1,11.58
101033,CUST_SVC,10,1,10,1,4,6,14,2,1,6.92
101033,INVEST,22,1,8,1,6,6,10,4,1,20.12
101033,CREDIT_CARD,12,1,13,1,4,7,11,5,1,8.82
101045,INVEST,22,1,5,1,5,6,15,5,1,19.34
101045,ATM_CDM,8,1,19,1,4,3,12,3,0,11.84
101045,CUST_SVC,10,1,18,1,5,7,14,5,1,10.49
101078,INVEST,22,0,9,1,6,4,14,3,1,44.16
101078,INSURANCE,20,0,2,0,10,4,9,5,1,61.05
101056,INSURANCE,20,0,15,1,4,4,12,2,0,22.35
101078,ONLINE_SUP,12,1,3,1,4,5,10,4,1,14.55
101056,CUST_SVC,10,1,4,1,7,4,10,5,1,19.09
101078,ONLINE_SUP,12,1,15,1,3,3,13,5,0,19.46
101033,INSURANCE,20,1,4,1,6,6,15,2,1,17.91
101056,FIXED_DEP,15,1,41,1,13,7,15,5,1,36.83
101033,BIZ_BANK,18,0,1,0,6,5,15,5,1,24.01
101078,CREDIT_CARD,12,1,9,1,6,2,13,4,0,34.33
101056,CUST_SVC,10,1,16,1,6,6,11,1,1,11.86
101045,DEPOSIT,6,0,21,1,4,5,10,4,1,5.83
101056,CUST_SVC,10,0,1,1,7,7,9,4,1,12.2
101012,WITHDRAW,5,1,16,1,12,5,15,1,1,11.62
101056,BIZ_BANK,18,1,25,1,12,6,15,5,1,35.01
101078,REMITTANCE,10,0,21,1,4,5,10,3,1,10.05
101045,CUST_SVC,10,0,25,1,7,6,15,1,1,14.9
101012,WITHDRAW,5,1,9,1,3,4,12,3,0,5.14
101012,CREDIT_CARD,12,1,17,1,10,7,14,2,1,23.85
101033,ATM_CDM,8,1,5,1,6,7,11,4,1,7.11
101033,FIXED_DEP,15,1,23,1,12,6,9,1,1,46.5
101033,FIXED_DEP,15,0,14,1,5,5,15,4,1,16.82
101045,ACC_OPEN,25,1,11,1,3,4,12,1,0,16.12
101056,DEPOSIT,6,1,26,1,7,5,14,4,1,8.39
101012,ATM_CDM,8,0,2,1,4,3,13,1,0,7.43
101045,INVEST,22,1,9,1,1,2,12,5,0,17.57
101056,WITHDRAW,5,1,18,1,17,7,11,1,1,13.76
101045,INSURANCE,20,1,27,1,6,4,15,2,1,15.5
101033,REMITTANCE,10,1,15,1,5,4,15,2,1,9.45
101056,LOAN,30,0,8,1,2,6,11,2,1,13.83
101045,CUST_SVC,10,1,12,1,2,3,16,4,1,8.37
101056,CUST_SVC,10,0,4,0,8,3,12,1,0,24.63
101012,DEPOSIT,6,0,6,0,10,4,9,3,1,21.68
101045,DEPOSIT,6,1,4,1,9,7,10,2,1,8.54
101012,BIZ_BANK,18,0,18,0,7,2,12,1,0,58.87
101045,BIZ_BANK,18,0,3,1,4,5,10,3,1,13.47
101078,BIZ_BANK,18,0,10,1,3,5,11,3,1,12.27
101056,ONLINE_SUP,12,0,4,1,3,4,12,2,0,7.05
101078,DEPOSIT,6,0,6,1,5,3,13,1,0,6.92
101056,CREDIT_CARD,12,1,12,1,15,7,15,1,1,37.55
101045,CUST_SVC,10,1,10,1,7,6,11,2,1,10.14
101012,CUST_SVC,10,0,30,0,9,8,10,4,1,11.88
101012,ONLINE_SUP,12,1,10,1,11,5,15,1,1,29.86
101078,CUST_SVC,10,1,35,1,9,5,10,1,1,25.3
101045,ATM_CDM,8,1,22,1,8,5,15,5,1,19.84
101012,DEPOSIT,6,1,3,1,8,4,10,4,1,15.17
101012,CUST_SVC,10,0,23,1,13,6,10,1,1,23.15
101056,CUST_SVC,10,0,6,1,6,6,15,3,1,10.95
101033,ATM_CDM,8,1,9,1,4,3,13,1,0,7.61
101078,INSURANCE,20,1,10,1,9,5,14,3,1,52.97
101033,LOAN,30,0,9,1,4,5,11,2,1,33.62
101033,ATM_CDM,8,1,2,1,6,3,16,3,1,13.76
101045,ATM_CDM,8,1,16,1,3,2,12,1,0,11.9
101012,DEPOSIT,6,0,11,1,7,4,13,2,0,7.33
101056,DEPOSIT,6,1,9,1,5,6,11,5,1,4.22
101056,DEPOSIT,6,0,8,1,5,5,14,3,1,7.58
101056,DEPOSIT,6,0,18,1,10,6,10,4,1,8.29
101045,ATM_CDM,8,0,15,1,6,4,16,2,1,5.91
101012,CREDIT_CARD,12,1,18,1,13,6,11,1,1,30.54
101045,ACC_OPEN,25,1,1,1,5,8,11,4,1,19.37
101078,LOAN,30,1,17,1,5,4,12,3,0,33.11
101056,BIZ_BANK,18,0,4,1,5,5,9,5,1,16.82
101045,ACC_OPEN,25,1,5,1,1,6,9,5,1,7.11
101012,ATM_CDM,8,1,11,1,11,6,10,1,1,9.6
101056,ACC_OPEN,25,1,19,1,9,5,10,5,1,57.7
101012,INVEST,22,1,18,1,9,5,14,1,1,47.2
101033,ATM_CDM,8,1,19,1,8,7,14,3,1,8.65
101033,ATM_CDM,8,1,24,1,5,2,12,2,0,18.43
101012,DEPOSIT,6,1,31,1,10,5,11,1,1,16.45
101033,ACC_OPEN,25,1,17,1,7,2,13,2,0,90.0
101045,ONLINE_SUP,12,1,16,1,3,4,13,2,0,4.66
101078,ATM_CDM,8,0,12,1,9,5,15,3,1,16.97
101056,INSURANCE,20,1,7,1,4,4,12,2,0,17.14
101078,CUST_SVC,10,1,22,1,5,7,10,3,1,8.02
101078,REMITTANCE,10,1,8,1,3,5,16,2,1,9.19
101056,ACC_OPEN,25,1,5,1,5,6,11,4,1,23.1
101056,ACC_OPEN,25,1,11,1,2,3,12,1,0,29.52
101056,CUST_SVC,10,0,17,1,4,4,11,2,1,12.27
101033,INSURANCE,20,0,9,1,8,7,10,5,1,19.01
101012,REMITTANCE,10,1,18,1,8,6,15,2,1,17.9
101012,REMITTANCE,10,1,37,1,12,5,9,2,1,26.25
101012,ATM_CDM,8,1,27,1,8,4,14,1,1,13.96
101012,ACC_OPEN,25,0,32,1,13,3,16,3,1,90.0
101056,CUST_SVC,10,1,15,1,13,6,9,1,1,21.72
101012,CREDIT_CARD,12,1,34,1,14,5,10,5,1,29.31
101033,CREDIT_CARD,12,1,10,1,3,8,11,5,1,6.81
101012,DEPOSIT,6,1,24,1,8,5,15,1,1,13.76
101033,DEPOSIT,6,1,43,1,12,7,9,2,1,12.83
101033,REMITTANCE,10,1,2,1,4,4,12,2,0,9.77
101078,DEPOSIT,6,1,10,1,3,7,11,4,1,2.29
101045,CREDIT_CARD,12,1,2,1,6,4,9,4,1,20.48
101078,WITHDRAW,5,1,1,1,1,3,12,3,0,1.36
101056,CUST_SVC,10,1,15,1,3,3,13,4,0,13.06
101012,ATM_CDM,8,1,3,1,9,3,13,5,0,26.01
101056,DEPOSIT,6,1,18,1,8,5,14,5,1,8.89
101033,DEPOSIT,6,0,7,1,7,6,10,2,1,7.63
101012,LOAN,30,1,11,1,7,3,12,1,0,39.25
101033,ONLINE_SUP,12,1,14,1,7,4,14,3,1,14.37
101078,REMITTANCE,10,1,14,1,6,5,10,4,1,9.32
101078,ACC_OPEN,25,1,24,1,11,5,9,2,1,30.95
101012,REMITTANCE,10,0,12,1,10,6,9,1,1,13.52
101012,LOAN,30,1,20,1,5,3,16,4,1,50.41
101056,ATM_CDM,8,1,33,1,9,8,10,3,1,7.98
101045,ACC_OPEN,25,1,3,1,8,5,14,4,1,38.12
101045,CREDIT_CARD,12,0,3,1,6,6,15,2,1,12.5
101056,CREDIT_CARD,12,0,1,1,7,3,13,2,0,14.56
101078,INSURANCE,20,0,20,1,4,6,9,3,1,8.27
101033,INSURANCE,20,0,10,1,8,6,10,2,1,15.95
101045,WITHDRAW,5,0,14,1,3,7,11,5,1,1.62
101078,CUST_SVC,10,1,11,1,5,4,11,5,1,15.57
101012,DEPOSIT,6,1,18,1,4,4,11,5,1,9.16
101056,REMITTANCE,10,1,11,1,5,3,12,3,0,16.86
101012,REMITTANCE,10,0,3,1,12,3,16,5,1,53.36
101078,ONLINE_SUP,12,1,1,1,2,4,12,4,0,7.64
101078,DEPOSIT,6,0,3,1,6,2,13,4,0,16.97
101078,CUST_SVC,10,1,26,1,9,6,11,1,1,22.25
101056,CUST_SVC,10,0,22,1,8,6,14,1,1,15.45
101012,REMITTANCE,10,0,29,1,11,4,16,1,1,32.22
101033,DEPOSIT,6,0,28,0,10,7,11,1,1,10.72
101078,DEPOSIT,6,1,21,1,6,4,11,2,1,15.02
101045,FIXED_DEP,15,0,37,1,10,6,15,4,1,28.96
101012,FIXED_DEP,15,1,11,1,8,4,15,2,1,31.2
101056,DEPOSIT,6,1,2,1,10,5,16,5,1,8.37
101056,CUST_SVC,10,1,7,1,0,4,12,3,0,0.41
101012,DEPOSIT,6,1,19,1,12,4,10,2,1,21.63
101078,CUST_SVC,10,0,17,0,4,6,16,3,1,10.9
101012,DEPOSIT,6,0,20,1,12,6,9,5,1,11.19
101078,LOAN,30,1,6,1,2,7,15,3,1,10.74
101056,CREDIT_CARD,12,1,6,1,4,6,11,4,1,9.31
101012,CUST_SVC,10,1,10,1,12,7,9,1,1,18.98
101045,ATM_CDM,8,1,20,1,5,2,13,3,0,32.8
101045,INSURANCE,20,1,18,1,4,4,11,3,1,31.75
101033,CREDIT_CARD,12,0,10,1,6,5,16,2,1,10.92
101056,REMITTANCE,10,1,7,1,5,4,16,4,1,11.05
101078,ACC_OPEN,25,1,7,1,1,3,13,3,0,5.48
101078,BIZ_BANK,18,0,14,0,6,6,14,2,1,19.69
101078,LOAN,30,0,19,1,9,6,10,2,1,71.68
101012,DEPOSIT,6,0,2,0,5,4,12,2,0,6.55
101045,ATM_CDM,8,0,29,0,9,4,15,5,1,20.65
101078,ATM_CDM,8,1,2,1,0,6,11,3,1,1.54
101078,FIXED_DEP,15,0,19,1,5,3,16,2,1,23.46
101078,DEPOSIT,6,1,16,1,6,4,9,1,1,8.68
101012,ATM_CDM,8,0,23,1,7,3,16,5,1,19.8
101033,BIZ_BANK,18,0,9,1,4,4,13,2,0,12.02
101056,CUST_SVC,10,1,14,1,9,5,10,4,1,13.3
101078,CREDIT_CARD,12,1,4,1,3,6,16,3,1,8.04
101045,ACC_OPEN,25,1,7,1,8,7,10,4,1,23.47
101012,ATM_CDM,8,1,34,1,14,4,11,1,1,28.12
101056,DEPOSIT,6,1,18,1,5,5,15,5,1,2.58
101033,ATM_CDM,8,1,21,1,4,5,15,4,1,8.7
101033,ATM_CDM,8,1,19,1,7,7,10,2,1,5.91
101033,DEPOSIT,6,1,5,1,4,6,15,4,1,5.18
101056,BIZ_BANK,18,1,13,1,11,6,11,2,1,44.6
101045,LOAN,30,0,15,0,2,5,15,5,1,20.5
101033,ONLINE_SUP,12,0,6,1,4,3,12,3,0,20.93
101078,CUST_SVC,10,1,10,1,2,5,10,2,1,5.23
101056,CUST_SVC,10,1,11,1,5,7,11,3,1,10.73
101045,CREDIT_CARD,12,0,16,1,8,7,10,2,1,13.17
101012,CUST_SVC,10,1,26,1,9,6,9,2,1,14.6
101033,ONLINE_SUP,12,1,8,1,5,5,14,4,1,13.09
101045,CREDIT_CARD,12,1,5,1,0,3,13,1,0,1.31
101056,CUST_SVC,10,1,36,1,10,8,15,1,1,14.92
101033,DEPOSIT,6,0,15,1,5,3,16,5,1,10.93
101045,REMITTANCE,10,0,32,1,8,4,15,3,1,20.79
101033,CUST_SVC,10,1,21,1,4,3,13,4,0,9.1
101012,CUST_SVC,10,1,7,1,2,5,14,4,1,5.03
101045,CUST_SVC,10,0,11,1,4,4,13,2,0,6.78
101045,REMITTANCE,10,1,1,1,5,3,13,2,0,13.78
101012,CREDIT_CARD,12,1,43,1,12,5,9,1,1,33.34
101033,DEPOSIT,6,1,32,1,9,5,15,3,1,16.01
101012,CUST_SVC,10,1,17,1,6,6,15,3,1,6.69
101045,DEPOSIT,6,1,23,1,5,6,14,5,1,7.52
101056,CUST_SVC,10,1,4,1,8,4,15,2,1,26.8
101056,REMITTANCE,10,1,6,1,10,4,14,1,1,33.73
101045,ONLINE_SUP,12,0,22,1,7,5,14,3,1,20.34
101078,REMITTANCE,10,0,23,0,6,5,14,1,1,21.89
101012,CREDIT_CARD,12,1,2,1,4,5,16,2,1,18.13
101033,CUST_SVC,10,1,20,1,11,4,14,4,1,31.43
101045,BIZ_BANK,18,1,9,1,6,8,15,4,1,15.88
101056,DEPOSIT,6,1,52,1,17,4,10,1,1,33.49
101012,REMITTANCE,10,1,7,1,3,2,12,1,0,16.19
101078,DEPOSIT,6,1,10,1,2,2,12,5,0,11.43
101033,DEPOSIT,6,1,15,1,4,4,10,1,1,9.39
101033,INSURANCE,20,1,6,1,3,4,13,4,0,12.61
101078,DEPOSIT,6,0,2,1,7,2,13,1,0,15.93
101045,WITHDRAW,5,1,28,1,7,3,12,5,0,8.0
101045,CUST_SVC,10,0,21,1,10,7,15,5,1,16.23
101045,ACC_OPEN,25,1,21,1,4,4,12,3,0,31.86
101012,FIXED_DEP,15,1,26,1,6,7,11,2,1,12.72
101078,LOAN,30,0,5,1,9,4,16,1,1,31.2
101078,DEPOSIT,6,1,5,1,1,3,12,1,0,1.55
101045,DEPOSIT,6,0,37,1,11,7,15,5,1,10.33
101033,DEPOSIT,6,0,12,1,11,5,10,2,1,7.37
101056,CREDIT_CARD,12,1,8,1,3,4,14,5,1,12.91
101012,ONLINE_SUP,12,1,11,1,9,6,14,5,1,8.13
101045,DEPOSIT,6,1,1,1,0,6,11,3,1,0.69
101033,ACC_OPEN,25,1,19,1,4,6,9,2,1,18.33
101056,DEPOSIT,6,1,32,1,14,4,11,5,1,33.34
101033,INSURANCE,20,0,26,0,6,7,11,4,1,24.46
101045,INVEST,22,1,12,1,4,5,15,3,1,26.18
101045,CREDIT_CARD,12,1,4,1,10,5,10,5,1,31.63
101056,WITHDRAW,5,0,2,1,2,6,16,4,1,0.0
101012,INVEST,22,1,14,1,5,5,15,2,1,11.59
101033,ATM_CDM,8,1,8,1,0,4,12,2,0,0.61
101045,INSURANCE,20,1,22,1,6,7,10,2,1,26.24
101012,DEPOSIT,6,1,7,1,9,4,15,3,1,10.89
101078,BIZ_BANK,18,1,2,1,6,6,10,1,1,18.74
101056,ONLINE_SUP,12,0,29,0,9,6,16,3,1,21.97
101045,BIZ_BANK,18,1,5,1,4,7,10,3,1,15.45
101045,DEPOSIT,6,1,17,1,8,4,10,2,1,7.99
101012,LOAN,30,0,3,1,14,3,16,1,1,77.13
101078,WITHDRAW,5,1,23,1,9,4,16,1,1,9.19
101056,REMITTANCE,10,0,36,0,10,6,14,1,1,14.77
101078,REMITTANCE,10,0,7,1,10,6,10,2,1,4.57
101078,ONLINE_SUP,12,1,33,1,9,6,14,1,1,23.9
101078,DEPOSIT,6,1,8,1,3,4,13,5,0,6.7
101012,INVEST,22,1,47,1,17,4,10,5,1,90.0
101045,DEPOSIT,6,1,12,1,1,5,11,2,1,0.58
101033,WITHDRAW,5,1,8,1,6,7,14,4,1,5.25
101078,ACC_OPEN,25,1,28,1,7,4,14,4,1,54.18
101045,CREDIT_CARD,12,1,19,1,4,5,15,4,1,10.59
101045,INSURANCE,20,1,11,1,2,4,14,3,1,12.96
101078,CREDIT_CARD,12,1,17,1,8,7,10,1,1,14.59
101012,WITHDRAW,5,1,12,1,4,6,16,4,1,2.31
101012,BIZ_BANK,18,1,6,1,10,5,11,1,1,37.38
101056,DEPOSIT,6,1,13,1,15,7,10,5,1,18.57
101033,BIZ_BANK,18,1,5,1,8,5,11,3,1,33.68
101033,DEPOSIT,6,0,10,1,9,5,11,5,1,13.84
101033,ACC_OPEN,25,1,20,1,8,5,15,5,1,24.47
101045,CREDIT_CARD,12,0,25,1,7,4,9,5,1,29.38
101012,FIXED_DEP,15,0,18,1,5,3,16,5,1,25.63
101045,ATM_CDM,8,1,7,1,1,4,15,2,1,2.41
101056,REMITTANCE,10,1,12,1,9,5,14,2,1,21.04
101045,INSURANCE,20,0,6,1,9,4,9,5,1,34.65
101012,ATM_CDM,8,0,3,1,3,7,9,1,1,2.75
101078,CUST_SVC,10,1,45,1,16,4,15,5,1,30.62
101078,REMITTANCE,10,1,5,1,6,6,11,3,1,6.05
101012,DEPOSIT,6,1,24,1,5,4,15,2,1,10.54
101033,LOAN,30,1,8,1,6,4,10,2,1,44.17
101056,LOAN,30,1,18,1,6,8,10,2,1,21.5
101045,BIZ_BANK,18,1,8,1,4,4,14,3,1,16.42
101078,WITHDRAW,5,1,20,1,7,4,10,4,1,11.79
101045,ONLINE_SUP,12,1,28,1,8,5,15,5,1,20.52
101045,INSURANCE,20,0,37,1,12,5,9,5,1,53.03
101012,CUST_SVC,10,1,32,1,14,5,9,1,1,36.06
101045,LOAN,30,1,8,1,1,3,13,4,0,10.1
101056,CREDIT_CARD,12,1,30,1,13,6,14,1,1,12.64
101056,ATM_CDM,8,1,26,1,9,8,11,2,1,8.08
101033,ATM_CDM,8,1,26,1,6,3,13,5,0,19.41
101056,ONLINE_SUP,12,1,11,1,4,4,12,2,0,10.87
101045,LOAN,30,1,3,1,7,7,14,5,1,34.83
101012,INSURANCE,20,1,18,1,3,5,16,1,1,8.04
101056,ATM_CDM,8,1,1,1,2,4,10,4,1,4.17
101078,ATM_CDM,8,1,18,1,3,7,9,4,1,3.05
101012,CUST_SVC,10,1,7,1,15,8,9,5,1,18.36
101012,CREDIT_CARD,12,1,26,1,7,8,15,1,1,7.88
101033,REMITTANCE,10,0,17,1,5,4,15,2,1,11.29
101056,CUST_SVC,10,0,10,0,5,5,10,1,1,10.95
101056,BIZ_BANK,18,1,1,1,9,4,13,1,0,48.53
101056,ACC_OPEN,25,0,13,1,6,6,9,2,1,26.0
101033,DEPOSIT,6,1,12,1,4,7,9,4,1,5.19
101033,ATM_CDM,8,1,27,1,6,4,14,4,1,15.44
101078,FIXED_DEP,15,1,19,1,11,4,15,2,1,77.14
101012,CREDIT_CARD,12,0,15,1,13,4,9,1,1,44.75
101078,WITHDRAW,5,1,2,1,4,4,10,2,1,6.31
101045,FIXED_DEP,15,0,12,1,4,7,11,2,1,12.3
101012,CUST_SVC,10,1,10,1,5,4,13,5,0,19.39
101078,CUST_SVC,10,0,19,1,6,7,9,1,1,5.6
101078,ATM_CDM,8,1,10,1,4,2,12,1,0,8.0
101012,FIXED_DEP,15,1,19,1,4,5,10,2,1,15.63
101078,INSURANCE,20,1,16,1,4,3,13,4,0,24.04
101045,INSURANCE,20,1,17,1,8,6,9,1,1,25.5
101078,ATM_CDM,8,0,4,1,5,6,9,1,1,8.84
101012,INSURANCE,20,1,33,1,9,6,15,3,1,50.46
101033,REMITTANCE,10,1,7,1,9,5,14,1,1,22.18
101078,DEPOSIT,6,1,39,1,10,6,14,2,1,11.18
101056,ATM_CDM,8,1,6,1,6,4,9,1,1,15.23
101012,CREDIT_CARD,12,0,13,1,9,4,16,5,1,8.49
101078,DEPOSIT,6,1,18,1,5,6,15,2,1,8.33
101045,WITHDRAW,5,0,5,0,7,4,10,1,1,9.18
101078,INSURANCE,20,1,9,1,8,6,15,4,1,17.36
101056,INSURANCE,20,0,13,1,12,4,10,1,1,53.76
101056,INSURANCE,20,0,10,1,10,6,11,5,1,31.82
101078,CUST_SVC,10,1,6,1,9,3,13,1,0,30.01
101033,BIZ_BANK,18,1,16,1,5,5,15,1,1,10.97
101056,REMITTANCE,10,0,18,1,7,4,9,5,1,15.93
101045,LOAN,30,0,1,1,6,5,14,1,1,36.94
101012,DEPOSIT,6,0,22,1,5,3,12,1,0,7.75
101078,CUST_SVC,10,0,12,0,5,3,13,3,0,12.61
101012,DEPOSIT,6,0,9,1,3,2,12,3,0,5.92
101056,BIZ_BANK,18,0,20,1,7,4,16,3,1,30.87
101045,CREDIT_CARD,12,0,6,1,0,2,13,3,0,1.77
101033,ACC_OPEN,25,1,37,1,10,6,11,1,1,64.24
101012,BIZ_BANK,18,0,2,1,4,3,13,1,0,24.53
101033,INSURANCE,20,1,15,1,8,6,11,3,1,35.15
101033,INVEST,22,1,19,1,4,4,10,4,1,19.52
101012,INSURANCE,20,0,4,1,11,4,11,2,1,41.7
101045,DEPOSIT,6,0,15,1,9,6,9,2,1,8.76
101033,INSURANCE,20,1,5,1,7,2,13,1,0,56.77
101012,LOAN,30,1,11,1,8,4,10,3,1,70.33
101045,BIZ_BANK,18,0,7,1,4,4,12,3,0,9.91
101078,ACC_OPEN,25,1,18,1,8,5,15,5,1,52.98
101045,ATM_CDM,8,0,3,1,1,5,16,4,1,0.09
101012,WITHDRAW,5,1,17,1,8,5,14,5,1,10.29
101045,CUST_SVC,10,0,9,1,6,6,11,5,1,15.3
101056,CREDIT_CARD,12,1,23,1,8,4,16,3,1,12.99
101078,CREDIT_CARD,12,1,3,1,6,4,9,4,1,23.93
101056,ONLINE_SUP,12,0,23,0,7,6,15,3,1,19.68
101078,REMITTANCE,10,0,18,1,4,6,11,5,1,7.17
101056,REMITTANCE,10,1,6,1,9,7,10,2,1,8.33
101045,ATM_CDM,8,1,12,1,6,4,16,2,1,15.54
101045,CUST_SVC,10,1,19,1,4,2,12,2,0,18.63
101033,ONLINE_SUP,12,1,16,1,7,7,15,5,1,15.07
101012,DEPOSIT,6,1,13,1,4,4,16,5,1,8.9
101033,REMITTANCE,10,1,18,1,6,4,11,4,1,20.53
101078,ATM_CDM,8,1,9,1,3,8,9,2,1,3.16
101033,BIZ_BANK,18,0,20,1,13,4,10,1,1,70.76
101078,BIZ_BANK,18,1,19,1,8,3,12,1,0,50.31
101056,CUST_SVC,10,0,29,1,9,5,11,3,1,14.79
101056,CREDIT_CARD,12,1,6,1,6,6,14,2,1,10.85
101012,CUST_SVC,10,0,22,1,5,4,15,3,1,13.43
101056,DEPOSIT,6,1,7,1,9,4,16,1,1,9.98
101012,BIZ_BANK,18,0,18,1,11,4,9,2,1,78.51
101056,CUST_SVC,10,0,11,1,9,4,9,3,1,25.34
101033,CUST_SVC,10,0,19,0,13,3,16,5,1,45.54
101056,DEPOSIT,6,1,10,1,3,4,12,3,0,5.04
101056,CREDIT_CARD,12,0,18,1,8,6,15,3,1,14.36
101033,ACC_OPEN,25,1,24,1,9,5,10,1,1,18.43
101012,ACC_OPEN,25,1,6,1,6,6,9,4,1,33.7
101078,CUST_SVC,10,1,12,1,7,4,14,2,1,27.47
101056,REMITTANCE,10,1,12,1,6,6,9,4,1,20.82
101056,FIXED_DEP,15,1,10,1,7,4,11,5,1,32.71
101078,CUST_SVC,10,1,7,1,5,6,15,1,1,13.4
101012,DEPOSIT,6,1,3,1,8,6,11,4,1,6.6
101078,CUST_SVC,10,1,19,1,10,6,16,1,1,19.43
101033,ATM_CDM,8,0,14,1,6,4,9,3,1,15.12
101078,FIXED_DEP,15,1,13,1,9,4,15,3,1,40.35
101045,WITHDRAW,5,1,18,1,5,3,13,3,0,7.93
101045,ATM_CDM,8,1,15,1,3,3,16,1,1,13.91
101012,ONLINE_SUP,12,1,10,1,6,4,12,3,0,26.28
101045,ACC_OPEN,25,0,26,1,6,8,9,2,1,17.24
101045,ATM_CDM,8,0,23,1,5,4,10,4,1,9.65
101033,INVEST,22,1,23,1,10,6,10,1,1,65.62
101033,DEPOSIT,6,1,37,1,10,5,9,2,1,12.59
101033,DEPOSIT,6,0,15,1,4,6,16,2,1,4.83
101078,FIXED_DEP,15,1,2,1,4,8,14,5,1,7.26
101033,FIXED_DEP,15,1,15,1,2,2,12,5,0,22.84
101045,LOAN,30,1,6,1,3,6,14,4,1,21.44
101056,CUST_SVC,10,1,1,1,3,4,13,1,0,5.58
101045,BIZ_BANK,18,0,11,1,7,6,11,2,1,24.22
101045,CUST_SVC,10,1,12,1,4,6,15,3,1,9.01
101045,BIZ_BANK,18,0,26,0,6,6,15,3,1,20.64
101012,LOAN,30,0,12,1,2,5,16,5,1,10.7
101045,CUST_SVC,10,1,7,1,3,3,12,2,0,10.83
101078,CUST_SVC,10,1,5,1,6,6,14,1,1,8.78
101012,DEPOSIT,6,1,24,1,11,7,9,2,1,11.47
101033,CUST_SVC,10,1,16,1,7,6,16,5,1,17.56
101078,REMITTANCE,10,1,31,1,10,6,14,2,1,19.0
101078,DEPOSIT,6,1,14,1,3,3,13,5,0,4.68
101033,REMITTANCE,10,1,21,1,7,5,10,3,1,22.06
101045,INSURANCE,20,1,3,1,3,5,9,2,1,11.43
101078,FIXED_DEP,15,0,4,1,0,6,9,5,1,0.48
101045,CUST_SVC,10,0,4,1,6,7,16,3,1,10.45
101078,ATM_CDM,8,1,24,1,6,7,14,5,1,8.25
101033,CREDIT_CARD,12,1,5,1,1,5,16,3,1,1.94
101012,CREDIT_CARD,12,1,33,1,15,6,15,5,1,29.96
101056,REMITTANCE,10,1,23,1,7,5,16,3,1,14.97
101078,CUST_SVC,10,0,16,0,5,4,11,1,1,8.62
101078,ATM_CDM,8,1,33,1,10,4,15,1,1,23.41
101033,CREDIT_CARD,12,1,27,1,6,6,14,1,1,15.79
101078,FIXED_DEP,15,1,9,1,3,4,11,1,1,13.58
101033,INVEST,22,1,9,1,3,2,13,5,0,15.91
101056,DEPOSIT,6,1,26,1,6,7,11,3,1,2.86
101078,CUST_SVC,10,1,32,1,8,4,12,5,0,18.83
101078,DEPOSIT,6,1,2,1,4,4,9,4,1,6.66
101045,CUST_SVC,10,1,23,1,11,5,10,1,1,28.21
101056,DEPOSIT,6,1,1,1,6,4,10,5,1,5.76
101056,FIXED_DEP,15,1,5,1,3,3,12,2,0,15.71
101033,CREDIT_CARD,12,1,3,1,8,8,10,3,1,9.86
101012,INSURANCE,20,1,9,1,3,4,16,3,1,15.87
101012,LOAN,30,0,29,1,12,4,14,5,1,46.24
101056,FIXED_DEP,15,0,13,1,6,4,15,3,1,23.92
101078,BIZ_BANK,18,1,12,1,6,5,14,4,1,31.78
101056,CUST_SVC,10,1,13,1,6,4,16,5,1,16.5
101056,CUST_SVC,10,0,19,1,6,6,9,4,1,11.1
101056,REMITTANCE,10,1,5,1,9,7,14,2,1,9.34
101012,INVEST,22,0,7,1,1,2,13,3,0,9.45
101045,DEPOSIT,6,1,4,1,1,5,9,4,1,1.69
101078,INSURANCE,20,1,21,1,12,7,11,1,1,47.8
101012,FIXED_DEP,15,1,10,1,6,3,16,4,1,31.55
101078,REMITTANCE,10,0,5,1,3,7,10,2,1,4.02
101056,WITHDRAW,5,1,34,1,9,6,15,3,1,10.3
101045,BIZ_BANK,18,1,14,1,2,4,13,5,0,8.5
101012,BIZ_BANK,18,1,1,1,6,4,10,1,1,31.96
101078,CUST_SVC,10,1,21,1,9,4,11,4,1,39.94
101078,BIZ_BANK,18,1,17,1,3,4,12,2,0,10.87
101078,REMITTANCE,10,1,12,1,3,6,14,2,1,5.93
101012,INVEST,22,1,20,1,5,2,13,5,0,62.63
101033,CUST_SVC,10,1,44,1,12,4,10,1,1,35.74
101056,DEPOSIT,6,1,11,1,5,6,10,2,1,6.3
101056,WITHDRAW,5,1,14,1,9,4,11,5,1,15.27
101078,ACC_OPEN,25,1,17,1,8,7,14,1,1,33.34
101045,CUST_SVC,10,1,21,1,5,4,11,4,1,16.25
101056,ACC_OPEN,25,0,9,0,3,5,10,3,1,24.33
101078,CREDIT_CARD,12,1,5,1,11,4,10,2,1,33.19
101078,ACC_OPEN,25,0,12,1,4,4,11,3,1,27.89
101045,CREDIT_CARD,12,1,22,1,5,3,12,3,0,34.66
101056,CUST_SVC,10,0,4,1,4,5,10,3,1,10.68
101033,DEPOSIT,6,1,17,1,10,4,9,2,1,11.0
101033,ATM_CDM,8,0,17,0,3,5,11,4,1,9.5
101056,ACC_OPEN,25,1,25,1,7,4,9,1,1,62.97
101078,ACC_OPEN,25,0,21,0,6,6,15,2,1,18.88
101056,CUST_SVC,10,1,6,1,5,5,14,1,1,11.61
101045,DEPOSIT,6,1,12,1,4,8,10,1,1,7.53
101012,WITHDRAW,5,1,22,1,9,5,10,5,1,11.09
101045,INSURANCE,20,1,13,1,9,4,14,1,1,33.44
101078,CUST_SVC,10,1,7,1,1,2,12,3,0,1.31
101056,CUST_SVC,10,1,22,1,17,4,10,1,1,57.21
101056,DEPOSIT,6,0,4,0,5,5,9,2,1,7.32
101045,CREDIT_CARD,12,1,15,1,4,6,10,1,1,15.03
101056,ACC_OPEN,25,1,17,1,13,5,9,1,1,60.98
101056,LOAN,30,1,18,1,9,8,9,5,1,17.51
101056,BIZ_BANK,18,1,10,1,6,3,16,4,1,50.33
101012,ACC_OPEN,25,1,22,1,9,4,15,2,1,49.76
101045,DEPOSIT,6,1,14,1,5,6,15,3,1,0.72
101012,CUST_SVC,10,1,20,1,20,5,15,3,1,36.85
101012,ONLINE_SUP,12,1,20,1,13,5,15,1,1,30.29
101045,CUST_SVC,10,0,18,1,5,4,14,5,1,9.8
101056,CREDIT_CARD,12,1,14,1,2,3,16,3,1,9.97
101056,REMITTANCE,10,1,27,1,7,5,11,2,1,24.89
101056,ATM_CDM,8,1,13,1,5,3,13,1,0,10.21
101012,CREDIT_CARD,12,0,6,0,13,5,9,5,1,40.69
101033,DEPOSIT,6,0,15,0,4,4,11,4,1,6.67
101056,INVEST,22,1,17,1,14,4,10,1,1,90.0
101078,ACC_OPEN,25,1,11,1,4,6,16,2,1,22.73
101045,CUST_SVC,10,0,13,1,4,6,15,1,1,5.58
101056,CUST_SVC,10,0,12,1,2,3,13,4,0,3.61
101078,LOAN,30,1,34,1,10,4,10,5,1,66.06
101078,ACC_OPEN,25,1,10,1,4,4,12,2,0,20.56
101012,CUST_SVC,10,1,25,1,8,4,14,4,1,31.12
101078,ATM_CDM,8,0,28,1,10,4,16,5,1,26.67
101012,CREDIT_CARD,12,1,4,1,9,7,15,2,1,18.12
101078,INSURANCE,20,0,8,1,7,4,16,4,1,38.24
101012,ATM_CDM,8,1,10,1,9,5,15,3,1,10.95
101033,CREDIT_CARD,12,1,47,1,14,4,10,1,1,53.47
101033,DEPOSIT,6,0,1,0,12,6,9,3,1,14.28
101045,INVEST,22,0,15,1,7,4,11,5,1,25.98
101056,CUST_SVC,10,1,3,1,5,3,12,1,0,26.56
101045,FIXED_DEP,15,1,12,1,2,4,12,5,0,8.35
101078,ATM_CDM,8,1,4,1,5,5,10,1,1,11.45
101033,CREDIT_CARD,12,0,5,1,3,6,16,4,1,6.44
101012,ACC_OPEN,25,0,7,1,13,5,10,4,1,18.97
101033,ONLINE_SUP,12,1,3,1,7,4,16,4,1,11.62
101056,DEPOSIT,6,0,14,1,8,5,15,2,1,4.36
101012,DEPOSIT,6,1,7,1,8,6,15,4,1,11.7
101012,ATM_CDM,8,1,7,1,10,5,10,2,1,16.74
101078,CREDIT_CARD,12,1,25,1,7,4,13,5,0,13.8
101012,REMITTANCE,10,1,10,1,9,5,9,1,1,27.28
101078,CREDIT_CARD,12,1,24,1,5,4,11,2,1,21.17
101056,CREDIT_CARD,12,1,5,1,10,4,15,1,1,28.3
101033,CREDIT_CARD,12,1,7,1,9,6,15,1,1,18.71
101056,CREDIT_CARD,12,1,22,1,5,3,12,1,0,15.83
101078,LOAN,30,1,1,1,1,4,13,1,0,9.07
101078,ATM_CDM,8,1,10,1,4,6,14,1,1,8.07
101012,CUST_SVC,10,1,16,1,9,8,14,4,1,6.63
101012,CREDIT_CARD,12,0,7,1,9,6,9,4,1,24.45
101078,CUST_SVC,10,1,4,1,8,7,15,3,1,18.34
101033,REMITTANCE,10,1,7,1,1,3,13,3,0,5.72
101012,BIZ_BANK,18,0,25,1,6,6,14,3,1,5.33
101033,CREDIT_CARD,12,1,5,1,6,4,12,2,0,15.85
101078,DEPOSIT,6,1,16,1,7,4,11,1,1,8.54
101012,ATM_CDM,8,1,15,1,5,2,13,3,0,27.75
101056,DEPOSIT,6,1,30,1,9,5,15,4,1,17.22
101012,DEPOSIT,6,1,44,1,19,5,9,2,1,29.81
101045,CUST_SVC,10,1,2,1,3,6,11,4,1,8.3
101056,DEPOSIT,6,0,33,1,15,6,9,5,1,14.28
101045,CREDIT_CARD,12,1,4,1,5,7,9,5,1,11.33
101045,REMITTANCE,10,0,18,1,4,4,16,2,1,12.55
101056,ATM_CDM,8,1,2,1,3,7,14,3,1,3.15
101045,ATM_CDM,8,1,2,1,1,6,11,3,1,1.95
101045,DEPOSIT,6,0,14,1,5,5,14,2,1,6.41
101033,INVEST,22,1,25,1,9,5,9,1,1,37.91
101012,CREDIT_CARD,12,1,5,1,4,8,14,2,1,7.13
101033,ATM_CDM,8,0,2,0,8,7,10,4,1,13.9
101033,REMITTANCE,10,1,17,1,8,6,10,5,1,13.65
101078,REMITTANCE,10,1,18,1,5,7,14,1,1,9.3
101056,DEPOSIT,6,1,10,1,4,6,10,2,1,2.88
101033,ACC_OPEN,25,1,39,1,12,4,16,1,1,90.0
101078,INSURANCE,20,1,20,1,8,5,10,1,1,36.63
101012,BIZ_BANK,18,1,1,1,3,4,13,3,0,21.42
101078,DEPOSIT,6,0,16,1,6,4,10,2,1,5.7
101056,CUST_SVC,10,1,3,1,6,8,9,4,1,8.85
101012,REMITTANCE,10,1,12,1,6,4,10,3,1,17.65
101056,BIZ_BANK,18,0,20,1,5,6,14,3,1,14.81
101045,DEPOSIT,6,0,1,1,6,5,15,4,1,3.86
101045,INSURANCE,20,0,3,1,0,2,12,1,0,1.26
101078,DEPOSIT,6,1,14,1,8,7,11,4,1,8.22
101078,CREDIT_CARD,12,0,29,1,8,2,12,1,0,38.13
101045,CREDIT_CARD,12,1,14,1,9,4,10,2,1,43.98
101012,ACC_OPEN,25,0,28,1,17,4,15,5,1,89.6
101078,WITHDRAW,5,1,24,1,6,5,16,3,1,4.31
101012,ATM_CDM,8,1,19,1,10,4,10,1,1,27.23
101045,CUST_SVC,10,1,21,1,4,3,12,1,0,6.65
101033,CREDIT_CARD,12,1,44,1,13,4,15,1,1,29.61
101056,WITHDRAW,5,1,21,1,10,7,15,5,1,6.91
101012,WITHDRAW,5,1,26,1,10,6,14,1,1,11.72
101045,CUST_SVC,10,1,2,1,5,2,12,2,0,25.42
101078,FIXED_DEP,15,1,12,1,9,7,10,3,1,15.7
101012,CUST_SVC,10,1,25,1,11,4,10,3,1,13.26
101033,CUST_SVC,10,1,8,1,7,4,9,1,1,20.52
101045,ACC_OPEN,25,0,10,0,2,4,12,5,0,4.28
101033,BIZ_BANK,18,1,27,1,8,7,10,4,1,27.61
101056,DEPOSIT,6,1,27,1,7,7,15,4,1,5.27
101045,ATM_CDM,8,1,20,1,12,4,9,3,1,29.68
101045,CUST_SVC,10,1,1,1,4,6,11,4,1,9.65
101056,WITHDRAW,5,1,18,1,6,6,11,4,1,6.01
101045,BIZ_BANK,18,1,15,1,5,5,15,2,1,25.47
101012,ACC_OPEN,25,1,28,1,18,8,11,1,1,41.14
101012,CUST_SVC,10,1,25,1,6,5,14,4,1,12.77
101056,ACC_OPEN,25,0,10,1,6,5,15,3,1,30.16
101012,ATM_CDM,8,1,8,1,1,3,12,1,0,1.58
101012,DEPOSIT,6,0,9,1,4,4,14,3,1,4.73
101045,DEPOSIT,6,0,17,1,4,3,16,5,1,7.97
101033,ATM_CDM,8,1,19,1,9,4,14,1,1,24.91
101078,CUST_SVC,10,1,19,1,5,7,14,1,1,7.27
101012,ONLINE_SUP,12,1,2,1,12,6,10,1,1,42.33
101012,CREDIT_CARD,12,1,15,1,8,6,10,4,1,19.41
101012,LOAN,30,1,28,1,8,5,14,1,1,58.39
101012,INSURANCE,20,1,33,1,11,5,15,4,1,72.66
101045,ONLINE_SUP,12,0,10,1,1,6,11,5,1,2.65
101012,CUST_SVC,10,1,17,1,5,6,11,5,1,4.49
101012,ONLINE_SUP,12,0,26,1,15,6,15,1,1,42.14
101045,DEPOSIT,6,0,15,1,5,6,9,2,1,3.06
101033,INSURANCE,20,1,32,1,12,7,11,4,1,33.25
101078,DEPOSIT,6,1,8,1,10,5,15,5,1,13.68
101033,ONLINE_SUP,12,1,14,1,6,4,12,4,0,12.32
101012,ATM_CDM,8,0,20,1,9,5,10,4,1,10.91
101056,ATM_CDM,8,1,23,1,10,6,10,4,1,25.6
101012,CUST_SVC,10,0,12,1,5,7,9,3,1,7.83
101078,INVEST,22,1,14,1,5,5,15,2,1,6.93
101056,ACC_OPEN,25,0,7,1,6,6,10,2,1,19.58
101056,CREDIT_CARD,12,1,29,1,9,7,11,5,1,21.05
101033,CREDIT_CARD,12,1,4,1,6,5,9,4,1,17.35
101045,WITHDRAW,5,1,6,1,1,5,14,3,1,1.17
101012,CREDIT_CARD,12,1,3,1,4,6,15,4,1,13.47
101045,CUST_SVC,10,1,28,1,8,7,10,1,1,18.84
101078,REMITTANCE,10,1,20,1,7,5,9,5,1,12.5
101078,CUST_SVC,10,1,12,1,2,3,13,2,0,9.27
101045,FIXED_DEP,15,1,16,1,7,5,15,3,1,27.55
101045,ACC_OPEN,25,1,13,1,4,6,11,2,1,19.82
101056,BIZ_BANK,18,1,44,1,13,4,14,4,1,79.21
101033,ONLINE_SUP,12,0,27,1,7,4,10,2,1,20.99
101056,CUST_SVC,10,1,3,1,8,5,9,1,1,20.99
101078,CREDIT_CARD,12,0,23,1,5,7,9,2,1,9.01
101012,INSURANCE,20,1,24,1,5,4,16,2,1,36.71
101012,DEPOSIT,6,0,35,0,10,3,16,4,1,22.86
101045,ATM_CDM,8,0,19,1,4,6,9,4,1,5.21
101056,CUST_SVC,10,1,1,1,11,4,16,1,1,31.35
101045,CUST_SVC,10,1,10,1,3,5,16,3,1,6.66
101078,INVEST,22,1,10,1,3,3,16,4,1,22.7
101056,WITHDRAW,5,0,20,1,6,8,14,3,1,2.18
101012,INVEST,22,1,18,1,9,6,10,3,1,27.17
101012,CUST_SVC,10,1,6,1,3,6,10,4,1,8.39
101033,CUST_SVC,10,1,25,1,6,4,11,2,1,18.58
101078,ONLINE_SUP,12,1,12,1,9,4,10,2,1,27.03
101056,DEPOSIT,6,1,13,1,8,4,16,1,1,21.47
101012,ACC_OPEN,25,1,15,1,10,4,15,4,1,58.71
101056,CUST_SVC,10,0,32,1,11,4,14,4,1,37.53
101078,ATM_CDM,8,1,17,1,7,5,14,4,1,15.08
101056,CUST_SVC,10,0,3,0,6,4,15,1,1,24.18
101033,DEPOSIT,6,1,5,1,4,4,13,4,0,4.51
101078,DEPOSIT,6,1,10,1,5,5,10,4,1,7.2
101033,ATM_CDM,8,1,17,1,9,5,11,4,1,12.86
101045,ACC_OPEN,25,0,4,1,3,4,12,4,0,15.42
101012,ATM_CDM,8,1,14,1,6,4,13,4,0,10.62
101012,CUST_SVC,10,1,1,1,12,5,15,3,1,30.44
101056,CREDIT_CARD,12,1,21,1,5,4,14,5,1,22.14
101012,ACC_OPEN,25,1,13,1,5,3,13,3,0,47.28
101012,CUST_SVC,10,1,46,1,13,4,14,1,1,15.02
101045,ATM_CDM,8,1,9,1,4,8,9,2,1,3.76
101012,ATM_CDM,8,0,28,1,10,7,9,2,1,10.29
101078,ATM_CDM,8,1,4,1,5,4,15,4,1,7.07
101012,BIZ_BANK,18,1,23,1,8,6,16,3,1,25.27
101033,INVEST,22,1,15,1,4,6,15,2,1,20.11
101033,INSURANCE,20,1,12,1,11,8,15,3,1,21.05
101056,WITHDRAW,5,1,36,1,12,5,15,1,1,10.29
101056,ATM_CDM,8,1,22,1,7,4,14,4,1,16.07
101033,CUST_SVC,10,1,26,1,9,4,15,4,1,29.43
101045,ATM_CDM,8,1,13,1,4,6,16,3,1,2.53
101012,INSURANCE,20,1,16,1,10,5,15,4,1,63.22
101078,INVEST,22,0,27,1,6,6,14,1,1,24.51
101012,CUST_SVC,10,0,34,1,10,6,10,4,1,9.48
101078,ATM_CDM,8,0,33,1,9,4,10,5,1,10.5
101078,INVEST,22,1,5,1,5,3,13,1,0,49.48
101033,FIXED_DEP,15,0,15,1,16,4,10,1,1,50.75
101078,ATM_CDM,8,0,12,0,13,4,16,1,1,29.98
101033,CREDIT_CARD,12,1,20,1,5,6,15,2,1,11.48
101078,DEPOSIT,6,1,4,1,3,5,10,4,1,3.92
101045,BIZ_BANK,18,1,19,1,6,5,10,1,1,32.64
101078,CUST_SVC,10,1,14,1,4,3,13,2,0,15.72
101045,FIXED_DEP,15,1,11,1,6,8,14,3,1,17.82
101012,INSURANCE,20,1,18,1,10,6,10,5,1,26.12
101078,WITHDRAW,5,0,4,1,3,4,13,2,0,5.24
101033,INSURANCE,20,0,4,1,4,4,16,2,1,21.33
101056,CREDIT_CARD,12,0,31,1,10,5,9,5,1,20.74
101078,DEPOSIT,6,0,15,1,11,4,9,1,1,19.46
101033,ACC_OPEN,25,1,34,1,10,6,15,3,1,56.42
101056,CUST_SVC,10,1,23,1,6,6,14,1,1,9.23
101033,DEPOSIT,6,1,45,1,12,5,14,2,1,19.18
101045,DEPOSIT,6,1,7,1,1,6,16,3,1,2.93
101033,CREDIT_CARD,12,1,12,1,6,5,9,2,1,20.81
101078,REMITTANCE,10,1,17,1,5,4,13,1,0,13.75
101012,REMITTANCE,10,1,1,1,10,6,14,5,1,19.43
101045,INSURANCE,20,1,12,1,2,8,14,2,1,2.97
101056,CREDIT_CARD,12,1,7,1,7,8,14,4,1,11.12
101045,ATM_CDM,8,1,15,1,10,6,11,1,1,19.6
101012,LOAN,30,0,26,1,7,5,11,5,1,35.19
101056,REMITTANCE,10,1,33,1,15,4,16,1,1,33.01
101045,CUST_SVC,10,1,14,1,4,6,15,3,1,9.21
101056,ONLINE_SUP,12,1,9,1,4,2,13,1,0,31.41
101033,DEPOSIT,6,0,12,0,6,4,14,2,1,11.88
101056,ATM_CDM,8,0,29,1,11,6,11,5,1,16.24
101078,ACC_OPEN,25,1,10,1,3,5,15,1,1,17.01
101045,DEPOSIT,6,1,9,1,10,4,14,1,1,21.13
101056,ATM_CDM,8,1,10,1,7,6,15,5,1,6.51
101078,CUST_SVC,10,1,20,1,8,5,11,5,1,13.3
101056,CUST_SVC,10,1,25,1,6,7,15,4,1,8.42
101078,CUST_SVC,10,1,13,1,4,7,9,1,1,7.13
101012,BIZ_BANK,18,0,12,0,10,4,14,5,1,42.82
101012,CUST_SVC,10,1,8,1,7,5,9,5,1,19.47
101056,REMITTANCE,10,1,36,1,10,6,10,5,1,27.8
101033,ONLINE_SUP,12,1,7,1,5,3,12,1,0,13.03
101045,CREDIT_CARD,12,0,19,1,5,4,12,1,0,14.73
101078,CREDIT_CARD,12,0,21,0,4,6,14,1,1,4.78
101033,ACC_OPEN,25,0,11,1,7,6,14,2,1,23.17
101056,DEPOSIT,6,1,16,1,6,6,14,5,1,9.29
101078,DEPOSIT,6,1,1,1,8,6,10,5,1,6.74
101033,REMITTANCE,10,0,7,1,5,6,11,5,1,9.56
101033,INVEST,22,1,18,1,6,5,11,2,1,26.85
101033,CREDIT_CARD,12,1,2,1,1,2,13,1,0,0.51
101012,ACC_OPEN,25,1,2,1,4,2,12,2,0,60.62
101078,DEPOSIT,6,1,9,1,0,6,11,3,1,0.41
101033,CUST_SVC,10,1,20,1,6,5,10,5,1,13.98
101033,INSURANCE,20,1,19,1,11,4,16,3,1,51.27
101045,CREDIT_CARD,12,0,4,1,2,4,12,5,0,5.19
101078,BIZ_BANK,18,1,18,1,3,7,15,4,1,5.64
101033,DEPOSIT,6,1,7,1,3,7,10,1,1,5.69
101012,REMITTANCE,10,1,28,1,12,5,11,1,1,28.05
101012,CUST_SVC,10,0,10,0,4,5,15,3,1,11.19
101078,ATM_CDM,8,0,19,1,4,3,16,4,1,9.75
101033,DEPOSIT,6,1,50,1,14,5,11,3,1,21.81
101078,REMITTANCE,10,1,7,1,6,6,10,5,1,11.73
101012,CREDIT_CARD,12,1,49,1,18,5,10,1,1,84.81
101045,BIZ_BANK,18,0,8,1,5,5,11,4,1,13.84
101056,INVEST,22,1,14,1,3,4,9,5,1,22.79
101012,CUST_SVC,10,1,15,1,11,5,9,3,1,24.75
101033,CUST_SVC,10,0,36,1,10,3,16,5,1,33.2
101012,INVEST,22,1,35,1,9,8,15,4,1,18.25
101012,CUST_SVC,10,1,46,1,18,6,9,5,1,47.77
101012,FIXED_DEP,15,1,3,1,10,7,10,5,1,12.58
101045,ACC_OPEN,25,1,15,1,2,3,12,4,0,21.73
101033,REMITTANCE,10,1,4,1,9,5,15,1,1,15.94
101033,CUST_SVC,10,0,4,1,4,4,12,1,0,5.13
101056,CREDIT_CARD,12,0,22,1,5,5,11,3,1,14.99
101056,CUST_SVC,10,0,2,1,7,6,10,1,1,19.2
101078,ATM_CDM,8,1,7,1,8,4,13,3,0,15.61
101033,DEPOSIT,6,0,6,0,4,6,14,2,1,4.44
101056,DEPOSIT,6,1,22,1,6,4,16,2,1,7.59
101056,BIZ_BANK,18,1,16,1,4,4,9,5,1,6.92
101012,CREDIT_CARD,12,1,41,1,15,5,15,1,1,45.74
101078,INSURANCE,20,1,17,1,5,7,10,3,1,19.5
101056,ATM_CDM,8,1,5,1,2,3,16,3,1,6.31
101056,ONLINE_SUP,12,0,17,1,5,7,14,4,1,15.55
101056,CREDIT_CARD,12,0,26,1,6,4,15,4,1,17.84
101056,CUST_SVC,10,1,8,1,8,5,15,3,1,10.64
101056,CREDIT_CARD,12,1,29,1,8,4,9,4,1,20.5
101045,FIXED_DEP,15,1,20,1,8,5,9,3,1,24.55
101078,BIZ_BANK,18,1,10,1,1,5,10,1,1,5.12
101078,WITHDRAW,5,1,4,1,7,6,16,5,1,5.71
101078,CREDIT_CARD,12,1,30,1,11,5,9,3,1,35.26
101056,CREDIT_CARD,12,1,18,1,7,8,14,1,1,11.72
101045,WITHDRAW,5,1,9,1,3,7,15,4,1,2.69
101056,FIXED_DEP,15,0,25,1,12,7,10,1,1,16.75
101033,CREDIT_CARD,12,0,7,1,4,5,10,1,1,6.31
101012,DEPOSIT,6,1,9,1,5,6,11,4,1,5.09
101012,DEPOSIT,6,0,30,0,7,5,16,5,1,14.99
101078,BIZ_BANK,18,1,11,1,8,4,10,1,1,47.84
101078,DEPOSIT,6,1,1,1,8,2,12,4,0,13.36
101033,INSURANCE,20,1,15,1,6,4,16,2,1,38.52
101056,WITHDRAW,5,1,12,1,6,2,12,1,0,17.23
101056,FIXED_DEP,15,0,17,1,4,7,11,4,1,14.33
101045,LOAN,30,1,10,1,2,6,14,5,1,7.85
101012,DEPOSIT,6,1,8,1,4,5,11,3,1,3.79
101033,CUST_SVC,10,1,15,1,3,6,16,4,1,6.26
101033,CUST_SVC,10,0,10,1,6,4,11,5,1,23.45
101045,ACC_OPEN,25,1,10,1,7,4,15,1,1,56.0
101045,DEPOSIT,6,0,10,1,5,4,13,3,0,5.12
101012,CUST_SVC,10,1,21,1,8,5,10,3,1,17.63
101078,ACC_OPEN,25,1,14,1,5,4,9,2,1,47.82
101078,CUST_SVC,10,0,6,1,4,7,9,4,1,3.6
101033,ATM_CDM,8,1,19,1,8,5,14,1,1,11.49
101012,CUST_SVC,10,1,1,1,3,4,13,1,0,2.63
101045,CREDIT_CARD,12,1,1,1,3,4,9,3,1,9.65
101033,FIXED_DEP,15,1,14,1,4,4,15,2,1,24.68
101045,BIZ_BANK,18,1,14,1,6,6,16,2,1,7.12
101033,ATM_CDM,8,0,20,1,4,2,12,3,0,10.14
101012,ACC_OPEN,25,1,31,1,11,6,10,5,1,62.86
101033,ACC_OPEN,25,0,5,1,11,4,16,5,1,52.0
101045,WITHDRAW,5,1,8,1,5,5,9,5,1,6.94
101078,REMITTANCE,10,1,11,1,3,6,11,2,1,4.69
101056,DEPOSIT,6,0,18,1,3,6,9,3,1,1.35
101078,DEPOSIT,6,1,9,1,7,7,9,1,1,8.13
101012,CREDIT_CARD,12,0,47,1,13,4,9,1,1,53.47
101045,DEPOSIT,6,0,18,1,7,6,11,2,1,7.79
101012,ONLINE_SUP,12,0,7,1,4,4,15,3,1,15.56
101012,CREDIT_CARD,12,1,18,1,7,5,11,3,1,18.05
101012,INVEST,22,1,4,1,3,4,14,3,1,16.79
101033,ATM_CDM,8,1,6,1,6,5,14,5,1,14.04
101033,ATM_CDM,8,1,4,1,4,5,9,4,1,7.66
101056,INSURANCE,20,1,8,1,5,6,10,3,1,19.04
101033,ONLINE_SUP,12,0,30,1,10,4,11,2,1,37.22
101078,CREDIT_CARD,12,0,12,1,1,5,16,1,1,3.45
101033,CUST_SVC,10,1,16,1,8,6,10,3,1,24.77
101078,CUST_SVC,10,0,2,1,9,4,11,2,1,28.41
101045,ATM_CDM,8,0,1,1,3,4,16,4,1,3.58
101078,ACC_OPEN,25,1,2,1,2,2,13,3,0,21.36
101012,REMITTANCE,10,0,31,1,8,5,10,1,1,6.66
101056,CREDIT_CARD,12,1,18,1,7,4,16,4,1,15.71
101012,CUST_SVC,10,0,5,0,7,3,12,4,0,20.53
101033,INSURANCE,20,0,20,0,4,4,14,1,1,26.91
101012,CUST_SVC,10,1,26,1,9,4,9,5,1,29.92
101078,REMITTANCE,10,1,1,1,4,6,10,1,1,5.93
101056,DEPOSIT,6,1,32,1,11,6,14,4,1,12.25
101045,INSURANCE,20,1,9,1,8,6,10,1,1,44.38
101012,INVEST,22,0,12,1,7,5,10,5,1,38.92
101012,CREDIT_CARD,12,1,8,1,7,2,13,1,0,77.32
101078,CUST_SVC,10,1,6,1,8,4,11,5,1,17.8
101045,CREDIT_CARD,12,0,1,1,7,4,10,1,1,8.34
101012,BIZ_BANK,18,0,6,0,5,4,13,3,0,23.84
101033,CUST_SVC,10,0,11,1,2,6,14,4,1,2.92
101033,CREDIT_CARD,12,1,14,1,6,7,9,4,1,13.92
101078,INSURANCE,20,0,22,0,15,4,15,1,1,77.35
101045,DEPOSIT,6,1,1,1,0,5,9,5,1,0.0
101078,FIXED_DEP,15,0,21,1,7,5,11,3,1,23.14
101056,REMITTANCE,10,1,13,1,5,4,13,5,0,14.64
101045,LOAN,30,0,1,1,7,4,13,1,0,81.97
101078,DEPOSIT,6,0,8,1,6,4,11,1,1,6.93
101078,CUST_SVC,10,1,14,1,3,4,10,4,1,5.66
101078,BIZ_BANK,18,1,24,1,5,5,14,5,1,24.77
101078,ATM_CDM,8,0,3,0,8,4,14,1,1,22.67
101056,CUST_SVC,10,1,8,1,8,6,10,1,1,15.37
101012,INVEST,22,1,15,1,5,5,14,3,1,29.08
101056,CUST_SVC,10,1,16,1,9,4,15,2,1,18.98
101033,DEPOSIT,6,1,6,1,7,4,11,4,1,8.46
101078,ONLINE_SUP,12,1,26,1,6,3,12,1,0,25.09
101045,ACC_OPEN,25,1,9,1,5,7,9,4,1,26.79
101012,ATM_CDM,8,0,11,1,9,3,13,1,0,24.82
101056,CUST_SVC,10,1,9,1,7,6,15,4,1,18.09
101056,FIXED_DEP,15,1,17,1,10,5,10,5,1,31.72
101078,REMITTANCE,10,0,2,1,4,4,13,2,0,11.68
101045,DEPOSIT,6,1,38,1,10,4,9,1,1,27.38
101012,CREDIT_CARD,12,1,14,1,3,5,10,3,1,11.82
101045,LOAN,30,1,7,1,3,4,14,4,1,30.64
101012,DEPOSIT,6,1,25,1,8,5,14,2,1,11.28
101056,INSURANCE,20,0,1,1,7,4,9,1,1,40.99
101056,BIZ_BANK,18,1,15,1,2,3,16,4,1,14.01
101033,DEPOSIT,6,1,2,1,2,5,11,3,1,2.78
101056,CREDIT_CARD,12,1,20,1,7,5,10,3,1,17.03
101056,LOAN,30,1,1,1,2,4,9,3,1,19.83
101056,INVEST,22,1,6,1,12,5,10,1,1,77.57
101012,DEPOSIT,6,0,10,0,8,5,14,5,1,6.2
101078,ATM_CDM,8,1,14,1,8,4,11,4,1,16.15
101045,BIZ_BANK,18,1,27,1,8,6,9,5,1,43.66
101056,BIZ_BANK,18,1,11,1,8,7,10,4,1,31.13
101012,DEPOSIT,6,1,30,1,9,5,11,5,1,12.0
101033,DEPOSIT,6,1,4,1,9,4,10,3,1,15.24
101045,BIZ_BANK,18,1,3,1,4,6,9,4,1,13.45
101045,CREDIT_CARD,12,1,18,1,10,4,10,1,1,35.88
101033,ATM_CDM,8,1,5,1,9,6,9,3,1,15.97
101012,FIXED_DEP,15,1,15,1,6,4,16,3,1,22.48
101033,ACC_OPEN,25,1,6,1,4,5,14,2,1,23.53
101033,WITHDRAW,5,0,18,1,8,3,16,3,1,9.97
101056,DEPOSIT,6,1,17,1,8,7,15,1,1,5.97
101078,ATM_CDM,8,1,8,1,3,4,15,4,1,9.58
101033,BIZ_BANK,18,1,27,1,6,5,16,2,1,24.44
101033,CUST_SVC,10,1,2,1,5,4,10,5,1,15.61
101045,CUST_SVC,10,0,7,0,0,6,11,3,1,1.06
101056,ATM_CDM,8,1,30,1,8,5,10,2,1,11.48
101012,INSURANCE,20,1,6,1,3,5,16,5,1,12.76
101012,DEPOSIT,6,0,45,1,14,5,10,4,1,26.39
101045,CREDIT_CARD,12,0,16,1,9,6,15,5,1,21.72
101078,CREDIT_CARD,12,1,23,1,5,4,13,5,0,16.82
101056,BIZ_BANK,18,1,9,1,7,3,16,1,1,41.81
101012,ACC_OPEN,25,1,9,1,5,2,13,1,0,58.67
101045,CREDIT_CARD,12,1,19,1,5,5,15,1,1,11.17
101033,DEPOSIT,6,1,12,1,3,7,10,3,1,6.09
101078,DEPOSIT,6,1,10,1,2,2,12,2,0,4.18
101045,ATM_CDM,8,1,4,1,6,5,16,5,1,16.0
101056,BIZ_BANK,18,0,27,1,7,7,9,5,1,25.19
101045,CREDIT_CARD,12,1,32,1,10,5,14,2,1,28.67
101012,CREDIT_CARD,12,0,3,1,2,3,12,5,0,4.32
101078,ATM_CDM,8,1,24,1,5,3,12,3,0,8.67
101033,INVEST,22,1,18,1,5,7,16,1,1,17.46
101033,CUST_SVC,10,1,14,1,5,8,11,5,1,8.89
101056,CUST_SVC,10,1,2,1,0,3,13,4,0,0.4
101045,INVEST,22,1,4,1,5,4,15,1,1,33.39
101078,CUST_SVC,10,1,28,1,16,6,15,1,1,38.08
101056,CUST_SVC,10,0,12,1,2,2,12,2,0,10.9
101078,INSURANCE,20,0,11,1,11,6,15,1,1,34.17
101033,ATM_CDM,8,1,1,1,3,6,14,4,1,8.51
101033,BIZ_BANK,18,1,25,1,6,4,12,2,0,18.09
101045,DEPOSIT,6,1,21,1,7,5,14,5,1,6.29
101078,ATM_CDM,8,1,18,1,6,4,16,3,1,11.97
101033,DEPOSIT,6,0,5,1,3,7,11,4,1,3.73
101012,DEPOSIT,6,1,22,1,9,6,16,1,1,11.79
101078,FIXED_DEP,15,1,35,1,9,8,9,5,1,12.85
101012,ACC_OPEN,25,1,5,1,7,4,9,5,1,49.63
101033,ACC_OPEN,25,1,11,1,11,5,11,5,1,54.12
101012,CUST_SVC,10,1,12,1,6,4,14,2,1,17.14
101012,FIXED_DEP,15,0,17,1,6,5,11,5,1,12.16
101045,CREDIT_CARD,12,0,7,0,2,4,12,4,0,7.56
101033,CUST_SVC,10,1,15,1,3,2,12,5,0,12.52
101056,INSURANCE,20,1,4,1,5,3,13,1,0,36.59
101045,CUST_SVC,10,1,11,1,3,5,11,2,1,5.11
101078,LOAN,30,0,10,1,6,7,11,3,1,21.2
101033,CREDIT_CARD,12,1,9,1,7,4,12,1,0,15.07
101056,DEPOSIT,6,0,11,1,14,8,10,5,1,4.38
101033,LOAN,30,0,4,1,4,6,11,4,1,19.54
101033,CREDIT_CARD,12,1,31,1,8,5,15,1,1,22.7
101033,ATM_CDM,8,1,8,1,8,2,13,4,0,28.68
101033,LOAN,30,0,5,1,1,5,14,2,1,4.95
101056,CREDIT_CARD,12,0,6,1,5,4,16,4,1,18.11
101078,DEPOSIT,6,1,21,1,5,4,15,1,1,7.07
101056,REMITTANCE,10,0,15,1,6,7,15,5,1,6.36
101056,INSURANCE,20,1,11,1,8,4,14,1,1,42.4
101033,ATM_CDM,8,1,18,1,5,5,11,2,1,11.91
101045,BIZ_BANK,18,0,25,1,8,4,15,5,1,29.47
101033,CUST_SVC,10,1,8,1,1,7,14,3,1,0.0
101078,ACC_OPEN,25,1,6,1,7,7,9,1,1,31.34
101045,CUST_SVC,10,0,5,0,6,6,11,1,1,6.97
101033,CREDIT_CARD,12,0,4,1,1,4,12,3,0,0.99
101012,INVEST,22,1,10,1,14,5,15,2,1,69.51
101056,CUST_SVC,10,1,11,1,1,3,13,3,0,3.79
101056,WITHDRAW,5,1,36,1,10,5,9,5,1,10.96
101056,WITHDRAW,5,0,22,1,5,6,10,4,1,1.71
101078,REMITTANCE,10,0,21,1,7,5,11,1,1,14.78
101056,INSURANCE,20,1,34,1,10,6,10,3,1,61.75
101045,CUST_SVC,10,0,6,0,4,3,13,1,0,14.77
101012,BIZ_BANK,18,1,17,1,5,4,9,3,1,20.15
101045,CREDIT_CARD,12,0,6,1,3,5,10,4,1,6.98
101012,BIZ_BANK,18,1,27,1,11,5,10,1,1,50.39
101045,BIZ_BANK,18,1,26,1,8,7,10,3,1,23.45
101078,CREDIT_CARD,12,0,10,0,4,4,13,3,0,4.52
101012,DEPOSIT,6,1,15,1,2,2,13,3,0,3.4
101056,CUST_SVC,10,1,15,1,2,3,13,3,0,2.13
101056,CREDIT_CARD,12,1,19,1,7,5,14,5,1,17.38
101045,WITHDRAW,5,1,14,1,2,3,16,1,1,1.62
101045,ACC_OPEN,25,0,3,1,5,8,10,2,1,14.27
101012,CUST_SVC,10,0,32,1,8,5,14,2,1,25.46
101045,DEPOSIT,6,0,21,0,6,3,13,2,0,10.98
101012,CUST_SVC,10,1,18,1,6,4,11,2,1,22.05
101078,ATM_CDM,8,1,21,1,6,4,9,1,1,12.08
101033,CREDIT_CARD,12,1,13,1,5,4,9,5,1,18.28
101056,FIXED_DEP,15,1,18,1,8,4,16,5,1,32.06
101078,LOAN,30,1,3,1,8,6,15,5,1,46.58
101056,ATM_CDM,8,1,20,1,9,8,15,5,1,10.45
101012,ACC_OPEN,25,1,15,1,11,5,14,2,1,61.61
101056,LOAN,30,1,20,1,5,4,15,2,1,38.74
101012,DEPOSIT,6,0,15,0,12,5,14,3,1,17.71
101056,DEPOSIT,6,1,19,1,9,6,15,3,1,16.24
101012,CREDIT_CARD,12,0,16,1,12,4,9,2,1,48.74
101012,CUST_SVC,10,1,10,1,10,4,14,1,1,34.81
101078,CUST_SVC,10,1,10,1,2,4,16,4,1,4.35
101012,CREDIT_CARD,12,1,37,1,13,5,15,3,1,30.42
101056,ONLINE_SUP,12,1,11,1,3,5,11,1,1,5.51
101056,BIZ_BANK,18,0,10,1,5,5,11,2,1,24.59
101078,CUST_SVC,10,1,19,1,4,6,9,4,1,7.48
101033,FIXED_DEP,15,0,8,1,7,5,15,5,1,19.47
101078,REMITTANCE,10,0,3,1,6,4,15,1,1,13.95
101045,DEPOSIT,6,1,2,1,4,4,10,2,1,9.07
101033,DEPOSIT,6,1,20,1,6,7,10,1,1,6.95
101033,ACC_OPEN,25,1,6,1,5,6,11,4,1,22.12
101045,CUST_SVC,10,0,19,1,8,6,15,1,1,12.7
101056,CREDIT_CARD,12,0,5,1,11,4,16,1,1,42.76
101045,ACC_OPEN,25,1,8,1,4,6,11,1,1,18.28
101045,CUST_SVC,10,0,10,1,3,5,16,2,1,7.28
101045,CUST_SVC,10,1,18,1,4,3,13,1,0,14.38
101078,CREDIT_CARD,12,1,18,1,5,7,16,5,1,6.61
101045,CUST_SVC,10,1,23,1,10,8,10,3,1,14.44
101056,CREDIT_CARD,12,1,11,1,5,8,15,3,1,10.57
101012,CREDIT_CARD,12,1,16,1,5,2,13,5,0,27.0
101033,INVEST,22,1,14,1,6,2,13,2,0,84.15
101033,BIZ_BANK,18,0,12,1,6,3,16,4,1,30.13
101033,CREDIT_CARD,12,0,2,1,11,5,10,4,1,33.74
101078,ATM_CDM,8,1,26,1,6,7,9,5,1,4.26
101056,ONLINE_SUP,12,0,11,1,7,5,10,1,1,27.79
101012,ACC_OPEN,25,0,33,0,8,6,10,5,1,34.58
101012,DEPOSIT,6,1,10,1,14,6,10,2,1,15.43
101078,CUST_SVC,10,1,18,1,3,4,11,1,1,10.82
101033,LOAN,30,1,33,1,8,4,11,1,1,90.0
101056,CUST_SVC,10,0,36,1,10,6,11,3,1,21.66
101078,CREDIT_CARD,12,1,14,1,9,6,11,1,1,22.98
101045,BIZ_BANK,18,1,7,1,4,3,12,1,0,36.41
101033,LOAN,30,1,12,1,6,4,16,1,1,45.06
101033,BIZ_BANK,18,1,18,1,7,4,15,4,1,28.54
101045,INVEST,22,1,19,1,6,6,15,1,1,21.12
101033,ATM_CDM,8,1,22,1,13,6,11,2,1,18.81
101056,FIXED_DEP,15,1,27,1,7,4,11,4,1,22.36
101045,DEPOSIT,6,1,1,1,3,7,15,4,1,3.12
101056,ONLINE_SUP,12,0,6,0,10,6,9,5,1,18.29
101078,FIXED_DEP,15,1,1,1,7,7,11,1,1,10.14
101078,CREDIT_CARD,12,0,13,1,10,6,9,1,1,26.89
101056,DEPOSIT,6,0,33,1,12,5,11,1,1,19.18
101033,INSURANCE,20,1,1,1,8,5,11,1,1,45.05
101045,CREDIT_CARD,12,1,29,1,7,5,10,2,1,19.74
101012,ATM_CDM,8,0,48,0,17,4,10,1,1,30.92
101012,CREDIT_CARD,12,0,29,1,9,4,9,4,1,30.99
101056,ATM_CDM,8,1,8,1,9,5,10,5,1,18.43
101045,DEPOSIT,6,0,1,1,6,7,9,4,1,4.04
101056,DEPOSIT,6,0,30,1,8,4,9,5,1,14.37
101045,CUST_SVC,10,0,31,1,8,4,14,5,1,18.76
101045,CUST_SVC,10,1,11,1,6,7,15,3,1,11.16
101056,DEPOSIT,6,1,6,1,0,3,12,3,0,1.69
101078,INSURANCE,20,1,13,1,10,5,10,1,1,58.64
101033,REMITTANCE,10,1,39,1,10,7,9,1,1,15.34
101078,INSURANCE,20,1,16,1,4,5,16,2,1,17.05
101045,INSURANCE,20,1,11,1,7,7,11,1,1,29.13
101056,ATM_CDM,8,0,8,0,2,3,13,3,0,7.64
101033,DEPOSIT,6,0,28,1,7,5,10,5,1,4.97
101056,CREDIT_CARD,12,0,16,1,4,7,15,5,1,4.23
101033,CUST_SVC,10,0,1,1,7,5,16,2,1,3.19
101033,REMITTANCE,10,0,21,1,9,6,14,1,1,9.31
101012,ATM_CDM,8,1,28,1,10,6,15,4,1,20.95
101012,ACC_OPEN,25,0,13,1,10,7,15,1,1,38.11
101078,ATM_CDM,8,0,6,0,5,4,11,3,1,7.33
101012,CUST_SVC,10,1,3,1,3,3,12,5,0,10.95
101056,ACC_OPEN,25,1,10,1,1,2,13,1,0,14.16
101012,ATM_CDM,8,1,34,1,9,6,15,5,1,12.41
101033,DEPOSIT,6,0,13,1,7,6,15,1,1,7.94
101033,CREDIT_CARD,12,1,11,1,6,6,15,3,1,8.97
101056,DEPOSIT,6,0,2,0,8,6,10,4,1,12.43
101012,ONLINE_SUP,12,1,4,1,7,4,11,2,1,24.81
101056,CUST_SVC,10,0,9,1,3,5,11,2,1,5.78
101012,WITHDRAW,5,1,12,1,4,2,12,3,0,9.24
101033,LOAN,30,1,12,1,8,8,14,4,1,33.2
101045,ONLINE_SUP,12,1,18,1,3,3,13,3,0,14.61
101033,INVEST,22,1,14,1,2,5,9,2,1,16.42
101012,DEPOSIT,6,0,24,1,5,3,13,2,0,7.53
101033,ACC_OPEN,25,1,7,1,2,8,11,3,1,6.02
101012,ATM_CDM,8,1,24,1,5,4,16,4,1,11.33
101078,CUST_SVC,10,0,15,1,5,4,9,3,1,9.32
101078,REMITTANCE,10,1,8,1,8,5,9,1,1,25.71
101078,ATM_CDM,8,1,8,1,3,4,13,1,0,4.53
101078,ATM_CDM,8,0,11,1,1,3,13,1,0,2.2
101045,INSURANCE,20,1,27,1,8,6,15,4,1,21.24
101045,BIZ_BANK,18,0,13,1,8,6,14,1,1,19.72
101033,CREDIT_CARD,12,1,10,1,5,3,16,5,1,25.07
101045,BIZ_BANK,18,1,10,1,1,4,14,1,1,5.79
101012,CUST_SVC,10,0,20,1,5,4,15,2,1,11.08
101033,ATM_CDM,8,1,18,1,6,5,16,5,1,12.35
101045,ATM_CDM,8,0,5,1,2,4,13,3,0,2.51
101012,ACC_OPEN,25,1,18,1,20,4,15,1,1,90.0
101012,ONLINE_SUP,12,0,18,1,6,3,12,4,0,12.82
101056,DEPOSIT,6,1,27,1,7,4,15,3,1,13.37
101045,ONLINE_SUP,12,0,27,1,8,4,9,5,1,18.78
101033,REMITTANCE,10,1,36,1,10,4,9,1,1,41.35
101045,ACC_OPEN,25,1,24,1,9,5,15,1,1,48.31
101078,REMITTANCE,10,1,14,1,5,4,11,4,1,20.23
101012,ATM_CDM,8,1,34,1,10,6,9,2,1,12.22
101045,CREDIT_CARD,12,1,17,1,4,2,13,5,0,32.59
101012,REMITTANCE,10,0,41,1,11,7,14,2,1,9.69
101045,CUST_SVC,10,1,17,1,3,4,16,1,1,7.6
101045,ATM_CDM,8,1,13,1,8,6,11,4,1,10.74
101045,FIXED_DEP,15,1,12,1,7,5,10,2,1,24.49
101012,DEPOSIT,6,0,9,1,5,5,11,4,1,5.86
101033,REMITTANCE,10,0,45,1,13,7,15,2,1,23.78
101056,BIZ_BANK,18,0,4,1,5,3,13,5,0,19.81
101078,INVEST,22,1,2,1,3,4,10,3,1,18.34
101078,INSURANCE,20,1,14,1,6,6,9,1,1,27.99
101012,BIZ_BANK,18,1,9,1,8,7,9,3,1,26.09
101012,REMITTANCE,10,1,44,1,14,6,10,4,1,15.57
101033,INVEST,22,1,5,1,5,6,15,2,1,29.94
101056,ATM_CDM,8,1,24,1,5,6,14,1,1,7.57
101033,CUST_SVC,10,1,12,1,4,8,11,2,1,2.58
101045,INVEST,22,0,4,1,0,4,13,1,0,0.77
101056,ATM_CDM,8,0,40,1,14,5,14,5,1,19.82
101033,ATM_CDM,8,1,18,1,6,5,10,4,1,10.56
101056,ONLINE_SUP,12,0,55,1,17,4,15,1,1,44.43
101056,FIXED_DEP,15,1,7,1,10,5,16,5,1,29.07
101078,LOAN,30,1,5,1,5,8,14,2,1,15.21
101056,CUST_SVC,10,1,3,1,6,5,10,1,1,8.38
101012,CUST_SVC,10,1,16,1,6,3,16,2,1,18.48
101056,INSURANCE,20,0,8,1,5,6,14,4,1,24.37
101033,INVEST,22,0,2,1,5,7,11,5,1,17.54
101012,INSURANCE,20,0,22,1,5,3,12,3,0,35.92
101033,DEPOSIT,6,1,14,1,7,4,14,3,1,9.93
101012,DEPOSIT,6,0,10,1,5,3,13,4,0,8.9
101056,REMITTANCE,10,1,19,1,4,4,13,4,0,6.29
101012,ACC_OPEN,25,1,4,1,8,3,12,1,0,79.16
101056,LOAN,30,0,21,1,9,6,9,1,1,82.42
101033,BIZ_BANK,18,0,16,1,10,5,9,5,1,25.81
101056,ACC_OPEN,25,1,7,1,5,7,9,2,1,21.76
101078,ACC_OPEN,25,1,4,1,2,4,12,4,0,11.51
101078,CUST_SVC,10,1,27,1,7,6,15,3,1,9.79
101033,CUST_SVC,10,0,2,1,6,5,11,3,1,9.65
101056,CREDIT_CARD,12,1,1,1,7,6,9,3,1,14.2
101033,ACC_OPEN,25,1,14,1,10,4,11,5,1,55.3
101056,DEPOSIT,6,1,8,1,0,5,11,3,1,1.01
101078,CREDIT_CARD,12,0,3,1,7,6,11,1,1,15.47
101033,CUST_SVC,10,1,5,1,9,4,16,2,1,28.46
101045,CUST_SVC,10,1,15,1,10,5,14,2,1,24.25
101078,INSURANCE,20,0,23,1,5,6,10,3,1,15.69
101078,DEPOSIT,6,0,6,1,10,7,11,1,1,8.71
101056,LOAN,30,0,2,1,0,2,13,2,0,0.83
101033,LOAN,30,1,18,1,3,3,13,5,0,26.04
101078,ACC_OPEN,25,1,11,1,5,6,11,4,1,21.41
101056,BIZ_BANK,18,1,3,1,9,3,16,2,1,57.49
101012,BIZ_BANK,18,0,45,1,15,6,15,5,1,41.7
101012,CREDIT_CARD,12,1,17,1,10,7,9,1,1,24.41
101012,INSURANCE,20,1,47,1,19,4,15,4,1,82.23
101078,DEPOSIT,6,0,3,1,1,4,13,3,0,1.23
101033,INSURANCE,20,1,9,1,10,6,11,3,1,29.79
101056,ACC_OPEN,25,1,10,1,8,5,9,5,1,29.19
101033,ATM_CDM,8,1,12,1,2,3,12,2,0,8.56
101012,WITHDRAW,5,0,12,0,10,6,10,5,1,9.14
101012,CREDIT_CARD,12,1,9,1,10,6,9,3,1,17.97
101078,WITHDRAW,5,1,20,1,6,4,9,2,1,9.94
101078,BIZ_BANK,18,0,33,0,9,5,10,3,1,49.75
101012,CUST_SVC,10,0,13,1,12,5,16,5,1,19.54
101056,ATM_CDM,8,1,23,1,5,4,12,4,0,9.87
101012,ATM_CDM,8,1,15,1,4,5,10,2,1,8.45
101012,BIZ_BANK,18,1,16,1,7,4,15,4,1,34.06
101033,ATM_CDM,8,1,6,1,8,5,11,1,1,12.89
101078,DEPOSIT,6,1,6,1,7,4,15,2,1,15.17
101078,ATM_CDM,8,1,13,1,4,5,16,2,1,2.39
101033,CREDIT_CARD,12,1,5,1,4,5,16,2,1,10.08
101012,CUST_SVC,10,1,18,1,5,5,16,3,1,7.91
101012,FIXED_DEP,15,1,15,1,5,6,15,4,1,13.25
101045,ATM_CDM,8,0,23,0,8,7,9,1,1,17.02
101045,CUST_SVC,10,0,6,1,4,7,10,3,1,4.7
101078,BIZ_BANK,18,0,19,1,9,6,9,2,1,31.39
101033,DEPOSIT,6,1,6,1,6,3,12,5,0,10.81
101033,FIXED_DEP,15,1,4,1,7,6,9,2,1,21.68
101078,ATM_CDM,8,0,12,1,5,5,9,3,1,9.31
101056,LOAN,30,1,8,1,6,4,9,3,1,47.51
101012,LOAN,30,1,29,1,7,5,11,3,1,60.95
101056,REMITTANCE,10,1,28,1,11,6,10,1,1,33.78
101056,DEPOSIT,6,1,19,1,7,8,9,2,1,8.88
101033,CUST_SVC,10,1,21,1,9,2,13,4,0,34.42
101056,BIZ_BANK,18,1,19,1,5,5,15,2,1,20.82
101056,CREDIT_CARD,12,1,5,1,5,4,14,5,1,5.6
101078,CUST_SVC,10,1,16,1,3,4,11,1,1,7.88
101045,WITHDRAW,5,1,17,1,4,5,15,2,1,4.09
101045,ATM_CDM,8,1,29,1,8,6,11,1,1,16.64
101078,REMITTANCE,10,1,12,1,2,4,14,5,1,2.98
101078,CUST_SVC,10,0,15,1,4,4,16,4,1,10.88
101078,ATM_CDM,8,1,29,1,8,3,16,5,1,30.21
101012,CREDIT_CARD,12,0,8,1,9,5,9,3,1,20.82
101033,CUST_SVC,10,1,38,1,10,4,14,3,1,34.26
101078,REMITTANCE,10,1,6,1,3,5,9,4,1,4.86
101056,WITHDRAW,5,1,1,1,3,3,16,3,1,5.86
101012,BIZ_BANK,18,0,6,1,4,4,11,2,1,26.03
101078,CUST_SVC,10,1,5,1,2,3,16,3,1,5.79
101033,DEPOSIT,6,1,5,1,2,6,16,4,1,2.27
101056,BIZ_BANK,18,1,36,1,13,5,10,5,1,85.31
101056,REMITTANCE,10,1,20,1,14,8,10,1,1,25.73
101033,CREDIT_CARD,12,0,25,1,6,5,16,5,1,16.83
101078,DEPOSIT,6,1,21,1,6,4,10,2,1,8.85
101012,CUST_SVC,10,0,17,1,16,6,10,2,1,42.25
101012,DEPOSIT,6,0,33,0,10,5,9,5,1,21.77
101012,REMITTANCE,10,1,40,1,11,7,15,2,1,29.94
101012,DEPOSIT,6,1,15,1,7,5,14,4,1,9.73
101045,LOAN,30,1,14,1,3,4,12,1,0,20.91
101056,CUST_SVC,10,0,10,1,10,4,16,4,1,22.99
101045,FIXED_DEP,15,1,11,1,1,4,16,1,1,3.76
101012,DEPOSIT,6,1,27,1,7,2,12,4,0,18.63
101045,BIZ_BANK,18,1,5,1,5,6,9,2,1,18.68
101012,ACC_OPEN,25,0,11,1,5,3,13,1,0,45.41
101045,CREDIT_CARD,12,1,6,1,3,6,11,3,1,7.99
101056,ACC_OPEN,25,0,3,1,0,3,13,4,0,1.03
101056,DEPOSIT,6,0,3,1,5,5,9,1,1,8.12
101045,LOAN,30,1,15,1,2,4,13,5,0,11.67
101045,CUST_SVC,10,1,15,1,10,4,11,4,1,32.68
101056,DEPOSIT,6,1,4,1,4,6,10,2,1,2.87
101045,ACC_OPEN,25,1,44,1,13,7,10,1,1,57.19
101045,DEPOSIT,6,1,11,1,2,6,14,1,1,3.62
101078,CUST_SVC,10,1,16,1,4,4,11,3,1,14.68
101078,INVEST,22,1,4,1,0,3,13,1,0,1.41
101045,ATM_CDM,8,1,1,1,3,3,12,5,0,4.05
101078,FIXED_DEP,15,0,4,1,5,3,16,2,1,23.55
101012,REMITTANCE,10,0,3,1,3,5,14,4,1,4.38
101078,DEPOSIT,6,1,20,1,6,3,12,1,0,11.28
101033,ATM_CDM,8,0,12,1,7,5,9,2,1,8.76
101078,DEPOSIT,6,0,13,1,5,6,14,1,1,4.26
101078,DEPOSIT,6,1,12,1,5,5,10,2,1,7.26
101012,CREDIT_CARD,12,1,8,1,5,7,9,3,1,8.9
101056,INSURANCE,20,1,39,1,13,5,10,1,1,61.58
101033,BIZ_BANK,18,1,28,1,7,6,15,5,1,28.85
101078,WITHDRAW,5,1,7,1,7,6,15,5,1,4.8
101012,REMITTANCE,10,1,14,1,3,5,14,2,1,7.45
101033,BIZ_BANK,18,1,15,1,3,4,12,3,0,17.33
101012,REMITTANCE,10,1,12,1,6,4,12,3,0,17.34
101012,DEPOSIT,6,0,1,1,1,4,12,3,0,0.24
101033,FIXED_DEP,15,1,17,1,7,7,16,4,1,11.98
101078,CUST_SVC,10,0,1,1,3,4,16,2,1,9.4
101045,WITHDRAW,5,1,6,1,7,4,13,1,0,6.0
101078,ACC_OPEN,25,1,8,1,9,6,9,3,1,36.71
101045,CREDIT_CARD,12,1,25,1,12,4,15,4,1,60.54
101012,CUST_SVC,10,1,2,1,8,4,13,1,0,19.92
101078,REMITTANCE,10,0,26,1,7,8,10,4,1,6.32
101012,ATM_CDM,8,0,24,1,8,7,11,1,1,11.75
101012,DEPOSIT,6,1,15,1,11,4,15,4,1,22.49
101056,CUST_SVC,10,1,4,1,4,4,13,5,0,8.81
101045,ACC_OPEN,25,0,11,1,5,7,16,1,1,16.47
101012,FIXED_DEP,15,0,4,1,6,5,11,4,1,24.14
101045,ATM_CDM,8,1,1,1,4,4,16,4,1,10.93
101078,WITHDRAW,5,0,3,1,7,4,15,2,1,5.44
101045,CREDIT_CARD,12,1,1,1,3,4,16,4,1,9.51
101012,ATM_CDM,8,1,31,1,9,8,15,1,1,12.35
101045,WITHDRAW,5,1,30,1,7,6,15,5,1,8.06
101056,INSURANCE,20,1,34,1,9,7,16,2,1,39.29
101078,REMITTANCE,10,1,30,1,10,4,10,5,1,33.92
101045,CUST_SVC,10,1,5,1,4,4,10,5,1,9.59
101012,ATM_CDM,8,1,24,1,10,6,11,5,1,10.64
101045,CUST_SVC,10,1,24,1,6,4,10,5,1,21.11
101056,CUST_SVC,10,1,6,1,3,3,13,2,0,12.41
101033,LOAN,30,1,1,1,10,7,9,1,1,40.0
101056,INSURANCE,20,0,35,1,10,5,15,1,1,56.95
101033,CUST_SVC,10,0,13,1,5,5,10,4,1,11.75
101033,BIZ_BANK,18,1,16,1,3,4,9,4,1,8.8
101012,ATM_CDM,8,1,8,1,4,4,11,2,1,4.54
101056,REMITTANCE,10,1,5,1,4,4,13,5,0,7.8
101045,DEPOSIT,6,0,10,1,6,6,14,3,1,7.02
101012,CUST_SVC,10,1,17,1,14,4,14,1,1,30.54
101056,REMITTANCE,10,1,9,1,5,2,12,3,0,19.77
101045,ONLINE_SUP,12,1,4,1,7,8,15,3,1,8.9
101056,ACC_OPEN,25,1,12,1,10,6,9,5,1,46.26
101012,INVEST,22,1,10,1,1,4,9,3,1,8.47
101078,ACC_OPEN,25,1,24,1,6,7,14,2,1,16.09
101078,INSURANCE,20,1,8,1,7,5,9,4,1,32.28
101045,CREDIT_CARD,12,1,3,1,2,7,9,2,1,4.18
101012,FIXED_DEP,15,0,28,1,9,5,14,5,1,27.3
101033,INSURANCE,20,1,2,1,10,4,15,1,1,90.0
101012,FIXED_DEP,15,1,13,1,11,8,10,1,1,31.18
101033,CUST_SVC,10,0,3,1,11,5,9,2,1,29.71
101012,ACC_OPEN,25,1,4,1,1,4,16,4,1,9.8
101012,BIZ_BANK,18,0,2,1,8,4,11,2,1,40.51
101045,LOAN,30,0,15,1,8,5,9,1,1,39.07
101012,CUST_SVC,10,0,9,1,6,2,12,1,0,21.38
101056,ACC_OPEN,25,1,22,1,5,4,14,4,1,39.71
101045,ACC_OPEN,25,1,16,1,8,7,15,1,1,40.58
101045,BIZ_BANK,18,1,11,1,5,5,16,2,1,27.64
101012,LOAN,30,1,7,1,10,7,11,4,1,48.69
101056,BIZ_BANK,18,1,23,1,5,3,13,1,0,27.96
101033,BIZ_BANK,18,1,29,1,13,6,10,2,1,24.54
101045,DEPOSIT,6,1,9,1,1,6,9,2,1,2.47
101045,ATM_CDM,8,1,15,1,5,6,14,5,1,7.06
101045,CREDIT_CARD,12,1,11,1,7,6,11,2,1,21.86
101033,ATM_CDM,8,1,17,1,7,5,11,4,1,17.04
101012,LOAN,30,1,11,1,4,3,12,1,0,53.76
101078,DEPOSIT,6,1,3,1,10,6,9,5,1,9.69
101045,LOAN,30,1,17,1,6,5,9,2,1,37.49
101033,INVEST,22,1,4,1,5,5,15,4,1,16.03
101033,ATM_CDM,8,1,4,1,5,4,12,5,0,8.96
101012,ATM_CDM,8,0,21,1,6,2,13,5,0,28.27
101045,BIZ_BANK,18,1,4,1,5,5,14,4,1,16.1
101056,CUST_SVC,10,0,10,1,3,7,16,3,1,2.78
101078,ATM_CDM,8,1,9,1,5,6,11,5,1,12.81
101078,ACC_OPEN,25,1,5,1,2,4,9,3,1,15.1
101056,CUST_SVC,10,1,8,1,6,4,16,5,1,11.58
101012,BIZ_BANK,18,1,1,1,6,2,12,5,0,66.26
101056,ONLINE_SUP,12,1,15,1,5,5,16,3,1,14.01
101033,ATM_CDM,8,1,7,1,6,6,11,2,1,10.94
101045,CUST_SVC,10,1,19,1,7,5,16,1,1,18.13
101045,ATM_CDM,8,1,8,1,2,4,9,3,1,4.65
101045,CUST_SVC,10,1,25,1,8,7,14,5,1,6.23
101045,CUST_SVC,10,1,11,1,3,3,13,4,0,12.49
101078,DEPOSIT,6,1,15,1,9,4,11,1,1,18.33
101033,FIXED_DEP,15,0,27,1,11,6,15,1,1,36.87
101078,DEPOSIT,6,1,1,1,4,4,14,5,1,6.28
101033,LOAN,30,0,12,1,7,4,11,5,1,59.12
101078,CUST_SVC,10,1,29,1,7,4,14,4,1,16.1
101012,BIZ_BANK,18,1,3,1,5,3,16,2,1,40.74
101045,ACC_OPEN,25,0,9,1,4,7,15,4,1,8.32
101012,WITHDRAW,5,0,6,1,8,5,9,5,1,8.76
101056,DEPOSIT,6,0,5,0,5,3,13,2,0,8.84
101045,REMITTANCE,10,1,5,1,10,4,15,5,1,29.94
101012,ATM_CDM,8,1,3,1,2,4,11,1,1,3.54
101078,CUST_SVC,10,1,18,1,6,5,10,1,1,22.74
101045,FIXED_DEP,15,0,15,0,3,4,9,4,1,15.78
101012,CUST_SVC,10,1,6,1,8,5,14,2,1,25.84
101056,REMITTANCE,10,1,16,1,6,7,15,4,1,11.86
101012,DEPOSIT,6,0,16,1,9,5,16,4,1,8.93
101078,CUST_SVC,10,1,16,1,8,6,14,4,1,11.34
101056,CUST_SVC,10,1,4,1,6,4,16,5,1,15.0
101078,ATM_CDM,8,1,21,1,7,8,11,1,1,4.78
101012,INSURANCE,20,1,25,1,8,6,9,1,1,23.66
101033,CUST_SVC,10,0,32,1,9,4,15,5,1,11.51
101012,BIZ_BANK,18,0,12,1,3,4,14,3,1,10.23
101078,FIXED_DEP,15,0,3,1,8,5,10,1,1,24.02
101045,REMITTANCE,10,1,8,1,5,6,9,1,1,11.31
101033,LOAN,30,1,33,1,8,6,15,2,1,37.32
101056,BIZ_BANK,18,0,20,1,8,6,15,3,1,23.95
101033,CUST_SVC,10,1,6,1,7,7,15,5,1,9.44
101012,CUST_SVC,10,1,36,1,9,5,10,2,1,34.5
101033,DEPOSIT,6,1,15,1,2,6,11,3,1,1.06
101078,DEPOSIT,6,1,20,1,8,6,14,1,1,11.75
101045,ATM_CDM,8,1,9,1,0,6,11,2,1,1.04
101012,DEPOSIT,6,1,27,1,14,4,14,5,1,17.3
101056,DEPOSIT,6,1,4,1,13,4,9,5,1,15.63
101056,LOAN,30,1,9,1,6,4,10,1,1,59.34
101056,REMITTANCE,10,1,4,1,10,3,16,2,1,67.52
101056,ACC_OPEN,25,1,19,1,10,3,12,5,0,90.0
101033,CUST_SVC,10,1,12,1,12,4,15,5,1,42.38
101078,REMITTANCE,10,0,15,1,2,6,14,1,1,3.21
101033,INVEST,22,1,29,1,8,8,11,5,1,30.21
101045,BIZ_BANK,18,1,21,1,5,4,15,2,1,29.56
101078,ATM_CDM,8,1,22,1,5,4,10,5,1,11.62
101045,DEPOSIT,6,0,4,1,2,4,11,5,1,2.62
101012,LOAN,30,0,10,1,4,4,14,3,1,24.68
101078,ACC_OPEN,25,1,24,1,11,4,10,1,1,54.6
101078,ONLINE_SUP,12,1,3,1,7,4,10,4,1,22.16
101012,WITHDRAW,5,0,3,1,5,3,12,1,0,5.62
101033,DEPOSIT,6,1,5,1,12,7,15,4,1,13.56
101056,ACC_OPEN,25,0,15,0,13,6,15,1,1,59.23
101045,REMITTANCE,10,0,20,1,8,2,12,2,0,41.45
101012,INVEST,22,1,11,1,8,4,14,3,1,68.53
101033,FIXED_DEP,15,0,30,1,7,6,9,5,1,23.0
101045,ACC_OPEN,25,1,4,1,4,7,11,4,1,14.29
101078,CREDIT_CARD,12,1,20,1,5,6,15,1,1,9.81
101045,ATM_CDM,8,1,10,1,4,6,14,5,1,4.53
101078,CREDIT_CARD,12,1,28,1,8,4,9,2,1,19.02
101045,BIZ_BANK,18,1,21,1,5,7,11,3,1,22.84
101033,CREDIT_CARD,12,1,13,1,3,3,12,5,0,9.82
101045,CUST_SVC,10,0,9,1,4,4,11,3,1,10.67
101078,DEPOSIT,6,1,30,1,7,3,16,5,1,21.36
101078,BIZ_BANK,18,0,25,1,7,3,13,1,0,38.48
101033,CUST_SVC,10,1,15,1,5,5,15,5,1,10.69
101078,ATM_CDM,8,1,20,1,6,7,9,5,1,6.76
101033,FIXED_DEP,15,1,8,1,5,4,11,1,1,18.03
101033,CUST_SVC,10,0,1,0,4,4,15,3,1,7.05
101045,LOAN,30,1,18,1,8,6,11,1,1,56.84
101033,LOAN,30,0,5,1,3,7,16,5,1,10.63
101012,ACC_OPEN,25,1,4,1,3,4,13,2,0,19.77
101045,INVEST,22,0,18,1,7,4,10,1,1,35.59
101078,WITHDRAW,5,0,9,1,3,7,15,4,1,0.0
101045,CREDIT_CARD,12,0,10,1,6,6,11,5,1,9.27
101045,INVEST,22,1,7,1,3,4,14,4,1,21.61
101078,DEPOSIT,6,1,30,1,7,8,15,2,1,2.94
101012,CUST_SVC,10,1,19,1,7,5,15,4,1,20.03
101033,ONLINE_SUP,12,1,12,1,11,4,9,5,1,33.24
101056,BIZ_BANK,18,1,27,1,10,6,10,4,1,19.23
101033,ACC_OPEN,25,1,7,1,6,6,14,2,1,30.82
101056,INSURANCE,20,0,44,1,13,4,15,2,1,60.13
101045,ATM_CDM,8,1,16,1,4,4,12,2,0,6.99
101056,ONLINE_SUP,12,1,8,1,2,6,14,5,1,3.17
101012,ACC_OPEN,25,1,6,1,5,4,13,4,0,16.38
101012,ATM_CDM,8,1,15,1,10,5,11,3,1,19.84
101033,DEPOSIT,6,1,10,1,11,8,15,2,1,5.98
101078,INVEST,22,1,8,1,0,3,13,4,0,1.25
101078,BIZ_BANK,18,1,7,1,5,6,16,3,1,19.42
101056,ACC_OPEN,25,0,29,1,12,5,10,2,1,80.55
101056,ACC_OPEN,25,1,6,1,6,5,14,5,1,47.76
101078,ACC_OPEN,25,1,2,1,7,4,9,1,1,58.25
101045,CUST_SVC,10,1,23,1,5,5,10,3,1,5.26
101033,CREDIT_CARD,12,0,8,1,1,4,13,5,0,4.05
101045,DEPOSIT,6,1,4,1,5,4,12,1,0,9.02
101012,INSURANCE,20,0,17,1,7,3,13,1,0,48.64
101045,FIXED_DEP,15,0,3,1,8,6,10,5,1,23.64
101045,INVEST,22,0,9,1,3,4,13,2,0,9.92
101045,DEPOSIT,6,1,33,1,8,6,9,5,1,13.33
101045,LOAN,30,1,2,1,5,6,15,4,1,39.9
101078,CREDIT_CARD,12,1,6,1,13,8,15,5,1,20.57
101056,CREDIT_CARD,12,0,37,0,10,6,15,1,1,25.58
101056,ONLINE_SUP,12,1,5,1,11,6,11,3,1,26.16
101045,INVEST,22,1,5,1,8,8,11,2,1,35.36
101033,CUST_SVC,10,0,15,1,9,4,10,5,1,28.51
101078,ACC_OPEN,25,1,8,1,7,8,15,1,1,31.61
101045,FIXED_DEP,15,1,13,1,5,7,10,3,1,13.9
101033,DEPOSIT,6,0,6,1,5,2,13,2,0,6.3
101012,FIXED_DEP,15,1,18,1,5,7,9,3,1,16.0
101012,CUST_SVC,10,1,31,1,12,4,11,1,1,49.23
101033,CREDIT_CARD,12,1,28,1,7,6,15,1,1,16.56
101056,LOAN,30,1,20,1,6,5,11,1,1,45.14
101056,CUST_SVC,10,0,23,1,6,3,13,1,0,13.29
101078,ATM_CDM,8,1,18,1,4,4,11,1,1,8.14
101045,CUST_SVC,10,1,8,1,2,6,15,2,1,6.7
101078,REMITTANCE,10,1,3,1,5,5,11,4,1,10.1
101056,BIZ_BANK,18,0,32,1,8,4,14,4,1,40.64
101078,WITHDRAW,5,0,20,1,6,5,11,2,1,0.94
101033,DEPOSIT,6,1,28,1,8,4,9,1,1,17.91
101078,BIZ_BANK,18,1,12,1,7,5,16,1,1,36.27
101045,ACC_OPEN,25,1,10,1,3,4,9,3,1,24.36
101056,INVEST,22,1,14,1,5,3,16,4,1,47.63
101033,WITHDRAW,5,1,20,1,8,5,10,1,1,8.99
101056,CREDIT_CARD,12,0,6,1,5,4,13,4,0,10.48
101056,ACC_OPEN,25,0,30,0,7,4,9,2,1,40.54
101078,INSURANCE,20,1,23,1,5,4,11,1,1,48.54
101045,ACC_OPEN,25,0,8,1,3,8,9,4,1,11.82
101045,CREDIT_CARD,12,1,8,1,3,4,11,3,1,9.5
101033,CUST_SVC,10,1,2,1,9,3,16,2,1,31.53
101012,BIZ_BANK,18,1,24,1,8,7,9,4,1,23.4
101078,ACC_OPEN,25,0,9,1,5,4,11,3,1,41.84
101012,CUST_SVC,10,1,5,1,4,4,11,1,1,14.21
101056,FIXED_DEP,15,0,17,1,4,5,16,2,1,5.69
101056,CUST_SVC,10,1,5,1,6,3,13,2,0,20.69
101078,ACC_OPEN,25,1,1,1,5,3,16,2,1,48.82
101045,FIXED_DEP,15,0,20,1,9,6,16,1,1,31.69
101012,CUST_SVC,10,1,7,1,14,4,14,5,1,46.9
101033,ATM_CDM,8,1,13,1,3,4,14,2,1,3.62
101033,CREDIT_CARD,12,0,16,1,5,4,14,4,1,16.35
101056,ACC_OPEN,25,1,31,1,9,6,9,4,1,60.11
101033,ATM_CDM,8,0,4,1,2,3,13,3,0,4.08
101056,LOAN,30,1,13,1,5,5,14,4,1,48.74
101012,CREDIT_CARD,12,0,7,0,1,2,12,3,0,6.93
101033,REMITTANCE,10,1,28,1,14,7,10,1,1,34.99
101033,INVEST,22,1,23,1,6,4,13,1,0,28.26
101033,BIZ_BANK,18,0,11,1,3,4,10,5,1,12.88
101012,LOAN,30,0,4,1,16,6,15,1,1,76.05
101033,REMITTANCE,10,1,5,1,6,3,13,1,0,9.18
101045,LOAN,30,1,21,1,8,6,14,2,1,32.56
101056,ATM_CDM,8,1,13,1,9,4,13,3,0,21.73
101012,ACC_OPEN,25,1,12,1,5,3,13,4,0,32.42
101045,CREDIT_CARD,12,1,16,1,3,6,16,4,1,8.14
101078,BIZ_BANK,18,1,6,1,4,4,12,2,0,4.87
101045,DEPOSIT,6,1,15,1,3,5,14,4,1,3.31
101045,LOAN,30,1,26,1,7,8,11,5,1,44.9
101045,ACC_OPEN,25,0,9,1,7,5,10,3,1,26.58
101033,LOAN,30,1,26,1,8,6,15,2,1,50.73
101056,ATM_CDM,8,0,24,0,5,4,11,2,1,7.21
101056,DEPOSIT,6,0,20,1,4,8,15,3,1,2.3
101012,CREDIT_CARD,12,1,9,1,4,3,12,4,0,17.0
101078,CREDIT_CARD,12,1,5,1,5,7,14,5,1,7.86
101045,DEPOSIT,6,0,9,1,6,6,10,5,1,6.63
101078,CUST_SVC,10,0,8,1,5,6,15,4,1,8.82
101012,CUST_SVC,10,0,8,1,9,3,16,5,1,26.91
101045,CUST_SVC,10,0,8,1,0,2,12,2,0,1.5
101012,FIXED_DEP,15,1,24,1,7,3,16,3,1,42.51
101078,FIXED_DEP,15,1,11,1,5,3,13,5,0,36.91
101012,CUST_SVC,10,1,5,1,2,8,10,3,1,4.34
101056,DEPOSIT,6,1,32,1,14,5,10,1,1,23.99
101045,LOAN,30,1,1,1,6,6,10,2,1,34.59
101056,LOAN,30,1,12,1,4,7,14,5,1,37.18
101045,ATM_CDM,8,1,13,1,3,6,10,3,1,2.41
101045,REMITTANCE,10,0,38,1,10,8,10,1,1,6.45
101056,INSURANCE,20,1,5,1,7,7,14,1,1,31.57
101078,ATM_CDM,8,0,14,1,2,4,12,4,0,2.28
101045,ATM_CDM,8,0,3,1,6,6,11,4,1,13.09
101033,CREDIT_CARD,12,0,8,1,4,5,14,2,1,5.64
101033,LOAN,30,0,35,1,11,7,15,5,1,65.64
101078,CUST_SVC,10,1,12,1,6,4,15,5,1,12.11
101045,ONLINE_SUP,12,1,18,1,7,6,10,3,1,18.03
101045,LOAN,30,1,18,1,4,5,9,5,1,28.55
101078,BIZ_BANK,18,0,23,0,6,2,13,5,0,37.38
101056,CREDIT_CARD,12,1,11,1,6,5,15,4,1,16.77
101012,CUST_SVC,10,1,19,1,4,5,11,2,1,5.55
101012,CUST_SVC,10,1,20,1,9,7,14,2,1,11.64
101078,BIZ_BANK,18,1,5,1,1,2,13,5,0,3.63
101056,BIZ_BANK,18,1,6,1,6,8,10,5,1,16.93
101056,ACC_OPEN,25,1,14,1,6,4,10,3,1,62.87
101033,DEPOSIT,6,1,18,1,4,4,10,5,1,6.74
101012,ONLINE_SUP,12,1,1,1,5,5,16,3,1,6.65
101078,ONLINE_SUP,12,0,20,1,8,4,9,4,1,13.38
101033,ATM_CDM,8,0,10,1,10,8,15,1,1,2.84
101012,LOAN,30,1,6,1,2,4,13,5,0,14.36
101045,CUST_SVC,10,1,2,1,4,3,12,5,0,7.74
101045,CUST_SVC,10,1,21,1,6,2,12,1,0,32.31
101045,CUST_SVC,10,1,2,1,8,4,11,2,1,24.92
101045,WITHDRAW,5,0,20,1,4,7,15,2,1,1.23
101045,ACC_OPEN,25,0,16,1,4,7,9,3,1,15.92
101012,DEPOSIT,6,0,9,1,14,5,9,1,1,25.65
101078,BIZ_BANK,18,1,2,1,0,4,12,2,0,1.95
101078,CUST_SVC,10,1,3,1,3,4,13,1,0,7.49
101078,CUST_SVC,10,0,40,1,12,5,10,5,1,30.06
101078,LOAN,30,1,8,1,4,2,13,4,0,82.14
101045,WITHDRAW,5,0,17,0,8,7,15,4,1,6.49
101056,ATM_CDM,8,1,13,1,12,6,15,1,1,18.48
101056,DEPOSIT,6,1,34,1,10,6,9,1,1,12.11
101012,FIXED_DEP,15,1,16,1,10,4,14,1,1,55.48
101078,INSURANCE,20,1,17,1,7,3,16,1,1,50.88
101078,CREDIT_CARD,12,1,12,1,5,3,12,2,0,26.23
101012,BIZ_BANK,18,1,9,1,3,3,12,5,0,21.05
101012,ATM_CDM,8,1,25,1,9,3,16,3,1,35.97
101045,ATM_CDM,8,1,9,1,0,2,13,5,0,0.79
101078,DEPOSIT,6,1,8,1,8,6,14,1,1,9.28
101033,ACC_OPEN,25,1,24,1,5,5,16,5,1,40.6
101033,CUST_SVC,10,0,18,1,5,4,14,2,1,19.93
101078,INSURANCE,20,1,9,1,1,3,13,2,0,7.94
101033,CREDIT_CARD,12,1,4,1,7,6,11,4,1,16.08
101033,LOAN,30,1,5,1,2,5,11,2,1,7.62
101033,DEPOSIT,6,0,15,1,9,6,14,1,1,4.31
101045,WITHDRAW,5,0,1,1,1,3,12,4,0,0.13
101056,BIZ_BANK,18,1,7,1,6,2,13,2,0,51.21
101012,INVEST,22,1,12,1,10,5,15,2,1,29.71
101012,CREDIT_CARD,12,1,29,1,7,5,10,5,1,24.71
101033,DEPOSIT,6,0,36,1,10,5,11,2,1,10.9
101033,CREDIT_CARD,12,1,17,1,3,2,12,2,0,35.45
101078,INSURANCE,20,1,16,1,6,5,15,3,1,22.06
101033,FIXED_DEP,15,1,11,1,12,4,10,4,1,61.8
101033,ONLINE_SUP,12,1,16,1,5,7,9,2,1,10.64
101033,ACC_OPEN,25,0,18,1,7,7,9,5,1,31.01
101033,ACC_OPEN,25,1,10,1,2,4,11,2,1,11.39
101078,WITHDRAW,5,1,11,1,7,7,14,5,1,5.79
101078,CREDIT_CARD,12,1,5,1,6,5,9,1,1,16.52
101056,CREDIT_CARD,12,1,18,1,6,4,15,5,1,17.3
101078,CUST_SVC,10,1,10,1,3,6,14,2,1,7.36
101012,CUST_SVC,10,1,56,1,17,7,10,1,1,46.61
101012,BIZ_BANK,18,1,4,1,0,4,12,3,0,1.12
101033,CREDIT_CARD,12,1,1,1,13,4,15,3,1,57.02
101056,DEPOSIT,6,0,18,1,8,6,15,1,1,4.5
101056,INSURANCE,20,1,24,1,8,4,14,2,1,49.69
101045,BIZ_BANK,18,0,9,1,9,4,10,1,1,36.83
101045,ATM_CDM,8,1,24,1,5,4,10,5,1,4.5
101012,CUST_SVC,10,1,21,1,5,2,13,5,0,17.79
101045,ATM_CDM,8,1,10,1,2,4,14,3,1,4.33
101045,CREDIT_CARD,12,0,27,1,10,4,14,1,1,32.09
101045,CUST_SVC,10,1,5,1,3,3,16,3,1,7.95
101012,DEPOSIT,6,1,4,1,6,7,9,1,1,7.37
101078,ATM_CDM,8,0,10,0,4,5,11,3,1,8.71
101045,CUST_SVC,10,1,12,1,6,5,15,3,1,13.12
101012,ATM_CDM,8,0,33,1,8,6,9,4,1,14.66
101078,INSURANCE,20,1,6,1,5,5,14,5,1,17.83
101078,BIZ_BANK,18,0,8,1,2,2,12,2,0,11.21
101033,INSURANCE,20,1,8,1,4,6,16,1,1,17.07
101012,ATM_CDM,8,1,41,1,16,6,15,1,1,17.25
101033,REMITTANCE,10,1,9,1,3,5,10,3,1,7.39
101078,DEPOSIT,6,1,8,1,8,4,9,2,1,8.47
101033,ATM_CDM,8,1,24,1,11,5,11,5,1,12.63
101045,DEPOSIT,6,1,12,1,5,7,14,1,1,4.14
101033,ACC_OPEN,25,0,43,1,12,7,9,1,1,40.91
101056,CUST_SVC,10,1,22,1,7,4,12,4,0,22.09
101012,LOAN,30,1,35,1,9,8,14,5,1,24.16
101056,ACC_OPEN,25,0,3,1,5,5,16,1,1,30.91
101033,ATM_CDM,8,1,33,1,9,2,13,3,0,27.95
101033,ACC_OPEN,25,1,9,1,3,7,15,4,1,7.8
101012,BIZ_BANK,18,1,45,1,12,5,16,3,1,23.83
101033,LOAN,30,1,8,1,10,5,11,2,1,78.23
101056,WITHDRAW,5,1,1,1,9,4,9,5,1,14.66
101056,BIZ_BANK,18,1,27,1,7,6,10,4,1,21.8
101012,FIXED_DEP,15,1,59,1,18,7,10,3,1,23.15
101033,DEPOSIT,6,1,32,1,10,7,14,3,1,8.32
101078,ATM_CDM,8,1,3,1,12,6,11,1,1,22.73
101033,INVEST,22,1,24,1,7,6,11,2,1,40.55
101078,INVEST,22,1,10,1,2,4,13,5,0,9.43
101012,BIZ_BANK,18,0,29,1,11,6,11,1,1,19.02
101078,ATM_CDM,8,1,15,1,11,5,14,1,1,11.71
101012,DEPOSIT,6,0,22,1,11,6,10,2,1,9.72
101056,ATM_CDM,8,0,29,1,7,4,12,5,0,12.96
101056,DEPOSIT,6,1,5,1,5,3,13,4,0,8.3
101033,CUST_SVC,10,1,26,1,6,7,11,3,1,3.82
101012,CREDIT_CARD,12,1,19,1,8,5,9,1,1,25.84
101012,ACC_OPEN,25,0,20,1,16,4,10,1,1,90.0
101045,BIZ_BANK,18,1,3,1,6,5,15,1,1,15.25
101045,INSURANCE,20,1,7,1,5,5,9,4,1,18.59
101045,BIZ_BANK,18,1,10,1,1,3,12,2,0,1.37
101078,ONLINE_SUP,12,1,3,1,4,7,15,3,1,11.24
101056,INSURANCE,20,1,17,1,8,5,11,4,1,28.54
101045,REMITTANCE,10,0,11,1,4,6,11,2,1,6.84
101078,CUST_SVC,10,1,1,1,4,4,16,1,1,17.79
101012,ATM_CDM,8,1,13,1,13,7,15,5,1,12.12
101045,REMITTANCE,10,1,12,1,6,6,16,5,1,12.6
101056,DEPOSIT,6,0,17,1,3,7,16,1,1,0.93
101012,CUST_SVC,10,1,18,1,8,5,16,1,1,13.61
101045,CUST_SVC,10,1,29,1,7,3,13,3,0,31.86
101045,CUST_SVC,10,1,22,1,6,7,15,4,1,15.37
101033,ATM_CDM,8,1,18,1,5,4,12,1,0,12.2
101033,DEPOSIT,6,1,1,1,13,5,14,4,1,24.58
101056,CUST_SVC,10,0,11,1,9,5,14,2,1,25.33
101056,DEPOSIT,6,1,13,1,4,4,13,2,0,4.64
101012,LOAN,30,1,19,1,11,4,10,5,1,76.65
101056,DEPOSIT,6,0,8,1,5,7,15,3,1,7.65
101045,ATM_CDM,8,1,20,1,7,5,10,1,1,14.56
101012,LOAN,30,1,39,1,12,5,15,4,1,64.98
101012,FIXED_DEP,15,0,21,1,15,7,15,5,1,33.67
101012,CUST_SVC,10,1,26,1,7,4,11,1,1,23.75
101056,ATM_CDM,8,0,18,1,13,4,15,5,1,18.29
101012,REMITTANCE,10,1,10,1,14,7,16,1,1,21.26
101045,CUST_SVC,10,1,10,1,3,4,10,1,1,9.37
101078,ATM_CDM,8,0,25,0,7,6,11,2,1,10.5
101033,LOAN,30,1,29,1,8,7,10,4,1,15.98
101056,REMITTANCE,10,1,27,1,6,3,13,4,0,12.93
101078,CUST_SVC,10,1,16,1,8,5,14,4,1,11.35
101045,CUST_SVC,10,1,23,1,5,6,10,3,1,7.3
101033,CREDIT_CARD,12,1,19,1,5,3,13,1,0,17.1
101045,CUST_SVC,10,0,35,1,11,4,9,5,1,27.01
101056,LOAN,30,1,22,1,8,5,9,5,1,60.23
101012,FIXED_DEP,15,1,10,1,8,4,12,5,0,22.48
101045,FIXED_DEP,15,0,5,1,2,7,15,2,1,6.22
101045,FIXED_DEP,15,0,30,0,7,3,16,3,1,51.27
101012,ACC_OPEN,25,1,7,1,7,7,9,1,1,28.15
101045,CUST_SVC,10,0,48,1,14,8,11,5,1,18.63
101056,CREDIT_CARD,12,1,6,1,9,6,9,5,1,22.24
101033,BIZ_BANK,18,1,21,1,4,4,14,3,1,26.21
101033,INVEST,22,1,4,1,2,4,16,4,1,18.69
101045,INVEST,22,0,9,1,3,7,14,2,1,10.79
101078,BIZ_BANK,18,1,3,1,13,5,9,4,1,60.44
101078,CUST_SVC,10,1,18,1,6,6,9,3,1,11.91
101045,CUST_SVC,10,1,21,1,5,7,15,1,1,12.08
101045,BIZ_BANK,18,1,17,1,5,5,14,1,1,14.49
101056,INVEST,22,1,1,1,12,4,10,2,1,76.15
101012,CUST_SVC,10,1,29,1,12,7,15,3,1,32.37
101056,BIZ_BANK,18,1,3,1,9,4,10,2,1,40.8
101078,CREDIT_CARD,12,1,8,1,4,4,16,2,1,6.69
101033,ATM_CDM,8,0,17,1,7,5,16,5,1,17.77
101056,INSURANCE,20,1,18,1,7,2,13,5,0,79.61
101056,LOAN,30,1,6,1,5,4,16,4,1,50.92
101033,LOAN,30,0,6,1,4,3,13,1,0,31.92
101012,CREDIT_CARD,12,0,4,1,4,4,15,4,1,7.21
101012,CUST_SVC,10,1,2,1,5,4,12,5,0,14.56
101056,FIXED_DEP,15,1,25,1,6,3,12,2,0,39.31
101078,DEPOSIT,6,1,13,1,3,7,11,3,1,1.68
101056,INSURANCE,20,1,2,1,4,7,16,2,1,10.64
101033,CUST_SVC,10,1,1,1,11,4,11,2,1,34.22
101033,ONLINE_SUP,12,1,42,1,14,7,10,1,1,30.23
101078,INVEST,22,0,5,1,4,4,14,4,1,13.67
101045,INSURANCE,20,0,2,1,3,4,15,3,1,15.29
101056,INSURANCE,20,1,7,1,5,4,14,5,1,17.33
101012,DEPOSIT,6,1,19,1,5,7,11,5,1,3.34
101045,DEPOSIT,6,1,31,1,10,7,9,2,1,14.18
101033,CREDIT_CARD,12,1,21,1,6,2,13,3,0,54.55
101078,CUST_SVC,10,1,51,1,15,4,15,1,1,48.01
101033,DEPOSIT,6,0,25,0,6,7,10,3,1,4.2
101056,ATM_CDM,8,0,2,0,5,4,12,1,0,11.51
101078,ACC_OPEN,25,1,21,1,8,4,15,4,1,47.75
101045,DEPOSIT,6,0,30,1,8,4,11,5,1,9.84
101033,DEPOSIT,6,1,17,1,4,5,14,2,1,7.94
101045,ATM_CDM,8,1,23,1,5,4,9,5,1,10.83
101045,BIZ_BANK,18,1,5,1,3,6,15,1,1,12.71
101045,ATM_CDM,8,1,19,1,6,6,15,1,1,8.46
101056,ACC_OPEN,25,1,21,1,8,3,16,1,1,90.0
101012,WITHDRAW,5,1,30,1,11,6,9,5,1,15.46
101012,CREDIT_CARD,12,1,15,1,9,3,13,1,0,38.94
101012,LOAN,30,1,5,1,7,3,12,1,0,59.14
101012,INSURANCE,20,0,14,1,6,5,15,4,1,21.88
101033,INSURANCE,20,1,31,1,9,5,9,1,1,42.16
101012,ATM_CDM,8,1,41,1,17,6,10,5,1,20.48
101012,CREDIT_CARD,12,0,28,1,8,2,13,1,0,57.65
101033,CUST_SVC,10,1,1,1,6,4,9,2,1,23.87
101078,CREDIT_CARD,12,0,12,1,5,4,13,2,0,5.76
101033,ACC_OPEN,25,1,5,1,7,7,9,4,1,23.75
101033,CUST_SVC,10,1,13,1,11,7,9,1,1,19.59
101056,FIXED_DEP,15,0,16,0,8,3,16,1,1,63.65
101045,DEPOSIT,6,0,6,1,5,5,16,5,1,8.3
101033,CREDIT_CARD,12,1,12,1,8,6,10,2,1,23.97
101045,DEPOSIT,6,0,3,1,3,5,15,3,1,3.0
101012,DEPOSIT,6,1,8,1,8,2,12,3,0,14.48
101033,DEPOSIT,6,0,23,1,8,7,10,4,1,6.67
101078,BIZ_BANK,18,0,18,1,11,5,14,3,1,40.15
101078,DEPOSIT,6,1,2,1,1,6,16,1,1,0.36
101078,CUST_SVC,10,1,5,1,7,4,13,5,0,26.27
101045,WITHDRAW,5,1,7,1,6,4,10,4,1,13.97
101078,CUST_SVC,10,1,23,1,8,2,13,1,0,29.33
101045,FIXED_DEP,15,0,9,1,6,5,15,4,1,18.0
101078,ACC_OPEN,25,1,5,1,4,6,14,4,1,23.2
101078,ATM_CDM,8,0,25,1,6,6,11,4,1,4.53
101033,INSURANCE,20,1,7,1,5,6,14,3,1,20.74
101078,CREDIT_CARD,12,1,13,1,5,4,9,5,1,21.79
101033,BIZ_BANK,18,1,35,1,9,6,11,3,1,22.28
101033,FIXED_DEP,15,0,23,1,9,5,9,1,1,37.14
101056,BIZ_BANK,18,1,5,1,5,6,10,5,1,15.18
101012,CUST_SVC,10,1,27,1,9,7,11,1,1,21.09
101012,CUST_SVC,10,1,35,1,18,7,10,1,1,44.91
101056,BIZ_BANK,18,0,12,1,6,8,14,2,1,12.92
101033,BIZ_BANK,18,1,15,1,16,8,9,1,1,75.02
101078,FIXED_DEP,15,1,16,1,3,4,13,1,0,14.0
101033,ATM_CDM,8,1,21,1,11,5,15,5,1,23.38
101012,CUST_SVC,10,0,38,1,13,7,14,5,1,12.81
101056,ATM_CDM,8,1,5,1,7,5,11,3,1,3.44
101012,FIXED_DEP,15,1,2,1,14,6,14,5,1,49.11
101078,ATM_CDM,8,1,19,1,5,6,11,2,1,8.19
101056,DEPOSIT,6,1,2,1,5,5,14,5,1,7.74
101033,INVEST,22,1,8,1,5,4,14,1,1,33.76
101012,REMITTANCE,10,0,26,1,11,5,14,1,1,18.38
101078,CUST_SVC,10,1,11,1,4,3,12,2,0,17.87
101045,ATM_CDM,8,1,4,1,4,6,14,5,1,8.11
101045,BIZ_BANK,18,0,3,1,15,7,10,5,1,44.9
101033,WITHDRAW,5,0,6,1,1,4,10,2,1,1.41
101012,CREDIT_CARD,12,1,11,1,7,4,16,5,1,19.68
101012,INSURANCE,20,1,14,1,12,6,16,5,1,89.47
101033,CREDIT_CARD,12,1,16,1,4,6,16,3,1,7.67
101033,FIXED_DEP,15,0,20,1,9,5,10,2,1,32.54
101078,ACC_OPEN,25,1,8,1,9,6,9,5,1,37.02
101056,LOAN,30,1,19,1,4,4,13,1,0,30.75
101045,CUST_SVC,10,1,2,1,8,7,9,2,1,10.52
101045,ATM_CDM,8,1,20,1,4,4,16,1,1,7.1
101033,CUST_SVC,10,1,21,1,5,3,13,3,0,20.11
101033,ACC_OPEN,25,1,2,1,5,5,14,4,1,29.98
101033,CUST_SVC,10,1,20,1,5,4,15,3,1,16.49
101012,CREDIT_CARD,12,1,45,1,12,5,9,3,1,53.65
101045,INVEST,22,1,7,1,4,2,13,5,0,47.29
101012,DEPOSIT,6,1,14,1,10,6,9,2,1,13.43
101045,DEPOSIT,6,1,33,1,8,5,15,3,1,14.8
101045,LOAN,30,1,20,1,5,5,14,4,1,34.2
101056,CUST_SVC,10,0,9,1,6,7,10,4,1,8.68
101045,CREDIT_CARD,12,0,3,1,1,4,12,5,0,1.7
101012,LOAN,30,0,17,0,9,4,10,3,1,77.07
101033,INSURANCE,20,1,17,1,4,6,9,4,1,20.29
101056,ONLINE_SUP,12,1,28,1,7,3,12,2,0,20.81
101045,LOAN,30,1,12,1,2,7,9,4,1,8.66
101033,DEPOSIT,6,1,8,1,7,4,10,3,1,15.77
101033,ATM_CDM,8,1,11,1,2,5,9,4,1,1.91
101012,DEPOSIT,6,0,20,0,8,4,16,5,1,11.59
101056,CUST_SVC,10,1,10,1,5,3,13,5,0,15.86
101056,CUST_SVC,10,1,9,1,8,4,16,3,1,30.71
101078,ACC_OPEN,25,1,1,1,4,5,16,3,1,30.8
101056,FIXED_DEP,15,1,45,1,13,4,11,2,1,29.56
101056,INVEST,22,0,9,1,5,2,13,3,0,42.33
101033,INVEST,22,1,15,1,4,7,9,1,1,19.33
101045,CUST_SVC,10,1,5,1,3,7,11,4,1,5.91
101056,DEPOSIT,6,0,13,1,4,4,13,2,0,3.11
101078,CREDIT_CARD,12,0,6,0,4,4,13,2,0,9.03
101078,REMITTANCE,10,0,23,1,6,6,15,4,1,13.36
101012,FIXED_DEP,15,1,24,1,10,5,15,5,1,45.98
101033,INVEST,22,1,8,1,10,4,16,5,1,47.1
101012,LOAN,30,0,21,0,7,6,15,2,1,38.73
101033,BIZ_BANK,18,0,7,1,11,3,16,1,1,66.95
101056,ACC_OPEN,25,1,6,1,6,2,13,1,0,90.0
101056,INVEST,22,1,46,1,15,5,11,1,1,81.17
101033,ATM_CDM,8,0,12,1,6,3,13,1,0,11.98
101045,FIXED_DEP,15,1,25,1,9,6,14,5,1,18.97
101033,ATM_CDM,8,1,27,1,7,4,10,2,1,16.02
101078,CREDIT_CARD,12,0,9,1,7,6,10,3,1,12.56
101033,DEPOSIT,6,1,9,1,2,4,12,4,0,1.22
101012,INVEST,22,0,12,1,12,5,10,5,1,72.88
101045,CUST_SVC,10,1,27,1,11,6,10,5,1,31.36
101033,ATM_CDM,8,0,10,1,7,7,14,5,1,8.07
101012,CUST_SVC,10,0,5,1,4,5,16,5,1,10.42
101078,ATM_CDM,8,1,1,1,5,6,14,5,1,5.35
101033,WITHDRAW,5,1,9,1,11,4,10,4,1,14.1
101012,DEPOSIT,6,0,34,1,12,4,10,4,1,30.24
101033,CUST_SVC,10,1,11,1,3,4,12,2,0,7.91
101056,CREDIT_CARD,12,1,11,1,5,4,14,5,1,15.03
101045,ATM_CDM,8,0,5,1,2,6,10,2,1,1.46
101056,INVEST,22,1,18,1,12,4,11,1,1,70.58
101056,ONLINE_SUP,12,1,25,1,6,3,16,1,1,36.19
101056,CREDIT_CARD,12,1,35,1,11,7,14,2,1,31.26
101056,CREDIT_CARD,12,1,1,1,3,2,13,2,0,11.29
101012,BIZ_BANK,18,1,16,1,9,6,9,2,1,28.48
101078,ONLINE_SUP,12,1,20,1,7,3,16,2,1,40.41
101012,FIXED_DEP,15,1,4,1,10,4,15,4,1,32.64
101033,INSURANCE,20,1,23,1,10,7,16,3,1,35.33
101033,FIXED_DEP,15,1,13,1,5,3,16,1,1,25.29
101056,REMITTANCE,10,1,16,1,10,6,10,3,1,4.56
101012,DEPOSIT,6,1,3,1,6,4,14,4,1,12.8
101056,ATM_CDM,8,0,16,0,6,5,11,3,1,14.01
101033,CREDIT_CARD,12,1,26,1,8,5,11,5,1,30.5
101033,WITHDRAW,5,1,18,1,4,2,12,1,0,6.38
101045,DEPOSIT,6,1,15,1,2,2,13,5,0,4.36
101056,WITHDRAW,5,1,7,1,2,4,16,4,1,3.58
101033,INSURANCE,20,1,14,1,4,4,9,5,1,23.06
101056,CUST_SVC,10,1,21,1,11,4,9,1,1,19.44
101078,ATM_CDM,8,0,7,1,2,7,14,3,1,1.85
101012,INSURANCE,20,1,3,1,7,3,13,3,0,82.97
101078,ATM_CDM,8,1,4,1,6,3,16,1,1,17.82
101045,WITHDRAW,5,1,13,1,6,5,15,4,1,6.79
101033,ATM_CDM,8,1,5,1,5,8,15,5,1,7.45
101078,CREDIT_CARD,12,1,23,1,6,4,15,2,1,26.97
101012,CUST_SVC,10,1,5,1,4,8,15,3,1,4.27
101045,DEPOSIT,6,1,26,1,6,5,9,5,1,8.31
101033,DEPOSIT,6,1,20,1,4,5,14,2,1,5.12
101045,ATM_CDM,8,1,4,1,4,4,12,4,0,9.85
101045,ATM_CDM,8,1,17,1,5,7,14,5,1,2.82
101056,CUST_SVC,10,1,1,1,7,4,15,4,1,12.13
101033,DEPOSIT,6,0,45,1,12,4,10,1,1,14.48
101012,CREDIT_CARD,12,1,12,1,4,6,11,2,1,7.28
101033,INSURANCE,20,1,27,1,6,5,9,5,1,37.25
101045,DEPOSIT,6,1,7,1,3,4,14,1,1,2.91
101012,ACC_OPEN,25,0,38,1,13,5,10,1,1,90.0
101045,INVEST,22,1,11,1,3,3,12,5,0,21.01
101012,CUST_SVC,10,0,36,1,13,4,10,2,1,27.32
101045,FIXED_DEP,15,1,12,1,6,8,14,1,1,11.58
101056,DEPOSIT,6,0,8,1,13,4,15,5,1,25.73
101033,CREDIT_CARD,12,1,21,1,9,6,10,2,1,15.51
101033,ONLINE_SUP,12,1,22,1,7,4,9,2,1,27.25
101012,WITHDRAW,5,1,25,1,9,4,12,2,0,11.44
101056,INSURANCE,20,1,21,1,5,5,15,4,1,17.6
101012,REMITTANCE,10,1,37,1,11,4,15,2,1,36.27
101033,INSURANCE,20,1,17,1,4,6,9,2,1,16.66
101045,ATM_CDM,8,1,21,1,5,6,16,2,1,9.48
101012,CUST_SVC,10,1,23,1,13,6,11,2,1,28.15
101056,DEPOSIT,6,0,22,1,6,5,14,5,1,9.07
101056,ATM_CDM,8,1,8,1,11,5,15,5,1,19.51
101033,DEPOSIT,6,0,34,0,12,6,16,2,1,13.09
101033,ACC_OPEN,25,0,22,1,8,5,14,1,1,45.92
101045,CREDIT_CARD,12,1,3,1,6,6,10,5,1,13.47
101056,DEPOSIT,6,1,16,1,6,6,9,2,1,4.3
101012,CUST_SVC,10,1,26,1,13,5,14,5,1,26.56
101045,BIZ_BANK,18,1,11,1,3,4,12,5,0,16.28
101045,LOAN,30,1,4,1,5,6,15,4,1,18.3
101078,ACC_OPEN,25,1,14,1,3,5,15,4,1,7.97
101056,ONLINE_SUP,12,0,4,0,5,5,16,1,1,11.21
101078,ACC_OPEN,25,0,8,1,3,5,10,1,1,23.09
101078,CUST_SVC,10,1,29,1,12,4,13,3,0,38.13
101045,FIXED_DEP,15,0,13,1,2,7,14,1,1,2.44
101033,ATM_CDM,8,1,29,1,12,4,10,2,1,33.82
101056,BIZ_BANK,18,1,2,1,7,5,15,2,1,27.13
101078,INSURANCE,20,1,22,1,8,6,15,1,1,10.75
101056,BIZ_BANK,18,1,30,1,8,5,9,2,1,21.92
101045,DEPOSIT,6,1,9,1,6,8,14,1,1,2.79
101056,INVEST,22,1,11,1,13,4,10,1,1,45.63
101033,CUST_SVC,10,0,22,1,6,5,11,3,1,8.26
101045,DEPOSIT,6,1,1,1,5,6,15,4,1,6.63
101012,LOAN,30,1,30,1,16,4,10,1,1,90.0
101078,BIZ_BANK,18,0,33,1,12,4,11,1,1,71.0
101033,CUST_SVC,10,1,12,1,3,3,12,4,0,13.23
101012,FIXED_DEP,15,1,38,1,11,7,9,1,1,33.4
101078,CUST_SVC,10,0,19,1,4,5,15,4,1,8.93
101033,ACC_OPEN,25,1,6,1,6,6,9,5,1,44.59
101012,LOAN,30,1,20,1,10,5,14,2,1,87.64
101012,CUST_SVC,10,1,28,1,10,5,11,3,1,18.44
101033,CUST_SVC,10,1,8,1,4,5,9,1,1,6.38
101033,BIZ_BANK,18,1,12,1,3,4,12,1,0,11.62
101078,ONLINE_SUP,12,0,11,1,8,8,11,5,1,7.36
101045,ONLINE_SUP,12,1,2,1,2,2,12,1,0,11.61
101012,CUST_SVC,10,1,19,1,8,4,11,3,1,24.66
101033,INVEST,22,1,3,1,6,6,15,3,1,19.03
101033,ATM_CDM,8,0,22,1,10,5,9,5,1,22.83
101056,CREDIT_CARD,12,0,21,1,8,8,14,5,1,13.25
101045,BIZ_BANK,18,1,3,1,1,6,9,5,1,4.64
101045,ONLINE_SUP,12,1,13,1,4,3,16,4,1,23.65
101078,INSURANCE,20,1,14,1,2,5,14,4,1,10.0
101056,CUST_SVC,10,1,19,1,8,4,15,3,1,26.89
101078,CUST_SVC,10,1,8,1,8,7,9,3,1,11.23
101033,FIXED_DEP,15,1,1,1,3,7,9,5,1,5.33
101056,DEPOSIT,6,1,9,1,10,6,11,5,1,15.16
101033,ATM_CDM,8,1,18,1,4,7,15,3,1,7.2
101045,CUST_SVC,10,1,20,1,13,4,14,2,1,38.92
101045,CREDIT_CARD,12,1,30,1,8,5,11,1,1,22.35
101033,DEPOSIT,6,0,10,1,7,6,11,2,1,3.05
101012,CUST_SVC,10,1,10,1,6,6,14,3,1,10.19
101078,ATM_CDM,8,1,12,1,3,7,9,2,1,5.14
101033,CUST_SVC,10,1,9,1,6,4,16,1,1,17.36
101078,ONLINE_SUP,12,0,5,1,4,3,16,3,1,14.57
101056,ATM_CDM,8,1,28,1,8,4,16,2,1,17.34
101033,ATM_CDM,8,1,20,1,6,6,14,4,1,6.87
101033,DEPOSIT,6,1,29,1,10,6,9,1,1,11.15
101078,ATM_CDM,8,0,18,1,8,7,15,2,1,11.01
101033,ONLINE_SUP,12,0,2,1,3,4,13,4,0,6.09
101033,CUST_SVC,10,1,24,1,6,4,10,2,1,26.7
101078,ONLINE_SUP,12,1,2,1,0,2,13,3,0,0.88
101045,CUST_SVC,10,0,13,1,10,4,10,1,1,27.89
101033,CREDIT_CARD,12,1,15,1,5,4,13,5,0,8.94
101056,ATM_CDM,8,1,24,1,5,4,10,3,1,11.9
101012,ATM_CDM,8,1,16,1,5,3,12,3,0,8.09
101045,FIXED_DEP,15,1,6,1,6,4,13,1,0,21.49
101056,CUST_SVC,10,1,21,1,4,3,12,2,0,15.06
101056,ACC_OPEN,25,1,33,1,8,6,11,3,1,32.97
101078,BIZ_BANK,18,1,8,1,1,2,12,3,0,1.61
101078,DEPOSIT,6,0,2,1,6,3,16,3,1,7.65
101045,CUST_SVC,10,0,4,1,6,7,9,1,1,12.01
101045,DEPOSIT,6,1,10,1,12,4,10,5,1,24.23
101056,WITHDRAW,5,0,2,1,2,7,14,4,1,2.3
101045,DEPOSIT,6,0,44,0,13,4,15,1,1,36.55
101078,ATM_CDM,8,1,37,1,10,8,9,2,1,11.68
101078,DEPOSIT,6,0,8,1,1,6,10,2,1,0.4
101045,FIXED_DEP,15,1,6,1,2,4,13,5,0,9.14
101045,ACC_OPEN,25,1,16,1,8,5,15,3,1,35.18
101056,ACC_OPEN,25,0,1,1,8,4,14,3,1,51.34
101056,DEPOSIT,6,0,38,1,10,5,11,5,1,12.18
101056,CUST_SVC,10,1,10,1,9,5,10,4,1,11.52
101078,LOAN,30,1,20,1,6,7,11,5,1,25.3
101033,ACC_OPEN,25,0,10,1,6,8,15,3,1,24.59
101033,INSURANCE,20,0,19,1,4,4,13,5,0,16.1
101045,ACC_OPEN,25,0,19,1,8,5,15,3,1,50.33
101012,CUST_SVC,10,0,5,0,11,3,16,2,1,36.77
101078,DEPOSIT,6,1,14,1,5,5,14,5,1,4.17
101056,ATM_CDM,8,1,3,1,8,6,10,3,1,9.12
101033,DEPOSIT,6,0,11,0,8,4,16,3,1,13.04
101033,ATM_CDM,8,1,13,1,3,2,12,5,0,17.93
101056,CUST_SVC,10,1,18,1,6,5,16,4,1,19.79
101056,ACC_OPEN,25,1,4,1,1,4,13,2,0,7.37
101056,ATM_CDM,8,1,12,1,7,5,14,2,1,12.15
101056,BIZ_BANK,18,1,4,1,4,5,14,5,1,10.05
101078,CUST_SVC,10,1,3,1,6,7,16,1,1,9.61
101012,FIXED_DEP,15,1,7,1,10,4,16,1,1,35.45
101056,ACC_OPEN,25,1,16,1,3,5,11,4,1,11.17
101078,CUST_SVC,10,0,20,1,9,6,15,5,1,19.95
101056,WITHDRAW,5,0,22,1,6,5,15,5,1,7.25
101012,WITHDRAW,5,1,26,1,6,4,16,3,1,11.28
101012,ACC_OPEN,25,1,3,1,4,4,14,2,1,12.05
101078,DEPOSIT,6,0,13,1,4,7,11,4,1,1.53
101033,ATM_CDM,8,1,20,1,7,4,10,3,1,15.97
101033,INSURANCE,20,0,15,1,5,6,14,4,1,19.12
101012,CUST_SVC,10,0,6,1,6,7,11,5,1,10.12
101033,CUST_SVC,10,1,15,1,4,4,11,2,1,7.88
101012,CREDIT_CARD,12,1,13,1,9,6,10,5,1,16.14
101045,FIXED_DEP,15,0,18,1,8,6,11,2,1,13.13
101033,ACC_OPEN,25,0,18,0,6,4,13,1,0,30.8
101078,ATM_CDM,8,1,23,1,6,3,16,1,1,18.5
101012,LOAN,30,0,4,1,12,6,9,3,1,45.92
101033,FIXED_DEP,15,0,8,1,1,4,12,2,0,1.99
101056,ACC_OPEN,25,0,9,1,1,4,10,4,1,6.38
101045,DEPOSIT,6,1,11,1,3,5,14,2,1,1.66
101012,DEPOSIT,6,0,19,1,8,6,15,2,1,9.0
101045,CUST_SVC,10,1,17,1,4,6,16,3,1,4.78
101045,ATM_CDM,8,1,4,1,4,3,13,1,0,10.98
101056,DEPOSIT,6,0,26,1,6,4,12,2,0,7.38
101033,FIXED_DEP,15,1,31,1,12,4,15,1,1,52.32
101012,CREDIT_CARD,12,0,31,1,9,6,10,2,1,10.85
101012,CUST_SVC,10,1,40,1,11,2,13,2,0,62.99
101033,CREDIT_CARD,12,1,5,1,6,5,10,3,1,27.1
101078,BIZ_BANK,18,1,19,1,4,8,15,2,1,14.75
101012,INSURANCE,20,1,14,1,13,4,15,1,1,80.44
101045,ACC_OPEN,25,1,17,1,3,3,12,3,0,34.7
101056,CUST_SVC,10,1,35,1,12,6,15,3,1,22.65
101078,ATM_CDM,8,1,8,1,3,7,9,5,1,4.75
101033,BIZ_BANK,18,0,1,1,4,6,16,4,1,12.18
101045,CUST_SVC,10,1,8,1,2,4,14,2,1,6.05
101078,ONLINE_SUP,12,1,4,1,1,2,12,1,0,4.1
101056,INSURANCE,20,1,39,1,15,4,10,5,1,64.02
101078,ATM_CDM,8,0,11,1,6,5,9,2,1,9.52
101078,LOAN,30,0,9,1,5,2,13,5,0,83.89
101045,INVEST,22,0,3,1,4,3,12,5,0,22.92
101012,WITHDRAW,5,0,31,1,9,7,10,5,1,7.43
101056,ATM_CDM,8,1,13,1,3,4,13,2,0,7.67
101056,WITHDRAW,5,1,17,1,4,4,11,5,1,7.73
101012,FIXED_DEP,15,0,1,1,7,4,13,3,0,21.03
101033,FIXED_DEP,15,1,10,1,4,4,14,2,1,21.18
101045,INVEST,22,1,16,1,3,4,16,2,1,28.3
101078,ATM_CDM,8,0,2,1,4,6,15,2,1,5.01
101078,CUST_SVC,10,1,11,1,4,4,16,3,1,13.37
101078,ATM_CDM,8,1,1,1,7,5,9,5,1,9.21
101012,DEPOSIT,6,0,14,0,4,4,13,4,0,6.89
101033,INSURANCE,20,1,17,1,4,4,13,2,0,19.14
101012,LOAN,30,1,7,1,5,2,13,3,0,86.28
101045,CUST_SVC,10,1,14,1,6,5,15,3,1,11.25
101012,CREDIT_CARD,12,1,16,1,9,6,16,1,1,10.83
101033,CREDIT_CARD,12,0,11,1,10,7,14,3,1,17.66
101056,ONLINE_SUP,12,1,50,1,15,6,15,1,1,36.77
101045,BIZ_BANK,18,0,15,1,2,7,14,3,1,5.86
101045,INVEST,22,1,4,1,7,4,11,1,1,70.73
101012,REMITTANCE,10,0,14,0,9,6,9,4,1,20.55
101056,ONLINE_SUP,12,1,16,1,9,7,11,5,1,12.96
101056,CUST_SVC,10,1,30,1,10,5,9,5,1,22.52
101078,REMITTANCE,10,0,23,1,11,4,9,5,1,14.57
101078,DEPOSIT,6,1,6,1,5,3,16,2,1,18.18
101033,ATM_CDM,8,0,12,1,5,5,14,2,1,10.77
101078,CUST_SVC,10,0,12,0,2,4,13,5,0,3.15
101078,CUST_SVC,10,1,2,1,3,6,14,5,1,7.01
101012,INVEST,22,1,22,1,10,5,11,1,1,63.22
101056,ACC_OPEN,25,1,11,1,2,3,13,1,0,27.51
101033,ATM_CDM,8,1,10,1,3,6,11,3,1,4.95
101045,ACC_OPEN,25,1,4,1,4,4,15,4,1,36.43
101078,DEPOSIT,6,0,6,1,4,4,12,4,0,3.83
101078,CREDIT_CARD,12,1,5,1,4,5,9,4,1,12.7
101045,ATM_CDM,8,1,7,1,4,8,15,1,1,5.81
101045,CUST_SVC,10,1,20,1,7,5,11,1,1,17.69
101056,BIZ_BANK,18,1,22,1,6,2,13,2,0,74.3
101012,LOAN,30,1,28,1,7,4,16,2,1,46.47
101033,BIZ_BANK,18,0,21,0,5,4,15,4,1,20.17
101045,CUST_SVC,10,1,27,1,10,4,15,5,1,27.1
101012,ONLINE_SUP,12,1,48,1,16,7,10,1,1,55.96
101033,ACC_OPEN,25,1,1,1,3,4,15,2,1,29.7
101033,ACC_OPEN,25,1,5,1,5,4,15,4,1,24.45
101078,ATM_CDM,8,1,10,1,2,3,13,5,0,2.76
101078,INVEST,22,1,4,1,13,6,9,5,1,21.26
101033,CUST_SVC,10,1,16,1,8,4,10,4,1,25.59
101045,CUST_SVC,10,0,29,1,8,8,10,1,1,16.23
101056,DEPOSIT,6,1,8,1,1,4,11,5,1,3.53
101078,ATM_CDM,8,0,4,1,6,6,9,4,1,9.67
101045,REMITTANCE,10,0,6,1,3,7,11,3,1,0.67
101045,DEPOSIT,6,1,21,1,5,4,10,4,1,8.18
101045,CREDIT_CARD,12,1,28,1,7,7,10,2,1,14.73
101045,DEPOSIT,6,1,19,1,5,4,9,5,1,6.87
101033,BIZ_BANK,18,1,1,1,0,5,11,4,1,0.82
101078,FIXED_DEP,15,0,5,0,2,3,12,1,0,7.46
101045,CUST_SVC,10,1,20,1,6,4,13,1,0,17.41
101056,CREDIT_CARD,12,1,23,1,9,4,14,1,1,34.06
101045,ATM_CDM,8,1,3,1,2,2,13,3,0,10.33
101012,ATM_CDM,8,0,49,1,16,8,15,5,1,15.72
101056,CREDIT_CARD,12,0,13,1,9,4,11,2,1,20.7
101056,CUST_SVC,10,1,4,1,3,4,10,3,1,10.78
101033,CUST_SVC,10,1,21,1,7,4,10,4,1,20.3
101078,REMITTANCE,10,1,29,1,8,5,9,5,1,18.53
101012,ATM_CDM,8,1,25,1,7,5,11,1,1,8.59
101033,ONLINE_SUP,12,1,27,1,7,6,9,2,1,16.07
101012,INSURANCE,20,1,13,1,8,7,10,4,1,14.39
101033,ATM_CDM,8,1,9,1,6,4,16,4,1,14.62
101033,REMITTANCE,10,1,23,1,5,6,9,4,1,9.26
101056,ATM_CDM,8,0,12,1,3,5,16,3,1,4.5
101056,DEPOSIT,6,1,10,1,5,4,15,4,1,7.11
101012,WITHDRAW,5,1,31,1,13,5,15,5,1,14.16
101078,FIXED_DEP,15,1,5,1,4,2,13,3,0,36.11
101045,REMITTANCE,10,1,22,1,5,8,10,4,1,6.63
101033,ATM_CDM,8,1,35,1,11,4,14,2,1,19.84
101033,ATM_CDM,8,1,17,1,9,4,14,2,1,13.66
101078,ATM_CDM,8,0,3,1,2,3,13,3,0,3.87
101078,WITHDRAW,5,1,7,1,4,6,11,4,1,3.08
101033,ATM_CDM,8,1,21,1,10,5,9,3,1,22.47
101033,INSURANCE,20,0,19,1,10,5,11,2,1,35.85
101056,REMITTANCE,10,0,8,1,9,5,15,5,1,15.04
101012,DEPOSIT,6,1,31,1,10,7,9,3,1,6.08
101045,INSURANCE,20,1,2,1,2,4,11,4,1,10.77
101056,INSURANCE,20,0,13,1,2,4,12,2,0,9.07
101056,ONLINE_SUP,12,1,10,1,8,4,9,3,1,23.3
101056,CUST_SVC,10,1,6,1,3,6,10,2,1,6.73
101045,ATM_CDM,8,1,21,1,9,7,10,3,1,6.92
101078,DEPOSIT,6,0,5,1,2,2,12,5,0,4.26
101012,ACC_OPEN,25,1,19,1,9,5,15,5,1,42.14
101033,INVEST,22,0,2,1,3,8,15,3,1,3.88
101033,CUST_SVC,10,0,14,1,9,8,14,4,1,9.24
101078,LOAN,30,1,21,1,4,7,16,5,1,12.19
101078,WITHDRAW,5,0,32,1,10,6,15,1,1,7.54
101033,BIZ_BANK,18,1,19,1,6,4,10,4,1,23.68
101045,ACC_OPEN,25,1,28,1,7,4,11,1,1,38.51
101033,FIXED_DEP,15,1,27,1,9,5,15,4,1,43.51
101033,BIZ_BANK,18,1,21,1,5,6,15,4,1,12.66
101033,CUST_SVC,10,1,14,1,6,5,11,1,1,12.82
101012,WITHDRAW,5,1,31,1,11,4,11,5,1,16.65
101012,INVEST,22,0,5,1,5,7,10,1,1,27.79
101045,INSURANCE,20,1,1,1,2,5,14,5,1,8.98
101078,WITHDRAW,5,1,5,1,2,8,10,4,1,0.0
101033,BIZ_BANK,18,1,12,1,4,3,12,2,0,21.64
101012,CREDIT_CARD,12,1,18,1,7,6,14,4,1,18.26
101056,DEPOSIT,6,0,14,1,4,7,14,3,1,2.76
101012,ATM_CDM,8,1,18,1,10,7,9,2,1,17.91
101045,DEPOSIT,6,1,11,1,3,2,13,2,0,10.04
101033,INVEST,22,1,16,1,13,5,10,1,1,90.0
101045,ACC_OPEN,25,1,25,1,11,6,15,5,1,41.9
101078,WITHDRAW,5,1,17,1,6,3,13,5,0,10.07
101056,CUST_SVC,10,1,11,1,5,4,10,4,1,14.32
101033,CUST_SVC,10,1,7,1,4,5,16,5,1,10.32
101078,DEPOSIT,6,1,17,1,8,8,10,3,1,6.33
101012,ATM_CDM,8,1,8,1,9,4,16,1,1,27.82
101078,DEPOSIT,6,1,5,1,5,3,16,5,1,8.68
101045,ACC_OPEN,25,0,16,1,3,3,13,1,0,25.49
101033,DEPOSIT,6,1,40,1,12,5,10,1,1,20.59
101033,ATM_CDM,8,1,3,1,6,4,11,4,1,16.19
101045,ACC_OPEN,25,1,19,1,9,4,9,4,1,54.91
101012,BIZ_BANK,18,0,23,1,10,4,14,3,1,29.17
101012,REMITTANCE,10,0,24,1,7,5,10,2,1,15.19
101045,CUST_SVC,10,1,21,1,7,4,11,5,1,24.57
101033,CREDIT_CARD,12,1,8,1,6,5,16,1,1,8.5
101078,INSURANCE,20,1,5,1,8,5,9,1,1,25.43
101033,DEPOSIT,6,1,9,1,5,4,10,5,1,9.84
101078,CUST_SVC,10,0,14,1,7,6,10,5,1,15.05
101056,LOAN,30,1,24,1,10,7,14,5,1,43.45
101078,DEPOSIT,6,0,20,1,4,3,12,2,0,6.2
101012,REMITTANCE,10,1,16,1,6,6,15,3,1,12.11
101078,INVEST,22,0,12,1,4,3,12,4,0,11.8
101045,CREDIT_CARD,12,0,11,1,4,4,11,4,1,10.87
101078,DEPOSIT,6,1,9,1,5,3,12,4,0,10.78
101056,CUST_SVC,10,1,42,1,11,7,9,3,1,13.23
101012,DEPOSIT,6,1,18,1,8,8,14,3,1,6.36
101012,REMITTANCE,10,0,4,1,5,6,11,1,1,6.28
101033,ONLINE_SUP,12,0,8,1,8,7,14,5,1,16.44
101078,BIZ_BANK,18,1,19,1,5,4,13,1,0,22.11
101012,INVEST,22,0,15,1,11,5,10,5,1,54.23
101045,CUST_SVC,10,1,5,1,4,4,15,3,1,7.9
101033,INSURANCE,20,1,6,1,6,4,16,4,1,18.67
101012,ATM_CDM,8,0,14,0,5,5,14,2,1,10.9
101033,REMITTANCE,10,1,14,1,6,4,13,3,0,16.04
101078,ACC_OPEN,25,1,24,1,7,4,13,2,0,73.39
101056,ATM_CDM,8,1,18,1,8,8,10,5,1,10.63
101045,FIXED_DEP,15,1,16,1,6,6,11,4,1,14.9
101056,ATM_CDM,8,1,7,1,7,5,10,3,1,12.22
101045,ATM_CDM,8,1,5,1,6,6,9,4,1,13.0
101012,REMITTANCE,10,1,10,1,9,6,14,2,1,16.3
101056,ATM_CDM,8,0,3,1,6,6,10,4,1,7.17
101045,ATM_CDM,8,0,10,1,3,4,13,3,0,4.82
101045,FIXED_DEP,15,0,22,1,5,7,14,2,1,10.76
101078,ATM_CDM,8,1,10,1,6,4,13,5,0,9.2
101033,CUST_SVC,10,1,3,1,4,5,15,1,1,7.85
101056,INSURANCE,20,0,32,1,8,5,11,3,1,27.99
101056,BIZ_BANK,18,1,12,1,5,5,11,2,1,25.82
101078,CUST_SVC,10,1,29,1,9,4,10,1,1,24.66
101045,ATM_CDM,8,1,13,1,5,7,11,3,1,6.56
101078,CREDIT_CARD,12,0,16,1,5,6,9,5,1,13.11
101033,INVEST,22,1,19,1,6,5,9,1,1,42.71
101012,DEPOSIT,6,1,1,1,9,5,15,2,1,10.65
101056,ATM_CDM,8,1,14,1,6,6,9,3,1,6.71
101056,ONLINE_SUP,12,1,16,1,7,5,9,5,1,23.66
101056,DEPOSIT,6,0,25,1,6,6,10,3,1,4.34
101012,INVEST,22,0,21,1,7,4,12,5,0,24.74
101033,CUST_SVC,10,0,11,1,2,7,14,2,1,2.38
101033,CUST_SVC,10,1,22,1,9,4,16,4,1,31.57
101033,CREDIT_CARD,12,0,4,1,1,6,16,5,1,1.81
101078,INVEST,22,1,13,1,12,5,14,1,1,69.12
101012,INSURANCE,20,1,25,1,11,4,10,1,1,42.29
101078,ATM_CDM,8,1,4,1,6,4,12,3,0,12.75
101033,CREDIT_CARD,12,0,24,1,6,5,11,5,1,12.32
101045,CREDIT_CARD,12,1,13,1,8,3,16,1,1,55.7
101056,CUST_SVC,10,1,3,1,2,5,14,2,1,4.08
101045,DEPOSIT,6,1,10,1,6,6,11,2,1,6.16
101078,ATM_CDM,8,0,10,1,5,2,13,1,0,15.66
101012,CREDIT_CARD,12,1,19,1,5,3,16,4,1,25.24
101078,BIZ_BANK,18,0,12,0,8,4,11,3,1,25.53
101012,WITHDRAW,5,1,23,1,7,5,10,4,1,8.82
101078,ATM_CDM,8,0,30,0,10,3,13,1,0,15.91
101078,ACC_OPEN,25,0,13,1,5,2,12,4,0,55.06
101033,INVEST,22,1,12,1,3,4,12,4,0,22.53
101045,BIZ_BANK,18,1,17,1,3,8,9,1,1,10.77
101012,DEPOSIT,6,1,37,1,11,6,14,1,1,10.22
101056,ACC_OPEN,25,0,29,1,7,4,9,3,1,21.06
101078,CUST_SVC,10,0,19,0,6,7,10,5,1,4.92
101056,CUST_SVC,10,0,9,0,9,5,10,3,1,15.75
101045,CUST_SVC,10,1,17,1,7,5,11,1,1,12.41
101078,BIZ_BANK,18,1,19,1,11,5,10,1,1,59.97
101045,ATM_CDM,8,1,7,1,4,5,16,4,1,8.05
101056,ATM_CDM,8,1,35,1,14,6,15,1,1,27.84
101078,DEPOSIT,6,0,10,1,7,3,13,2,0,2.73
101012,ATM_CDM,8,1,18,1,5,2,13,5,0,31.2
101033,FIXED_DEP,15,1,18,1,8,8,9,4,1,8.23
101056,CUST_SVC,10,1,17,1,4,4,16,1,1,8.98
101078,BIZ_BANK,18,1,18,1,4,6,9,1,1,9.78
101078,ACC_OPEN,25,1,8,1,1,2,13,4,0,19.24
101078,CUST_SVC,10,1,5,1,0,2,12,4,0,1.91
101033,CUST_SVC,10,1,6,1,5,4,13,2,0,13.15
101078,CREDIT_CARD,12,1,16,1,7,5,16,5,1,17.93
101078,INSURANCE,20,1,19,1,8,4,15,1,1,25.36
101012,DEPOSIT,6,1,25,1,7,5,11,3,1,7.75
101045,CREDIT_CARD,12,0,12,1,1,3,13,5,0,2.37
101078,CREDIT_CARD,12,1,4,1,7,3,13,5,0,26.46
101078,REMITTANCE,10,0,8,1,1,7,11,3,1,1.57
101045,DEPOSIT,6,1,7,1,3,3,16,1,1,8.81
101056,ACC_OPEN,25,0,10,1,6,7,10,3,1,11.36
101056,INSURANCE,20,1,23,1,7,5,14,4,1,49.56
101012,ATM_CDM,8,1,37,1,13,7,14,1,1,21.4
101078,ATM_CDM,8,0,2,1,5,5,10,4,1,12.14
101012,CUST_SVC,10,1,28,1,10,5,10,2,1,27.49
101056,BIZ_BANK,18,0,28,0,8,6,15,1,1,17.51
101045,CREDIT_CARD,12,0,15,0,5,6,15,4,1,12.84
101033,CUST_SVC,10,0,7,1,2,4,12,4,0,6.3
101078,ATM_CDM,8,1,21,1,8,4,14,5,1,12.64
101078,CREDIT_CARD,12,0,11,1,3,7,11,4,1,5.4
101045,DEPOSIT,6,0,2,1,3,5,16,2,1,2.96
101056,ONLINE_SUP,12,1,16,1,8,4,13,5,0,31.18
101056,FIXED_DEP,15,1,4,1,1,2,13,2,0,8.69
101056,CREDIT_CARD,12,0,9,1,15,5,10,3,1,47.01
101045,ACC_OPEN,25,0,21,1,4,4,14,4,1,41.07
101045,ATM_CDM,8,1,19,1,5,5,11,3,1,12.26
101078,BIZ_BANK,18,1,16,1,6,4,12,1,0,31.32
101012,CREDIT_CARD,12,1,22,1,6,6,11,3,1,11.4
101012,CREDIT_CARD,12,0,1,1,5,2,13,5,0,13.18
101012,CREDIT_CARD,12,0,16,1,7,3,13,2,0,24.54
101056,BIZ_BANK,18,1,23,1,9,5,10,1,1,50.14
101012,WITHDRAW,5,1,11,1,7,4,16,1,1,6.57
101056,DEPOSIT,6,1,24,1,10,5,10,2,1,16.76
101012,ONLINE_SUP,12,1,4,1,5,4,13,5,0,18.36
101033,ATM_CDM,8,0,22,1,5,7,10,4,1,4.65
101078,DEPOSIT,6,1,6,1,2,8,10,1,1,3.84
101012,ACC_OPEN,25,0,28,1,7,4,13,5,0,41.1
101033,FIXED_DEP,15,1,5,1,1,4,12,3,0,4.31
101033,CREDIT_CARD,12,1,14,1,8,4,15,4,1,27.25
101033,BIZ_BANK,18,0,16,0,7,3,16,1,1,31.75
101078,ATM_CDM,8,1,6,1,7,7,11,5,1,10.18
101078,INSURANCE,20,0,2,0,5,6,9,5,1,11.98
101033,REMITTANCE,10,1,26,1,11,6,11,5,1,18.64
101033,DEPOSIT,6,1,15,1,4,6,14,3,1,2.56
101033,CUST_SVC,10,0,14,1,7,5,14,2,1,14.05
101056,CUST_SVC,10,1,13,1,10,6,15,2,1,24.11
101012,INSURANCE,20,1,14,1,5,4,12,4,0,20.26
101012,DEPOSIT,6,1,15,1,13,7,14,1,1,15.57
101078,DEPOSIT,6,0,23,0,6,6,14,1,1,9.11
101045,INSURANCE,20,0,20,1,6,3,12,4,0,49.08
101033,REMITTANCE,10,1,31,1,8,5,15,5,1,22.12
101078,ATM_CDM,8,1,24,1,5,8,15,4,1,5.36
101012,ATM_CDM,8,1,15,1,5,3,12,3,0,9.97
101056,CUST_SVC,10,1,15,1,4,7,9,2,1,3.44
101033,FIXED_DEP,15,0,17,1,11,4,14,4,1,43.9
101012,CREDIT_CARD,12,0,31,1,8,6,10,1,1,17.72
101033,ONLINE_SUP,12,0,2,1,5,7,9,4,1,7.68
101078,ATM_CDM,8,1,5,1,2,7,10,3,1,1.03
101045,INSURANCE,20,1,2,1,4,6,15,2,1,6.16
101045,CREDIT_CARD,12,1,16,1,3,4,12,1,0,10.38
101012,DEPOSIT,6,0,39,1,10,7,14,4,1,9.46
101056,WITHDRAW,5,0,22,1,9,6,9,1,1,8.57
101056,INSURANCE,20,1,4,1,7,4,15,4,1,61.77
101045,ATM_CDM,8,0,1,1,7,7,11,3,1,7.96
101056,DEPOSIT,6,0,9,1,5,4,11,3,1,7.48
101078,REMITTANCE,10,1,15,1,3,2,13,1,0,15.01
101045,DEPOSIT,6,1,11,1,7,5,15,2,1,12.84
101033,ATM_CDM,8,1,17,1,5,5,9,1,1,6.22
101056,CREDIT_CARD,12,1,12,1,9,6,9,4,1,26.95
101056,BIZ_BANK,18,1,12,1,8,2,12,4,0,73.1
101033,CREDIT_CARD,12,0,12,1,2,4,11,5,1,6.84
101045,DEPOSIT,6,1,21,1,7,6,16,1,1,6.53
101012,DEPOSIT,6,0,25,0,11,5,9,5,1,12.56
101033,ATM_CDM,8,0,8,1,5,3,13,1,0,15.71
101056,CUST_SVC,10,0,7,1,3,4,9,3,1,4.68
101056,DEPOSIT,6,0,16,1,5,3,16,1,1,12.11
101056,ATM_CDM,8,0,19,1,7,6,10,3,1,8.13
101045,INSURANCE,20,1,23,1,7,5,11,2,1,24.06
101012,CUST_SVC,10,1,16,1,4,2,13,3,0,15.51
101012,BIZ_BANK,18,1,17,1,4,4,11,4,1,25.43
101056,INSURANCE,20,1,10,1,7,5,16,3,1,24.85
101033,CUST_SVC,10,0,1,1,9,3,16,3,1,34.2
101056,DEPOSIT,6,0,12,1,6,8,11,2,1,2.44
101078,LOAN,30,1,13,1,8,4,12,3,0,28.75
101056,ATM_CDM,8,0,9,0,0,4,9,4,1,0.94
101012,ONLINE_SUP,12,1,23,1,12,6,10,1,1,39.08
101045,ACC_OPEN,25,0,16,1,7,5,9,2,1,33.89
101012,ATM_CDM,8,0,7,1,9,5,15,3,1,9.8
101033,CUST_SVC,10,1,17,1,4,5,15,5,1,9.38
101056,INSURANCE,20,1,5,1,7,8,15,3,1,16.76
101056,INVEST,22,1,11,1,1,7,14,3,1,3.39
101012,ACC_OPEN,25,1,7,1,6,2,13,5,0,28.49
101078,INVEST,22,1,11,1,2,5,16,4,1,13.44
101078,REMITTANCE,10,0,5,1,3,6,16,4,1,1.17
101033,REMITTANCE,10,0,10,1,7,5,11,2,1,13.72
101056,CUST_SVC,10,1,19,1,4,6,10,2,1,10.96
101033,ONLINE_SUP,12,1,7,1,5,3,16,2,1,20.33
101078,FIXED_DEP,15,1,24,1,10,3,16,5,1,53.55
101078,ATM_CDM,8,1,1,1,7,8,14,5,1,6.23
101012,INSURANCE,20,0,22,1,9,6,14,1,1,38.1
101078,REMITTANCE,10,1,1,1,4,2,12,2,0,17.05
101045,BIZ_BANK,18,1,14,1,4,5,14,5,1,18.41
101078,REMITTANCE,10,1,6,1,4,4,13,2,0,11.89
101045,CREDIT_CARD,12,1,10,1,9,7,15,4,1,13.42
101056,BIZ_BANK,18,1,43,1,13,5,15,1,1,44.43
101012,WITHDRAW,5,1,10,1,14,5,10,5,1,9.75
101045,DEPOSIT,6,1,2,1,2,6,11,3,1,4.85
101033,CUST_SVC,10,1,29,1,7,5,16,1,1,14.06
101056,ATM_CDM,8,1,13,1,7,5,14,4,1,9.86
101045,CUST_SVC,10,1,59,1,17,5,10,1,1,66.91
101078,CREDIT_CARD,12,0,14,1,7,3,13,1,0,23.23
101045,ACC_OPEN,25,1,22,1,7,4,9,4,1,41.82
101033,INSURANCE,20,1,6,1,3,5,15,3,1,13.8
101056,ONLINE_SUP,12,0,33,1,14,6,11,3,1,29.1
101012,INSURANCE,20,1,12,1,10,4,15,1,1,72.6
101078,ACC_OPEN,25,0,6,1,4,5,10,4,1,13.64
101012,ATM_CDM,8,1,10,1,5,6,10,4,1,7.73
101056,ACC_OPEN,25,1,9,1,8,6,11,5,1,54.06
101045,ACC_OPEN,25,1,19,1,4,2,12,4,0,74.36
101033,ATM_CDM,8,0,6,1,5,4,14,1,1,7.63
101012,CUST_SVC,10,1,22,1,9,7,11,5,1,16.22
101012,BIZ_BANK,18,1,5,1,4,3,13,3,0,22.6
101045,CREDIT_CARD,12,1,11,1,6,6,16,2,1,14.24
101033,ACC_OPEN,25,1,5,1,0,4,9,4,1,1.02
101033,ATM_CDM,8,1,33,1,11,7,10,1,1,14.78
101033,LOAN,30,1,2,1,2,4,11,4,1,15.51
101056,DEPOSIT,6,0,6,1,3,4,15,3,1,6.21
101012,ATM_CDM,8,1,45,1,12,5,11,5,1,26.27
101045,DEPOSIT,6,1,14,1,8,4,10,5,1,10.94
101056,ONLINE_SUP,12,1,20,1,5,4,14,3,1,9.95
101056,ONLINE_SUP,12,0,12,1,8,4,16,3,1,34.89
101078,BIZ_BANK,18,0,13,0,5,6,9,4,1,15.74
101012,DEPOSIT,6,1,14,1,2,5,15,3,1,5.37
101012,CUST_SVC,10,1,9,1,6,4,14,3,1,22.79
101012,BIZ_BANK,18,0,11,0,7,5,9,2,1,24.15
101078,CUST_SVC,10,1,27,1,7,5,9,3,1,18.37
101033,LOAN,30,1,24,1,5,7,9,5,1,16.03
101033,FIXED_DEP,15,0,24,1,6,5,14,1,1,24.84
101078,INSURANCE,20,1,5,1,5,4,14,2,1,28.23
101012,REMITTANCE,10,1,20,1,10,6,10,3,1,19.61
101056,CUST_SVC,10,1,18,1,5,7,15,2,1,3.11
101078,DEPOSIT,6,0,23,1,7,5,10,2,1,5.05
101045,ATM_CDM,8,0,24,1,7,4,16,5,1,13.53
101078,LOAN,30,1,3,1,7,6,15,2,1,25.75
101033,BIZ_BANK,18,0,17,1,7,4,13,5,0,17.02
101045,CUST_SVC,10,1,10,1,5,3,16,3,1,26.84
101056,FIXED_DEP,15,1,5,1,8,6,14,4,1,25.87
101033,BIZ_BANK,18,1,6,1,3,3,16,5,1,26.19
101033,CUST_SVC,10,1,9,1,2,4,12,3,0,2.67
101012,CREDIT_CARD,12,0,8,1,4,6,11,4,1,9.81
101012,INVEST,22,1,13,1,2,2,13,2,0,17.11
101012,ACC_OPEN,25,1,21,1,6,7,11,5,1,10.52
101045,INSURANCE,20,0,13,1,7,5,11,1,1,34.14
101045,DEPOSIT,6,0,24,1,6,8,15,5,1,3.3
101012,ATM_CDM,8,1,24,1,6,5,14,1,1,11.48
101033,DEPOSIT,6,0,9,1,3,7,16,4,1,2.1
101033,ACC_OPEN,25,1,4,1,9,8,10,5,1,25.83
101078,ACC_OPEN,25,1,10,1,8,6,15,4,1,41.43
101056,INSURANCE,20,1,16,1,6,4,16,1,1,26.54
101045,FIXED_DEP,15,1,22,1,6,5,9,5,1,17.3
101078,LOAN,30,0,9,1,3,6,10,5,1,12.57
101045,DEPOSIT,6,1,8,1,8,6,11,1,1,10.95
101012,CREDIT_CARD,12,1,11,1,8,4,11,3,1,39.32
101078,CUST_SVC,10,1,3,1,7,5,9,1,1,27.62
101056,ACC_OPEN,25,1,17,1,7,5,9,5,1,40.1
101045,LOAN,30,0,1,1,3,4,12,2,0,14.87
101056,LOAN,30,0,37,0,11,5,9,1,1,54.39
101012,INVEST,22,1,20,1,6,3,12,1,0,44.68
101056,ACC_OPEN,25,1,26,1,10,5,11,1,1,79.18
101056,ATM_CDM,8,1,14,1,2,8,9,2,1,2.16
101078,ATM_CDM,8,0,12,1,5,6,16,1,1,5.93
101078,ONLINE_SUP,12,1,16,1,8,5,9,2,1,34.46
101012,ATM_CDM,8,1,18,1,8,7,11,5,1,16.34
101033,CUST_SVC,10,0,4,1,8,4,10,3,1,26.23
101012,BIZ_BANK,18,0,3,1,6,6,9,2,1,16.59
101078,CUST_SVC,10,1,29,1,7,6,10,2,1,9.25
101045,ATM_CDM,8,0,6,1,2,3,13,2,0,6.22
101078,CUST_SVC,10,1,32,1,8,5,9,2,1,11.62
101012,ATM_CDM,8,1,40,1,12,5,10,1,1,13.51
101056,CUST_SVC,10,1,15,1,9,5,14,5,1,20.12
101056,ACC_OPEN,25,0,13,1,8,5,10,3,1,32.78
101012,INVEST,22,0,13,1,3,3,12,5,0,26.51
101012,ATM_CDM,8,1,9,1,5,7,14,2,1,8.41
101033,BIZ_BANK,18,0,14,0,9,5,14,1,1,33.29
101056,ATM_CDM,8,1,24,1,6,4,11,1,1,11.39
101033,ACC_OPEN,25,1,10,1,12,4,10,5,1,62.28
101033,ATM_CDM,8,0,13,1,3,2,13,5,0,11.61
101033,ATM_CDM,8,1,18,1,5,8,9,2,1,5.74
101056,WITHDRAW,5,1,7,1,6,7,10,1,1,5.63
101078,FIXED_DEP,15,0,1,1,8,4,9,1,1,13.63
101033,REMITTANCE,10,1,15,1,3,2,13,1,0,13.56
101056,INSURANCE,20,0,2,1,9,4,13,1,0,52.54
101033,BIZ_BANK,18,0,12,1,2,6,9,3,1,2.12
101033,DEPOSIT,6,1,16,1,4,8,11,4,1,3.78
101078,INVEST,22,0,3,1,2,6,11,4,1,9.59
101056,INVEST,22,1,28,1,10,4,10,2,1,57.94
101012,ATM_CDM,8,1,2,1,14,7,15,1,1,13.25
101033,FIXED_DEP,15,1,11,1,4,4,16,4,1,14.16
101012,ONLINE_SUP,12,0,31,1,9,6,9,4,1,22.86
101033,CUST_SVC,10,1,6,1,11,6,9,1,1,11.83
101033,CREDIT_CARD,12,1,15,1,8,8,15,1,1,14.69
101078,LOAN,30,1,16,1,6,7,15,2,1,49.3
101033,BIZ_BANK,18,1,12,1,7,6,15,1,1,21.33
101056,ATM_CDM,8,0,4,1,4,4,14,3,1,9.54
101012,CUST_SVC,10,1,6,1,9,5,16,1,1,27.45
101012,BIZ_BANK,18,1,20,1,8,7,14,3,1,16.25
101012,INVEST,22,0,39,1,13,4,15,5,1,74.95
101033,CREDIT_CARD,12,1,17,1,10,6,9,1,1,23.29
101033,REMITTANCE,10,0,24,1,5,2,13,5,0,16.8
101045,INSURANCE,20,1,7,1,6,7,11,1,1,8.37
101033,CUST_SVC,10,1,21,1,6,6,14,1,1,16.41
101056,CUST_SVC,10,1,29,1,15,4,10,3,1,37.32
101045,DEPOSIT,6,1,25,1,9,8,15,2,1,5.56
101033,ATM_CDM,8,1,10,1,5,5,15,1,1,10.21
101012,CUST_SVC,10,1,8,1,8,4,10,5,1,20.42
101033,ONLINE_SUP,12,1,21,1,9,7,14,4,1,13.89
101056,CREDIT_CARD,12,0,6,1,3,4,9,5,1,9.54
101056,ACC_OPEN,25,0,27,1,9,4,15,3,1,54.37
101033,ACC_OPEN,25,1,2,1,0,3,13,2,0,1.63
101033,ATM_CDM,8,1,10,1,6,4,10,5,1,21.23
101033,DEPOSIT,6,1,17,1,6,8,9,1,1,5.15
101012,DEPOSIT,6,1,4,1,13,6,10,3,1,15.96
101033,ATM_CDM,8,1,23,1,12,5,10,5,1,13.62
101012,ATM_CDM,8,1,29,1,8,2,12,4,0,32.69
101078,CUST_SVC,10,1,3,1,1,4,16,4,1,3.42
101033,BIZ_BANK,18,1,26,1,9,5,16,3,1,44.03
101078,ATM_CDM,8,0,3,1,7,6,14,2,1,11.47
101045,REMITTANCE,10,1,11,1,5,5,16,2,1,13.3
101033,DEPOSIT,6,0,26,0,15,4,10,1,1,56.57
101078,CUST_SVC,10,0,15,1,3,4,13,3,0,5.18
101033,CREDIT_CARD,12,1,15,1,2,2,12,3,0,4.9
101012,DEPOSIT,6,0,35,1,11,5,15,5,1,17.46
101045,DEPOSIT,6,1,18,1,6,5,15,2,1,11.33
101045,CUST_SVC,10,0,2,1,7,5,11,5,1,8.55
101078,ONLINE_SUP,12,1,7,1,2,5,14,4,1,4.45
101078,BIZ_BANK,18,1,15,1,8,4,13,5,0,24.43
101012,ATM_CDM,8,1,55,1,16,4,15,5,1,36.4
101012,ATM_CDM,8,1,33,1,11,8,15,3,1,13.18
101033,ATM_CDM,8,0,11,1,8,4,11,1,1,11.04
101056,DEPOSIT,6,1,30,1,14,7,9,2,1,16.51
101033,INSURANCE,20,0,7,1,11,4,10,5,1,73.24
101012,INVEST,22,0,18,1,11,4,15,2,1,24.13
101045,DEPOSIT,6,1,26,1,7,4,9,5,1,14.97
101012,CUST_SVC,10,0,3,1,6,3,16,2,1,28.4
101045,DEPOSIT,6,1,17,1,6,7,9,4,1,6.89
101033,ATM_CDM,8,0,16,1,6,7,9,2,1,6.95
101056,WITHDRAW,5,0,30,1,10,8,11,1,1,4.78
101056,LOAN,30,1,24,1,7,3,16,2,1,69.56
101033,ACC_OPEN,25,1,15,1,3,3,16,2,1,22.7
101056,BIZ_BANK,18,1,8,1,8,4,14,1,1,22.9
101056,CUST_SVC,10,1,19,1,4,4,13,5,0,7.7
101056,CREDIT_CARD,12,0,10,1,3,4,13,5,0,8.45
101078,BIZ_BANK,18,1,20,1,5,8,14,5,1,17.3
101045,ATM_CDM,8,0,24,1,6,7,15,5,1,2.28
101012,CREDIT_CARD,12,0,5,1,8,6,9,1,1,14.92
101033,DEPOSIT,6,1,23,1,5,4,10,4,1,8.67
101033,REMITTANCE,10,1,8,1,1,4,13,1,0,3.33
101056,DEPOSIT,6,0,30,1,9,4,13,1,0,13.56
101056,FIXED_DEP,15,1,11,1,12,4,9,1,1,59.27
101033,CREDIT_CARD,12,0,12,0,3,2,13,2,0,21.91
101078,FIXED_DEP,15,1,12,1,7,7,9,5,1,15.89
101033,ATM_CDM,8,0,56,1,17,5,10,5,1,17.1
101033,BIZ_BANK,18,1,27,1,8,6,16,5,1,29.61
101045,DEPOSIT,6,1,29,1,8,6,10,1,1,17.09
101033,DEPOSIT,6,0,3,1,5,5,15,2,1,5.69
101078,INSURANCE,20,1,16,1,5,6,16,3,1,20.94
101012,CUST_SVC,10,1,13,1,2,2,13,4,0,13.06
101033,CREDIT_CARD,12,0,23,1,7,6,11,3,1,14.25
101056,DEPOSIT,6,1,11,1,6,4,9,2,1,8.63
101033,CREDIT_CARD,12,1,8,1,8,3,16,3,1,31.84
101033,CREDIT_CARD,12,0,15,1,7,3,16,2,1,32.44
101045,ATM_CDM,8,1,11,1,2,4,13,2,0,3.04
101045,ATM_CDM,8,1,32,1,9,6,9,1,1,19.75
101045,CREDIT_CARD,12,0,4,1,3,6,9,4,1,3.83
101033,CUST_SVC,10,0,3,0,2,2,12,3,0,8.17
101033,INSURANCE,20,1,13,1,4,7,14,2,1,8.22
101056,DEPOSIT,6,0,3,1,3,4,14,4,1,5.93
101033,INVEST,22,0,5,1,8,6,16,5,1,24.09
101078,FIXED_DEP,15,1,14,1,5,6,11,1,1,11.61
101056,DEPOSIT,6,1,32,1,8,3,12,5,0,16.59
101056,ONLINE_SUP,12,1,19,1,9,5,9,4,1,16.51
101078,INVEST,22,0,17,1,3,2,13,2,0,42.46
101078,ONLINE_SUP,12,1,4,1,7,4,10,1,1,28.28
101078,ATM_CDM,8,1,24,1,7,5,16,1,1,8.52
101078,CUST_SVC,10,1,24,1,5,6,15,1,1,8.62
101078,CUST_SVC,10,0,10,1,1,3,16,4,1,1.91
101078,INSURANCE,20,0,16,1,12,4,14,5,1,62.55
101012,CREDIT_CARD,12,1,35,1,9,6,11,2,1,21.62
101033,INVEST,22,1,6,1,3,4,13,5,0,22.49
101012,ACC_OPEN,25,1,46,1,13,6,15,4,1,81.87
101078,DEPOSIT,6,1,9,1,9,6,10,1,1,16.3
101033,CUST_SVC,10,0,15,1,7,5,10,5,1,20.93
101078,CUST_SVC,10,1,14,1,4,4,16,2,1,9.97
101033,CREDIT_CARD,12,1,24,1,5,4,13,2,0,21.83
101078,CREDIT_CARD,12,1,25,1,11,7,14,5,1,21.64
101033,CREDIT_CARD,12,0,19,1,11,6,15,1,1,28.9
101033,CUST_SVC,10,1,16,1,7,4,12,1,0,15.87
101078,ACC_OPEN,25,1,4,1,1,3,13,2,0,8.54
101012,WITHDRAW,5,1,16,1,6,6,15,2,1,6.4
101078,ATM_CDM,8,1,4,1,10,6,10,1,1,19.95
101012,REMITTANCE,10,1,15,1,5,2,13,4,0,40.71
101045,ATM_CDM,8,1,17,1,7,5,15,1,1,22.07
101056,CUST_SVC,10,1,24,1,7,5,9,4,1,22.76
101056,INVEST,22,0,4,1,5,4,13,5,0,33.78
101056,LOAN,30,0,37,1,11,7,14,2,1,38.34
101056,BIZ_BANK,18,1,6,1,7,5,14,4,1,24.49
101078,DEPOSIT,6,1,11,1,8,3,13,1,0,8.33
101012,CUST_SVC,10,0,8,1,9,7,14,1,1,10.33
101033,FIXED_DEP,15,1,8,1,5,4,13,5,0,15.61
101078,ACC_OPEN,25,0,12,0,5,7,11,4,1,27.42
101033,CREDIT_CARD,12,1,18,1,8,7,15,3,1,14.38
101056,FIXED_DEP,15,1,56,1,19,4,9,1,1,90.0
101045,DEPOSIT,6,0,13,1,5,7,11,5,1,6.59
101033,CUST_SVC,10,1,4,1,13,6,10,2,1,18.74
101012,CUST_SVC,10,1,8,1,3,6,14,3,1,7.69
101033,CREDIT_CARD,12,1,11,1,1,3,13,2,0,5.16
101045,INSURANCE,20,1,6,1,5,3,12,3,0,29.92
101045,DEPOSIT,6,1,9,1,6,2,13,2,0,14.09
101012,DEPOSIT,6,0,39,1,11,4,15,4,1,20.68
101045,ACC_OPEN,25,1,12,1,7,4,15,3,1,71.41
101012,CUST_SVC,10,1,48,1,13,5,14,1,1,32.2
101078,CREDIT_CARD,12,1,13,1,7,4,16,5,1,21.45
101045,DEPOSIT,6,1,17,1,4,4,9,5,1,7.09
101033,DEPOSIT,6,1,28,1,10,8,10,2,1,10.97
101045,DEPOSIT,6,1,22,1,10,6,10,3,1,11.05
101056,CUST_SVC,10,0,8,1,6,4,14,2,1,13.98
101078,CUST_SVC,10,1,16,1,10,7,15,1,1,12.72
101033,CREDIT_CARD,12,0,5,1,7,5,10,5,1,16.49
101033,INSURANCE,20,1,20,1,8,7,10,2,1,26.24
101056,BIZ_BANK,18,0,14,1,8,3,13,1,0,47.39
101045,CUST_SVC,10,1,21,1,7,6,16,3,1,12.08
101045,CREDIT_CARD,12,1,10,1,1,3,13,2,0,6.92
101045,REMITTANCE,10,1,15,1,4,5,11,2,1,12.0
101056,DEPOSIT,6,0,22,1,6,6,11,1,1,6.08
101045,DEPOSIT,6,1,25,1,10,5,11,2,1,13.79
101056,FIXED_DEP,15,0,4,0,1,4,12,3,0,3.7
101056,INVEST,22,1,23,1,11,5,10,1,1,53.25
101033,CREDIT_CARD,12,1,18,1,11,7,10,1,1,15.21
101056,DEPOSIT,6,1,5,1,11,4,15,5,1,20.2
101012,ATM_CDM,8,1,7,1,6,5,16,1,1,7.25
101045,ACC_OPEN,25,1,13,1,4,6,11,4,1,16.63
101033,ATM_CDM,8,1,2,1,2,3,13,1,0,9.49
101056,INSURANCE,20,1,15,1,4,3,12,2,0,33.43
101012,CUST_SVC,10,1,16,1,7,4,13,1,0,13.36
101012,LOAN,30,1,2,1,8,4,16,5,1,90.0
101045,ONLINE_SUP,12,1,16,1,3,5,14,2,1,10.15
101056,CUST_SVC,10,1,15,1,9,6,10,4,1,21.72
101045,DEPOSIT,6,1,22,1,5,7,11,1,1,7.0
101078,LOAN,30,1,18,1,6,7,15,2,1,47.59
101045,DEPOSIT,6,1,18,1,6,5,9,5,1,12.08
101078,REMITTANCE,10,1,2,1,6,7,14,3,1,7.19
101045,FIXED_DEP,15,1,12,1,3,4,16,5,1,12.15
101078,LOAN,30,0,24,1,7,7,15,5,1,30.77
101078,INVEST,22,0,1,1,5,4,15,3,1,21.68
101012,CUST_SVC,10,1,18,1,10,3,16,5,1,32.39
101078,ONLINE_SUP,12,1,6,1,5,5,14,4,1,24.37
101056,INSURANCE,20,1,1,1,9,5,14,2,1,40.93
101012,ACC_OPEN,25,0,3,1,3,4,15,3,1,12.05
101012,DEPOSIT,6,1,41,1,11,8,11,1,1,5.0
101078,CREDIT_CARD,12,1,6,1,4,4,11,1,1,14.72
101078,CREDIT_CARD,12,0,5,1,0,4,13,4,0,0.68
101045,DEPOSIT,6,1,14,1,3,4,12,2,0,3.49
101033,CUST_SVC,10,1,7,1,2,3,13,2,0,8.05
101078,ATM_CDM,8,1,1,1,7,6,14,2,1,13.13
101033,CUST_SVC,10,1,17,1,3,6,15,4,1,4.5
101033,ATM_CDM,8,0,11,1,8,5,10,2,1,14.0
101056,INSURANCE,20,1,16,1,7,5,14,5,1,53.18
101012,ATM_CDM,8,1,1,1,4,2,12,3,0,11.4
101012,FIXED_DEP,15,0,6,1,8,4,9,3,1,21.74
101033,BIZ_BANK,18,0,2,1,6,6,14,3,1,20.47
101045,BIZ_BANK,18,1,10,1,3,5,11,4,1,13.34
101012,FIXED_DEP,15,1,22,1,10,4,15,5,1,70.43
101033,DEPOSIT,6,1,30,1,9,6,9,1,1,15.1
101078,ACC_OPEN,25,0,13,1,2,4,11,5,1,10.24
101056,ONLINE_SUP,12,1,19,1,4,3,16,5,1,12.37
101045,WITHDRAW,5,1,12,1,2,2,12,1,0,7.14
101056,DEPOSIT,6,0,17,0,14,7,15,2,1,13.1
101033,CUST_SVC,10,1,14,1,5,3,16,3,1,22.07
101033,CUST_SVC,10,1,10,1,6,4,11,4,1,26.18
101045,BIZ_BANK,18,0,1,1,9,6,15,1,1,32.71
101033,CREDIT_CARD,12,1,26,1,12,7,9,5,1,34.91
101078,BIZ_BANK,18,0,14,1,4,3,13,5,0,11.66
101078,LOAN,30,0,11,1,7,5,15,3,1,34.46
101056,WITHDRAW,5,0,20,1,10,5,15,5,1,17.24
101033,CUST_SVC,10,1,4,1,8,6,9,1,1,16.24
101078,INVEST,22,1,12,1,4,7,15,4,1,16.47
101045,ONLINE_SUP,12,0,5,0,4,6,9,1,1,11.08
101033,CREDIT_CARD,12,1,10,1,5,4,11,2,1,13.94
101045,ATM_CDM,8,1,27,1,6,3,13,5,0,8.75
101056,BIZ_BANK,18,0,28,1,8,4,15,3,1,29.29
101056,INVEST,22,1,24,1,16,4,9,1,1,90.0
101033,CUST_SVC,10,1,27,1,6,4,11,4,1,4.98
101056,CUST_SVC,10,1,1,1,13,5,10,1,1,46.35
101012,ONLINE_SUP,12,1,5,1,8,6,11,3,1,15.99
101012,CREDIT_CARD,12,1,10,1,7,6,14,1,1,12.45
101012,WITHDRAW,5,1,6,1,16,5,9,1,1,21.73
101012,BIZ_BANK,18,1,29,1,10,5,11,5,1,34.54
101078,ATM_CDM,8,0,8,0,5,6,14,4,1,7.49
101045,CUST_SVC,10,1,20,1,5,5,16,2,1,13.02
101012,CUST_SVC,10,1,5,1,6,3,13,5,0,25.49
101012,DEPOSIT,6,0,24,1,6,7,10,4,1,6.5
101045,ATM_CDM,8,1,10,1,5,3,12,2,0,11.69
101033,BIZ_BANK,18,1,20,1,8,4,15,5,1,54.54
101078,REMITTANCE,10,1,26,1,11,6,15,1,1,21.73
101045,DEPOSIT,6,1,4,1,3,7,9,1,1,4.89
101012,CUST_SVC,10,1,26,1,11,4,9,1,1,39.94
101012,ATM_CDM,8,0,16,1,7,6,16,3,1,9.12
101045,CUST_SVC,10,1,13,1,5,3,16,2,1,18.57
101012,DEPOSIT,6,1,18,1,8,5,16,4,1,11.13
101045,ONLINE_SUP,12,0,15,0,7,4,15,2,1,22.76
101045,ATM_CDM,8,1,2,1,1,3,13,2,0,3.76
101056,ACC_OPEN,25,0,15,0,2,3,13,1,0,14.58
101045,CUST_SVC,10,1,10,1,4,3,13,5,0,8.97
101012,BIZ_BANK,18,1,20,1,6,5,9,5,1,30.91
101033,DEPOSIT,6,1,12,1,3,7,14,1,1,3.26
101078,FIXED_DEP,15,1,8,1,3,4,12,5,0,11.68
101033,DEPOSIT,6,1,12,1,6,7,15,5,1,4.75
101045,ONLINE_SUP,12,1,13,1,2,7,11,2,1,2.94
101056,DEPOSIT,6,0,15,1,8,4,16,3,1,16.75
101045,DEPOSIT,6,1,28,1,9,3,16,5,1,29.12
101012,ONLINE_SUP,12,1,35,1,13,4,11,1,1,35.0
101033,LOAN,30,0,1,1,4,7,10,1,1,27.58
101033,DEPOSIT,6,0,15,1,2,6,11,3,1,0.34
101045,INVEST,22,0,3,1,7,4,10,1,1,44.1
101012,BIZ_BANK,18,1,1,1,1,2,12,5,0,9.47
101078,ATM_CDM,8,1,13,1,6,8,11,3,1,6.13
101056,BIZ_BANK,18,1,16,1,6,5,14,5,1,31.08
101045,LOAN,30,1,1,1,0,6,14,4,1,1.89
101045,DEPOSIT,6,0,6,1,4,5,9,4,1,6.56
101078,ATM_CDM,8,0,1,1,6,4,16,2,1,10.88
101012,INSURANCE,20,0,23,1,9,2,13,2,0,90.0
101033,FIXED_DEP,15,1,22,1,5,6,16,1,1,12.1
101045,BIZ_BANK,18,1,17,1,7,4,16,3,1,35.07
101078,INVEST,22,1,6,1,4,3,12,3,0,31.81
101078,INVEST,22,1,5,1,5,7,11,3,1,20.81
101045,LOAN,30,1,3,1,4,4,13,1,0,32.03
101045,ATM_CDM,8,0,10,1,3,4,13,4,0,6.47
101078,ATM_CDM,8,0,24,1,5,2,13,1,0,20.59
101033,INSURANCE,20,1,17,1,6,4,14,4,1,33.77
101012,CREDIT_CARD,12,1,14,1,20,5,11,1,1,83.78
101045,REMITTANCE,10,0,11,0,9,6,11,5,1,19.22
101012,CUST_SVC,10,1,5,1,5,7,9,3,1,8.1
101045,ACC_OPEN,25,1,18,1,7,3,16,3,1,66.59
101078,ONLINE_SUP,12,0,30,1,9,7,11,1,1,26.76
101012,DEPOSIT,6,1,14,1,9,8,11,4,1,7.17
101045,CUST_SVC,10,1,22,1,8,6,15,5,1,13.22
101056,ACC_OPEN,25,1,33,1,12,4,15,1,1,68.14
101045,ATM_CDM,8,1,5,1,2,5,14,1,1,4.27
101078,DEPOSIT,6,0,16,1,7,7,9,1,1,2.17
101078,DEPOSIT,6,0,31,1,8,5,10,5,1,8.4
101033,LOAN,30,1,2,1,6,5,9,2,1,37.45
101033,DEPOSIT,6,0,27,0,7,4,15,5,1,6.27
101045,ATM_CDM,8,1,32,1,8,4,15,5,1,22.79
101045,LOAN,30,1,10,1,5,5,16,1,1,40.25
101012,INVEST,22,1,5,1,10,7,14,4,1,27.63
101012,ACC_OPEN,25,1,16,1,13,4,10,4,1,90.0
101012,ATM_CDM,8,1,24,1,6,4,13,1,0,11.71
101078,DEPOSIT,6,0,17,1,12,6,11,1,1,8.81
101033,ONLINE_SUP,12,0,12,1,2,2,13,4,0,9.79
101033,LOAN,30,1,8,1,4,8,14,4,1,16.16
101012,REMITTANCE,10,1,4,1,12,8,15,3,1,9.39
101033,DEPOSIT,6,1,10,1,5,5,9,2,1,3.28
101078,ACC_OPEN,25,1,6,1,4,4,14,4,1,23.91
101033,ATM_CDM,8,1,2,1,11,8,15,2,1,12.6
101012,LOAN,30,1,13,1,4,5,14,4,1,14.78
101033,INSURANCE,20,1,12,1,4,5,11,4,1,13.8
101056,ONLINE_SUP,12,1,15,1,6,6,14,5,1,15.24
101012,ATM_CDM,8,1,5,1,9,5,10,2,1,20.8
101033,ATM_CDM,8,1,36,1,12,6,11,1,1,24.89
101056,DEPOSIT,6,1,12,1,5,5,11,4,1,8.4
101033,DEPOSIT,6,1,3,1,5,4,11,3,1,8.01
101012,ATM_CDM,8,1,8,1,10,4,10,1,1,17.44
101056,DEPOSIT,6,0,34,1,10,3,16,5,1,10.55
101078,CUST_SVC,10,0,1,1,6,6,11,5,1,12.99
101012,ONLINE_SUP,12,1,13,1,8,3,16,3,1,36.32
101078,CUST_SVC,10,1,2,1,2,5,16,4,1,3.75
101078,DEPOSIT,6,0,9,1,6,4,9,3,1,11.89
101056,INSURANCE,20,0,11,1,8,4,14,3,1,29.96
101045,CREDIT_CARD,12,1,16,1,6,5,15,2,1,11.28
101045,FIXED_DEP,15,1,9,1,2,5,11,2,1,6.02
101045,ACC_OPEN,25,1,2,1,1,3,12,5,0,3.79
101078,CREDIT_CARD,12,1,44,1,12,6,10,5,1,17.61
101078,ONLINE_SUP,12,0,10,1,2,5,11,4,1,3.41
101045,DEPOSIT,6,1,5,1,0,6,11,4,1,1.82
101078,CUST_SVC,10,1,14,1,9,5,9,1,1,21.69
101033,ATM_CDM,8,1,15,1,10,4,16,1,1,23.52
101033,BIZ_BANK,18,1,8,1,7,4,12,1,0,7.74
101078,CUST_SVC,10,0,10,1,4,4,12,2,0,11.99
101056,LOAN,30,1,18,1,12,7,10,2,1,79.83
101045,LOAN,30,1,12,1,2,4,12,2,0,15.59
101012,ATM_CDM,8,0,6,1,8,5,9,4,1,9.49
101033,ONLINE_SUP,12,1,10,1,6,5,9,4,1,16.15
101078,LOAN,30,1,19,1,5,2,12,5,0,90.0
101033,CUST_SVC,10,0,6,1,6,5,11,3,1,10.4
101033,CUST_SVC,10,0,29,1,8,6,10,3,1,18.48
101045,CUST_SVC,10,1,8,1,2,6,11,2,1,2.99
101056,CREDIT_CARD,12,1,28,1,7,3,12,1,0,34.12
101012,DEPOSIT,6,1,24,1,6,7,11,5,1,7.63
101045,CUST_SVC,10,1,14,1,3,5,11,4,1,8.91
101056,REMITTANCE,10,1,9,1,6,4,9,1,1,32.65
101045,ACC_OPEN,25,1,13,1,3,5,15,5,1,9.41
101078,CUST_SVC,10,1,27,1,9,4,12,4,0,13.0
101012,DEPOSIT,6,0,7,1,6,6,9,2,1,5.65
101012,CREDIT_CARD,12,1,37,1,10,6,10,1,1,35.72
101045,CUST_SVC,10,0,1,1,7,4,13,3,0,22.03
101012,INSURANCE,20,1,38,1,13,4,15,1,1,45.93
101056,DEPOSIT,6,1,18,1,3,3,13,5,0,7.14
101056,WITHDRAW,5,0,15,1,3,7,15,3,1,2.28
101012,DEPOSIT,6,1,18,1,9,6,14,1,1,8.73
101012,BIZ_BANK,18,1,10,1,4,2,12,3,0,42.8
101056,WITHDRAW,5,0,15,1,10,4,11,1,1,11.05
101045,BIZ_BANK,18,0,7,1,5,6,9,3,1,5.16
101045,WITHDRAW,5,1,2,1,4,6,11,4,1,5.99
101033,BIZ_BANK,18,1,25,1,13,7,11,1,1,41.73
101078,WITHDRAW,5,0,14,1,5,4,14,4,1,6.57
101078,ATM_CDM,8,1,16,1,3,3,13,1,0,8.8
101056,ACC_OPEN,25,1,13,1,6,5,9,5,1,27.94
101012,CREDIT_CARD,12,0,18,1,3,3,13,2,0,14.87
101078,CREDIT_CARD,12,0,12,1,2,4,9,4,1,4.89
101033,DEPOSIT,6,1,7,1,10,5,15,1,1,9.91
101012,ONLINE_SUP,12,1,10,1,5,3,16,2,1,11.18
101078,CUST_SVC,10,0,23,1,7,5,14,1,1,11.0
101078,DEPOSIT,6,1,4,1,5,3,16,4,1,13.02
101078,CREDIT_CARD,12,1,8,1,9,4,15,5,1,27.83
101045,FIXED_DEP,15,1,18,1,5,7,9,5,1,5.5
101056,WITHDRAW,5,0,9,1,6,6,15,3,1,3.32
101078,WITHDRAW,5,1,16,1,3,2,13,5,0,8.99
101056,INSURANCE,20,0,21,1,7,2,12,1,0,72.68
101045,DEPOSIT,6,1,4,1,1,4,16,4,1,2.22
101056,DEPOSIT,6,1,8,1,6,8,11,2,1,5.56
101078,INVEST,22,0,10,1,2,5,11,4,1,6.95
101012,INSURANCE,20,1,18,1,7,5,15,2,1,54.91
101012,INSURANCE,20,1,10,1,6,5,16,2,1,17.19
101012,WITHDRAW,5,0,37,1,10,6,9,1,1,8.41
101012,CUST_SVC,10,1,29,1,8,6,9,3,1,13.22
101033,DEPOSIT,6,0,1,1,3,5,15,3,1,3.1
101056,FIXED_DEP,15,1,9,1,7,4,15,2,1,17.54
101012,CUST_SVC,10,1,8,1,10,7,11,1,1,14.89
101056,CUST_SVC,10,1,4,1,6,6,9,1,1,13.13
101056,DEPOSIT,6,1,27,1,7,4,10,4,1,14.55
101012,CUST_SVC,10,1,12,1,7,4,16,1,1,24.56
101012,LOAN,30,1,1,1,5,3,13,3,0,51.37
101078,ATM_CDM,8,1,17,1,3,4,9,5,1,3.91
101033,ATM_CDM,8,1,11,1,3,5,16,1,1,7.0
101012,INSURANCE,20,1,7,1,5,4,9,1,1,26.95
101012,CUST_SVC,10,1,24,1,5,6,10,5,1,5.76
101033,REMITTANCE,10,1,11,1,2,4,12,1,0,7.85
101078,INSURANCE,20,1,7,1,3,4,13,5,0,14.18
101012,BIZ_BANK,18,1,42,1,14,5,10,5,1,60.39
101012,ATM_CDM,8,0,27,1,15,5,14,5,1,33.96
101012,ACC_OPEN,25,1,4,1,3,3,13,3,0,18.03
101045,BIZ_BANK,18,1,9,1,6,7,9,4,1,21.68
101012,DEPOSIT,6,1,12,1,6,5,9,1,1,11.91
101056,CREDIT_CARD,12,1,18,1,6,4,15,4,1,25.63
101078,ATM_CDM,8,1,29,1,7,5,16,5,1,10.27
101045,ATM_CDM,8,1,4,1,3,5,14,5,1,5.01
101033,FIXED_DEP,15,1,17,1,8,4,11,4,1,39.28
101045,ATM_CDM,8,1,17,1,3,6,9,2,1,4.8
101045,ONLINE_SUP,12,0,2,1,3,6,11,5,1,4.98
101012,CUST_SVC,10,1,11,1,11,7,15,2,1,18.76
101033,BIZ_BANK,18,0,24,0,11,5,15,5,1,33.22
101012,ACC_OPEN,25,1,40,1,13,6,15,2,1,67.57
101078,BIZ_BANK,18,1,17,1,11,4,11,1,1,44.73
101012,ACC_OPEN,25,1,10,1,8,3,16,1,1,90.0
101033,REMITTANCE,10,0,1,1,6,2,12,4,0,34.56
101045,ONLINE_SUP,12,0,11,1,1,4,12,1,0,3.54
101033,ACC_OPEN,25,0,17,1,3,5,15,2,1,15.22
101056,REMITTANCE,10,1,22,1,5,5,10,1,1,8.43
101012,ATM_CDM,8,0,4,1,2,3,12,2,0,4.11
101033,DEPOSIT,6,1,5,1,6,5,9,2,1,10.45
101033,LOAN,30,1,10,1,3,6,10,3,1,21.55
101045,ONLINE_SUP,12,0,11,1,6,5,16,2,1,5.17
101045,CREDIT_CARD,12,1,15,1,4,4,11,1,1,10.51
101033,DEPOSIT,6,0,1,1,8,6,15,1,1,6.45
101033,ACC_OPEN,25,0,9,1,3,3,16,2,1,18.51
101033,BIZ_BANK,18,1,3,1,7,5,10,3,1,16.54
101078,WITHDRAW,5,0,29,1,7,6,11,5,1,3.93
101045,CUST_SVC,10,0,29,1,9,6,9,5,1,20.11
101056,DEPOSIT,6,1,16,1,6,4,9,4,1,10.91
101056,FIXED_DEP,15,0,15,1,5,3,13,2,0,26.41
101056,INSURANCE,20,1,5,1,3,3,13,5,0,22.57
101045,BIZ_BANK,18,1,8,1,7,5,15,1,1,29.02
101012,CREDIT_CARD,12,1,5,1,10,5,15,5,1,22.61
101056,INSURANCE,20,1,31,1,14,5,9,1,1,61.76
101012,ATM_CDM,8,1,2,1,3,3,12,5,0,10.1
101033,INSURANCE,20,0,18,0,8,8,15,2,1,26.79
101033,CREDIT_CARD,12,1,21,1,4,5,15,3,1,7.1
101078,CREDIT_CARD,12,1,10,1,1,2,13,5,0,5.76
101033,BIZ_BANK,18,1,15,1,3,6,14,2,1,8.79
101056,CREDIT_CARD,12,0,1,1,5,8,10,3,1,6.7
101045,BIZ_BANK,18,1,15,1,3,6,16,4,1,10.7
101045,CUST_SVC,10,0,11,1,1,4,12,2,0,3.2
101056,INVEST,22,0,21,1,5,5,10,2,1,21.68
101078,INVEST,22,1,43,1,13,4,11,3,1,89.99
101045,INSURANCE,20,1,21,1,5,4,9,5,1,10.97
101078,LOAN,30,1,13,1,7,7,15,1,1,34.55
101045,LOAN,30,0,4,1,10,5,15,1,1,90.0
101033,CREDIT_CARD,12,0,41,1,13,4,9,5,1,36.63
101012,DEPOSIT,6,1,33,1,9,5,15,3,1,7.16
101033,ATM_CDM,8,1,16,1,8,4,9,3,1,14.57
101078,CREDIT_CARD,12,1,4,1,6,4,16,1,1,21.55
101033,BIZ_BANK,18,1,17,1,14,4,15,2,1,73.37
101056,CREDIT_CARD,12,0,5,1,3,7,14,3,1,5.76
101056,DEPOSIT,6,0,12,1,7,5,11,5,1,8.18
101033,FIXED_DEP,15,1,23,1,8,6,15,5,1,23.3
101078,INVEST,22,1,7,1,5,4,16,2,1,28.45
101078,CREDIT_CARD,12,1,25,1,6,2,13,5,0,28.04
101012,CREDIT_CARD,12,1,3,1,6,4,14,3,1,26.7
101045,ONLINE_SUP,12,1,25,1,6,4,10,2,1,34.04
101033,ACC_OPEN,25,0,1,1,3,2,12,1,0,37.83
101056,DEPOSIT,6,1,3,1,8,6,9,1,1,8.21
101033,DEPOSIT,6,0,8,1,6,4,14,1,1,3.01
101056,LOAN,30,1,2,1,2,6,14,2,1,17.47
101078,REMITTANCE,10,1,17,1,10,5,10,5,1,26.9
101045,CREDIT_CARD,12,1,43,1,14,6,11,1,1,43.73
101056,REMITTANCE,10,0,9,0,1,4,12,5,0,2.77
101078,CUST_SVC,10,0,13,1,4,7,14,3,1,5.26
101012,FIXED_DEP,15,1,32,1,17,6,10,1,1,68.16
101078,INVEST,22,1,31,1,11,4,10,5,1,58.73
101045,DEPOSIT,6,0,6,1,2,5,9,4,1,1.96
101078,ATM_CDM,8,1,7,1,10,4,10,4,1,20.78
101012,CUST_SVC,10,0,3,1,12,4,10,1,1,14.75
101012,ONLINE_SUP,12,1,27,1,6,4,9,5,1,24.11
101033,DEPOSIT,6,0,6,1,4,8,10,3,1,3.7
101078,CREDIT_CARD,12,1,6,1,1,3,13,5,0,4.11
101045,ATM_CDM,8,1,41,1,11,5,15,1,1,17.14
101045,REMITTANCE,10,0,25,1,6,4,9,4,1,14.18
101012,FIXED_DEP,15,1,6,1,12,7,11,1,1,30.26
101056,CUST_SVC,10,1,7,1,4,4,13,4,0,7.14
101033,INSURANCE,20,1,7,1,1,4,16,3,1,5.27
101033,BIZ_BANK,18,1,3,1,7,5,16,1,1,35.69
101056,ONLINE_SUP,12,1,23,1,9,5,10,4,1,28.82
101033,ONLINE_SUP,12,1,28,1,10,8,14,4,1,26.29
101045,BIZ_BANK,18,1,2,1,5,3,13,2,0,28.24
101033,BIZ_BANK,18,1,13,1,5,3,16,2,1,26.78
101078,ATM_CDM,8,0,8,1,3,3,13,4,0,8.88
101078,REMITTANCE,10,1,16,1,6,5,14,3,1,7.76
101056,DEPOSIT,6,1,39,1,14,5,9,3,1,8.84
101078,ATM_CDM,8,1,22,1,9,6,15,4,1,13.71
101045,BIZ_BANK,18,0,9,1,4,4,15,5,1,19.42
101033,CUST_SVC,10,0,13,1,7,5,14,5,1,17.34
101012,ONLINE_SUP,12,0,15,0,15,6,15,1,1,45.17
101012,CREDIT_CARD,12,1,18,1,5,8,9,4,1,5.86
101045,DEPOSIT,6,1,8,1,6,4,9,4,1,12.28
101033,BIZ_BANK,18,0,1,1,5,5,9,2,1,15.69
101012,CREDIT_CARD,12,1,31,1,11,5,14,1,1,14.59
101045,DEPOSIT,6,1,1,1,3,8,9,5,1,5.33
101056,WITHDRAW,5,1,20,1,11,6,14,1,1,10.66
101012,ATM_CDM,8,1,15,1,3,7,15,3,1,2.49
101078,CUST_SVC,10,1,6,1,5,7,9,2,1,9.35
101012,INSURANCE,20,1,33,1,8,3,13,3,0,72.93
101033,INSURANCE,20,1,25,1,8,5,9,5,1,40.61
101056,CREDIT_CARD,12,0,14,1,6,4,16,1,1,25.41
101056,ATM_CDM,8,0,12,0,12,5,16,2,1,17.64
101078,ONLINE_SUP,12,1,2,1,8,6,10,1,1,22.95
101045,CREDIT_CARD,12,1,3,1,6,4,11,1,1,14.93
101045,DEPOSIT,6,0,10,1,2,3,13,1,0,3.67
101078,DEPOSIT,6,1,2,1,7,4,10,3,1,15.0
101033,CREDIT_CARD,12,1,9,1,5,6,9,4,1,8.81
101078,INSURANCE,20,1,34,1,9,5,11,1,1,17.7
101012,REMITTANCE,10,1,18,1,9,7,10,5,1,13.13
101056,ACC_OPEN,25,0,1,1,7,6,10,2,1,21.53
101012,WITHDRAW,5,0,20,1,4,2,13,4,0,8.91
101045,ATM_CDM,8,1,14,1,2,3,12,5,0,8.67
101045,ATM_CDM,8,1,6,1,3,3,13,3,0,7.85
101012,BIZ_BANK,18,1,5,1,6,6,15,4,1,17.83
101078,CREDIT_CARD,12,1,1,1,8,6,15,2,1,16.88
101045,ACC_OPEN,25,1,9,1,1,6,16,3,1,3.22
101078,ACC_OPEN,25,1,22,1,6,5,14,3,1,33.19
101012,CUST_SVC,10,1,38,1,11,8,15,1,1,13.0
101045,DEPOSIT,6,1,4,1,2,2,13,3,0,2.21
101056,CREDIT_CARD,12,1,23,1,7,3,12,3,0,9.63
101012,DEPOSIT,6,1,30,1,7,2,13,1,0,21.47
101012,DEPOSIT,6,0,23,1,10,5,15,3,1,17.4
101078,ATM_CDM,8,0,13,1,5,6,14,3,1,7.68
101056,CUST_SVC,10,1,28,1,9,6,14,2,1,21.07
101045,ONLINE_SUP,12,1,23,1,11,5,15,1,1,33.97
101012,DEPOSIT,6,1,22,1,13,4,9,1,1,19.94
101033,DEPOSIT,6,1,4,1,6,3,12,1,0,10.88
101078,WITHDRAW,5,0,22,1,5,2,13,2,0,13.65
101045,INSURANCE,20,1,23,1,5,7,16,4,1,14.68
101056,CUST_SVC,10,0,19,1,5,4,13,1,0,10.05
101033,BIZ_BANK,18,1,4,1,9,5,15,1,1,26.19
101012,INSURANCE,20,1,12,1,8,8,11,3,1,14.96
101045,ACC_OPEN,25,0,10,1,5,5,16,1,1,25.31
101012,REMITTANCE,10,1,14,1,6,4,12,2,0,10.56
101045,LOAN,30,1,3,1,4,7,11,1,1,23.44
101012,CREDIT_CARD,12,0,41,1,11,4,9,1,1,49.76
101045,ONLINE_SUP,12,1,12,1,2,5,16,4,1,2.67
101056,REMITTANCE,10,1,5,1,5,7,10,2,1,10.81
101045,CUST_SVC,10,1,35,1,10,5,10,3,1,16.46
101078,BIZ_BANK,18,0,1,1,8,6,16,1,1,31.77
101033,DEPOSIT,6,0,10,1,2,4,10,4,1,1.96
101056,LOAN,30,1,12,1,5,2,13,1,0,79.16
101056,CUST_SVC,10,1,6,1,9,7,15,4,1,15.95
101045,ONLINE_SUP,12,0,7,1,6,6,11,2,1,12.53
101056,DEPOSIT,6,1,27,1,6,8,10,2,1,4.26
101033,ACC_OPEN,25,1,25,1,6,7,14,3,1,23.91
101078,ONLINE_SUP,12,0,21,1,5,4,14,3,1,9.64
101033,DEPOSIT,6,1,26,1,6,5,11,4,1,10.96
101033,REMITTANCE,10,0,2,1,7,4,9,5,1,15.01
101056,CREDIT_CARD,12,1,1,1,10,7,15,5,1,25.57
101078,ATM_CDM,8,0,2,0,8,8,15,5,1,7.68
101033,ATM_CDM,8,0,18,1,5,6,11,2,1,8.25
101045,DEPOSIT,6,0,5,0,9,5,11,1,1,18.2
101056,BIZ_BANK,18,1,17,1,5,4,11,3,1,27.2
101045,DEPOSIT,6,1,26,1,6,4,14,3,1,14.19
101012,BIZ_BANK,18,0,26,1,17,7,10,1,1,53.22
101033,INVEST,22,1,28,1,10,5,9,1,1,44.31
101012,CUST_SVC,10,1,54,1,16,3,16,5,1,25.86
101012,LOAN,30,0,16,1,4,4,12,5,0,2.6
101012,INVEST,22,1,15,1,4,3,12,5,0,28.56
101033,FIXED_DEP,15,1,6,1,6,4,12,1,0,14.65
101078,CUST_SVC,10,0,21,1,5,6,14,2,1,6.38
101012,ATM_CDM,8,1,2,1,6,5,11,3,1,14.63
101078,CREDIT_CARD,12,1,27,1,13,4,15,1,1,47.24
101033,LOAN,30,0,17,1,4,3,13,2,0,37.67
101012,WITHDRAW,5,1,4,1,5,2,13,4,0,9.45
101012,ACC_OPEN,25,0,32,1,9,5,15,2,1,21.47
101033,CREDIT_CARD,12,1,12,1,14,6,15,5,1,34.81
101012,DEPOSIT,6,1,9,1,5,4,12,1,0,6.16
101012,ATM_CDM,8,0,16,1,12,3,16,1,1,22.73
101078,CREDIT_CARD,12,1,7,1,1,4,10,4,1,1.95
101045,INSURANCE,20,0,10,1,3,3,13,5,0,19.61
101012,LOAN,30,1,6,1,14,5,14,2,1,90.0
101078,ATM_CDM,8,1,18,1,9,5,15,2,1,12.69
101078,DEPOSIT,6,1,13,1,4,4,14,2,1,1.13
101078,FIXED_DEP,15,1,4,1,4,4,13,3,0,11.28
101056,DEPOSIT,6,1,10,1,6,7,11,3,1,4.67
101033,LOAN,30,1,22,1,6,6,14,2,1,49.13
101078,CREDIT_CARD,12,0,13,1,4,5,15,5,1,8.34
101078,ATM_CDM,8,1,7,1,4,2,13,5,0,15.61
101078,DEPOSIT,6,1,18,1,5,4,11,5,1,8.31
101033,DEPOSIT,6,0,1,1,0,3,13,4,0,1.36
101012,CREDIT_CARD,12,1,22,1,10,5,15,1,1,23.48
101012,CUST_SVC,10,1,10,1,12,4,14,4,1,35.49
101012,ATM_CDM,8,1,29,1,10,5,14,2,1,14.47
101033,INSURANCE,20,1,16,1,6,8,9,5,1,14.4
101012,FIXED_DEP,15,1,10,1,3,6,9,3,1,8.9
101033,LOAN,30,0,18,0,5,7,11,3,1,26.7
101045,CUST_SVC,10,0,21,0,6,6,10,3,1,14.15
101045,CUST_SVC,10,1,8,1,4,5,10,1,1,8.98
101012,FIXED_DEP,15,0,4,1,10,5,15,4,1,16.62
101012,INSURANCE,20,0,33,1,9,4,15,3,1,21.47
101078,CREDIT_CARD,12,1,19,1,6,5,11,4,1,6.68
101045,INSURANCE,20,1,9,1,6,4,14,5,1,24.46
101056,DEPOSIT,6,0,13,1,7,5,11,1,1,7.06
101012,ATM_CDM,8,1,26,1,12,4,11,1,1,22.2
101078,CUST_SVC,10,1,10,1,4,4,11,1,1,15.97
101078,LOAN,30,1,32,1,10,6,15,5,1,35.41
101078,ATM_CDM,8,1,10,1,4,4,11,2,1,10.96
101078,ATM_CDM,8,0,5,0,2,3,16,3,1,3.7
101045,CUST_SVC,10,1,12,1,2,6,14,3,1,2.7
101056,ONLINE_SUP,12,0,7,1,6,4,11,4,1,20.28
101012,ATM_CDM,8,1,2,1,4,6,15,5,1,6.95
101078,CUST_SVC,10,1,2,1,5,6,15,1,1,8.4
101045,CREDIT_CARD,12,1,6,1,2,3,13,2,0,9.81
101033,ONLINE_SUP,12,0,13,1,5,6,15,4,1,9.13
101078,DEPOSIT,6,1,20,1,10,4,9,1,1,27.63
101033,ATM_CDM,8,1,8,1,2,7,9,4,1,2.84
101056,DEPOSIT,6,1,15,1,6,5,9,1,1,12.9
101012,DEPOSIT,6,1,2,1,7,6,11,5,1,5.16
101012,BIZ_BANK,18,1,7,1,10,4,11,1,1,88.86
101045,INSURANCE,20,1,27,1,6,6,9,5,1,16.14
101078,LOAN,30,1,6,1,6,5,10,4,1,49.71
101078,DEPOSIT,6,1,14,1,2,4,14,1,1,2.38
101033,ATM_CDM,8,0,9,1,8,4,9,5,1,19.01
101078,ATM_CDM,8,1,21,1,4,6,9,3,1,6.65
101012,FIXED_DEP,15,1,33,1,8,4,12,1,0,40.74
101012,FIXED_DEP,15,1,4,1,2,3,16,2,1,5.77
101056,LOAN,30,1,6,1,5,7,11,1,1,23.32
101012,DEPOSIT,6,1,14,1,5,6,16,4,1,5.14
101012,CUST_SVC,10,0,6,1,7,5,14,4,1,4.47
101056,ATM_CDM,8,0,15,1,9,3,16,5,1,28.92
101078,FIXED_DEP,15,1,29,1,7,6,10,3,1,17.31
101078,CREDIT_CARD,12,1,33,1,8,5,14,2,1,17.41
101078,FIXED_DEP,15,1,2,1,6,6,15,1,1,13.27
101033,ATM_CDM,8,1,13,1,9,4,14,1,1,17.67
101012,CUST_SVC,10,0,32,1,14,5,11,2,1,31.85
101045,DEPOSIT,6,1,19,1,9,6,15,5,1,15.69
101033,REMITTANCE,10,1,2,1,2,3,12,4,0,8.75
101012,CUST_SVC,10,1,35,1,13,5,9,2,1,23.94
101056,DEPOSIT,6,0,8,1,4,6,15,3,1,3.62
101078,LOAN,30,0,5,1,2,5,14,2,1,11.99
101056,BIZ_BANK,18,0,19,1,12,5,16,5,1,41.38
101045,DEPOSIT,6,1,9,1,3,4,12,2,0,3.87
101078,FIXED_DEP,15,1,20,1,4,5,16,4,1,9.63
101012,REMITTANCE,10,0,27,1,8,6,14,1,1,6.61
101078,FIXED_DEP,15,1,8,1,3,2,12,4,0,18.85
101033,FIXED_DEP,15,1,18,1,9,5,9,4,1,45.26
101012,CREDIT_CARD,12,1,16,1,6,3,13,1,0,36.58
101012,DEPOSIT,6,1,33,1,13,7,14,4,1,11.73
101033,ACC_OPEN,25,0,6,1,3,6,9,2,1,14.14
101045,CREDIT_CARD,12,1,20,1,5,5,16,1,1,12.93
101012,DEPOSIT,6,1,3,1,9,5,16,1,1,12.41
101012,BIZ_BANK,18,1,10,1,14,6,9,1,1,70.67
101012,DEPOSIT,6,1,30,1,9,5,11,1,1,14.13
101045,DEPOSIT,6,1,14,1,2,4,11,5,1,3.34
101045,CUST_SVC,10,0,21,1,10,7,11,1,1,5.4
101033,INSURANCE,20,0,9,1,4,2,13,5,0,31.65
101078,DEPOSIT,6,1,32,1,10,7,10,1,1,10.23
101078,ATM_CDM,8,1,13,1,7,5,10,2,1,14.59
101078,ACC_OPEN,25,1,15,1,5,6,11,4,1,17.63
101045,ATM_CDM,8,1,1,1,3,4,10,2,1,10.85
101045,ATM_CDM,8,0,20,1,5,7,15,3,1,6.58
101012,CUST_SVC,10,0,4,1,13,6,11,5,1,19.47
101033,BIZ_BANK,18,0,17,1,6,4,15,5,1,25.99
101045,DEPOSIT,6,1,22,1,6,4,14,4,1,8.58
101012,FIXED_DEP,15,1,18,1,7,4,13,2,0,28.11
101033,BIZ_BANK,18,1,10,1,7,6,14,2,1,29.51
101045,CUST_SVC,10,0,12,0,9,7,10,3,1,14.62
101033,WITHDRAW,5,1,44,1,13,6,10,1,1,18.12
101078,ATM_CDM,8,1,13,1,2,4,13,1,0,4.15
101078,DEPOSIT,6,1,20,1,8,2,13,5,0,10.91
101045,ATM_CDM,8,0,3,1,3,5,14,1,1,5.11
101012,LOAN,30,0,13,1,14,4,11,5,1,90.0
101012,CUST_SVC,10,1,21,1,10,6,9,4,1,23.62
101033,REMITTANCE,10,0,10,1,6,6,14,1,1,11.84
101012,ONLINE_SUP,12,1,12,1,12,6,10,2,1,17.83
101078,CUST_SVC,10,0,5,1,1,4,11,4,1,1.37
101078,ATM_CDM,8,1,3,1,2,4,13,4,0,3.12
101056,ACC_OPEN,25,1,13,1,7,6,16,2,1,31.24
101012,ACC_OPEN,25,1,27,1,12,4,15,1,1,90.0
101033,FIXED_DEP,15,1,23,1,6,7,10,4,1,21.45
101045,ACC_OPEN,25,1,18,1,3,6,11,3,1,14.01
101033,ATM_CDM,8,1,5,1,8,5,10,4,1,12.77
101045,INSURANCE,20,1,14,1,3,4,12,3,0,17.12
101078,DEPOSIT,6,0,14,1,7,5,15,2,1,6.88
101056,ATM_CDM,8,1,10,1,8,5,9,2,1,15.86
101045,CUST_SVC,10,1,3,1,2,2,13,2,0,11.13
101056,ATM_CDM,8,0,35,1,15,5,15,5,1,27.86
101078,CUST_SVC,10,1,8,1,1,4,12,5,0,2.63
101012,DEPOSIT,6,1,23,1,12,4,11,5,1,22.26
101012,CREDIT_CARD,12,1,20,1,7,4,9,3,1,29.0
101078,ACC_OPEN,25,1,22,1,6,6,14,2,1,31.43
101045,CUST_SVC,10,1,26,1,7,4,16,2,1,22.14
101033,CUST_SVC,10,1,31,1,8,5,15,5,1,22.55
101045,INSURANCE,20,1,19,1,8,8,10,5,1,17.85
101056,DEPOSIT,6,1,1,1,8,7,15,1,1,14.25
101045,CUST_SVC,10,1,1,1,5,5,16,1,1,11.14
101012,CREDIT_CARD,12,1,24,1,12,6,10,4,1,20.58
101056,LOAN,30,1,9,1,9,4,14,5,1,52.99
101078,ACC_OPEN,25,1,9,1,3,3,16,2,1,24.38
101033,BIZ_BANK,18,1,4,1,12,5,15,1,1,50.29
101056,LOAN,30,1,18,1,11,7,10,5,1,53.59
101012,BIZ_BANK,18,1,9,1,5,4,14,3,1,27.64
101033,CUST_SVC,10,1,9,1,4,7,15,5,1,7.52
101078,REMITTANCE,10,0,20,1,9,7,9,1,1,14.15
101056,WITHDRAW,5,0,22,0,6,5,16,4,1,4.92
101012,ACC_OPEN,25,0,4,1,10,7,9,2,1,41.38
101078,ATM_CDM,8,1,10,1,2,4,12,4,0,7.13
101078,INSURANCE,20,1,33,1,12,4,14,5,1,58.07
101012,ATM_CDM,8,1,9,1,11,6,15,3,1,21.55
101056,BIZ_BANK,18,1,13,1,6,8,15,3,1,14.27
101056,ACC_OPEN,25,1,16,1,9,7,10,1,1,55.61
101056,CREDIT_CARD,12,1,2,1,3,3,16,4,1,16.51
101033,INSURANCE,20,1,9,1,7,4,13,1,0,45.68
101012,CUST_SVC,10,1,24,1,8,6,14,1,1,18.56
101078,INSURANCE,20,0,4,1,3,6,15,1,1,8.63
101012,CUST_SVC,10,0,4,1,8,8,11,1,1,8.19
101056,LOAN,30,1,5,1,1,5,14,4,1,4.34
101012,ACC_OPEN,25,0,5,1,6,5,11,2,1,31.18
101045,ATM_CDM,8,1,9,1,2,2,13,1,0,10.73
101012,ONLINE_SUP,12,0,18,1,9,6,16,5,1,18.53
101056,ONLINE_SUP,12,1,23,1,14,7,10,1,1,34.35
101078,CUST_SVC,10,1,32,1,9,6,15,1,1,13.85
101012,DEPOSIT,6,1,2,1,6,5,9,2,1,6.4
101078,INSURANCE,20,1,7,1,6,3,13,4,0,51.19
101045,CREDIT_CARD,12,1,9,1,2,4,10,3,1,5.92
101078,ACC_OPEN,25,1,12,1,3,5,14,2,1,12.03
101078,ONLINE_SUP,12,1,16,1,3,3,13,3,0,8.1
101078,LOAN,30,1,20,1,4,7,10,2,1,23.66
101056,CUST_SVC,10,1,22,1,6,4,14,2,1,17.74
101056,INSURANCE,20,1,4,1,9,5,10,3,1,50.85
101056,ONLINE_SUP,12,1,1,1,7,5,10,2,1,21.3
101045,FIXED_DEP,15,1,30,1,14,6,9,1,1,46.26
101033,BIZ_BANK,18,0,22,1,5,3,16,4,1,26.72
101045,REMITTANCE,10,0,26,1,8,6,14,5,1,16.71
101012,INSURANCE,20,0,31,1,10,5,16,4,1,48.58
101045,ACC_OPEN,25,0,7,0,2,5,14,3,1,10.61
101045,ATM_CDM,8,1,2,1,4,2,13,4,0,16.63
101078,LOAN,30,1,2,1,1,4,12,1,0,7.45
101078,REMITTANCE,10,0,19,1,5,2,12,2,0,21.93
101056,ATM_CDM,8,1,12,1,4,7,9,4,1,4.31
101045,DEPOSIT,6,1,1,1,4,5,14,5,1,3.37
101033,ACC_OPEN,25,1,10,1,1,3,13,4,0,13.13
101012,INSURANCE,20,1,28,1,13,6,10,5,1,69.55
101012,ATM_CDM,8,1,2,1,3,4,15,3,1,5.04
101056,ATM_CDM,8,1,8,1,6,4,12,1,0,17.68
101078,ATM_CDM,8,1,3,1,5,7,10,2,1,6.44
101033,CUST_SVC,10,1,20,1,9,7,9,3,1,17.33
101056,DEPOSIT,6,1,7,1,8,7,11,3,1,11.04
101033,INSURANCE,20,1,21,1,9,7,14,4,1,26.59
101033,CUST_SVC,10,1,18,1,3,4,12,1,0,11.74
101033,CUST_SVC,10,1,8,1,5,2,12,5,0,31.88
101045,DEPOSIT,6,0,12,1,4,8,15,2,1,1.73
101045,DEPOSIT,6,1,15,1,5,4,14,4,1,12.28
101078,CREDIT_CARD,12,1,14,1,16,5,10,1,1,83.32
101012,BIZ_BANK,18,1,6,1,10,5,11,5,1,41.77
101012,ATM_CDM,8,1,24,1,8,3,16,3,1,34.89
101012,ATM_CDM,8,1,26,1,15,7,14,3,1,18.19
101056,ATM_CDM,8,1,1,1,3,3,12,1,0,6.96
101056,CUST_SVC,10,1,1,1,3,4,12,4,0,5.11
101012,CUST_SVC,10,1,24,1,13,5,15,4,1,24.59
101012,ACC_OPEN,25,0,4,1,10,3,16,2,1,65.04
101045,CREDIT_CARD,12,1,18,1,7,7,11,2,1,22.71
101033,LOAN,30,1,7,1,7,8,10,2,1,23.78
101045,LOAN,30,0,24,1,6,2,12,2,0,76.6
101056,BIZ_BANK,18,1,3,1,0,7,11,4,1,1.02
101033,LOAN,30,1,10,1,7,7,16,2,1,25.59
101033,DEPOSIT,6,0,8,1,4,4,15,3,1,1.78
101056,CUST_SVC,10,1,3,1,6,3,12,5,0,14.5
101045,INSURANCE,20,1,27,1,10,6,11,1,1,26.09
101012,ONLINE_SUP,12,1,27,1,13,7,10,2,1,35.83
101078,FIXED_DEP,15,1,6,1,4,6,15,2,1,12.21
101078,ATM_CDM,8,1,11,1,7,7,15,4,1,12.48
101056,INSURANCE,20,1,18,1,10,6,10,3,1,21.38
101078,LOAN,30,0,14,1,7,5,14,3,1,43.7
101056,DEPOSIT,6,1,9,1,10,8,15,1,1,10.55
101078,ACC_OPEN,25,0,5,0,6,7,14,4,1,29.16
101012,CUST_SVC,10,0,18,1,7,7,16,3,1,8.36
101033,LOAN,30,0,18,1,7,4,11,2,1,47.61
101033,ATM_CDM,8,0,7,1,5,5,15,1,1,8.86
101012,ONLINE_SUP,12,0,23,1,7,7,14,4,1,19.19
101045,ONLINE_SUP,12,1,10,1,2,5,16,3,1,7.7
101056,CUST_SVC,10,1,11,1,6,4,10,4,1,23.13
101078,ACC_OPEN,25,1,8,1,5,6,15,5,1,21.83
101033,WITHDRAW,5,1,17,1,7,4,15,1,1,11.19
101012,LOAN,30,1,14,1,3,5,16,3,1,21.57
101045,DEPOSIT,6,0,8,0,10,5,15,5,1,18.73
101033,DEPOSIT,6,1,23,1,7,5,15,4,1,9.25
101078,CREDIT_CARD,12,1,22,1,6,3,16,2,1,26.69
101033,BIZ_BANK,18,1,2,1,8,6,14,1,1,24.71
101078,REMITTANCE,10,1,27,1,9,7,11,1,1,12.18
101033,INVEST,22,1,3,1,6,4,12,4,0,13.68
101045,LOAN,30,1,8,1,2,8,9,4,1,15.22
101012,CREDIT_CARD,12,1,12,1,15,4,9,1,1,44.43
101056,CUST_SVC,10,1,23,1,8,4,16,3,1,19.15
101033,WITHDRAW,5,0,10,0,2,5,9,2,1,2.78
101012,DEPOSIT,6,0,11,1,4,5,14,1,1,3.79
101033,ATM_CDM,8,0,11,1,1,4,16,1,1,3.54
101045,ACC_OPEN,25,0,16,1,3,4,16,3,1,15.66
101033,CREDIT_CARD,12,1,11,1,12,4,9,2,1,50.1
101033,CREDIT_CARD,12,1,8,1,5,7,15,3,1,10.95
101078,WITHDRAW,5,1,4,1,4,6,11,3,1,4.56
101045,DEPOSIT,6,0,20,1,9,6,10,1,1,6.72
101056,INSURANCE,20,1,27,1,6,3,12,2,0,39.98
101033,CREDIT_CARD,12,1,12,1,7,5,14,1,1,19.91
101078,BIZ_BANK,18,0,20,1,7,3,16,1,1,37.62
101045,DEPOSIT,6,0,12,1,2,4,16,3,1,0.41
101012,LOAN,30,1,4,1,9,5,14,2,1,64.82
101045,FIXED_DEP,15,0,17,1,7,5,9,1,1,23.41
101078,DEPOSIT,6,1,1,1,10,6,10,5,1,11.19
101056,FIXED_DEP,15,1,26,1,8,6,10,2,1,20.17
101033,CUST_SVC,10,1,22,1,8,6,15,2,1,8.59
101045,ONLINE_SUP,12,1,4,1,5,6,16,1,1,8.0
101045,CUST_SVC,10,1,9,1,3,2,13,5,0,17.28
101012,REMITTANCE,10,1,10,1,11,4,10,2,1,20.8
101012,INSURANCE,20,1,14,1,8,6,15,4,1,38.16
101033,BIZ_BANK,18,1,18,1,3,7,10,3,1,8.16
101033,CUST_SVC,10,1,27,1,6,4,14,3,1,17.31
101033,ATM_CDM,8,0,15,1,10,7,14,2,1,6.62
101045,ATM_CDM,8,0,1,1,4,3,12,1,0,14.08
101045,ATM_CDM,8,0,12,1,1,7,11,4,1,1.75
101078,ACC_OPEN,25,1,22,1,6,3,16,2,1,66.51
101056,REMITTANCE,10,0,36,1,9,5,14,1,1,23.65
101078,CREDIT_CARD,12,1,28,1,7,6,16,1,1,12.43
101045,DEPOSIT,6,0,2,1,4,6,16,4,1,6.03
101056,ACC_OPEN,25,1,16,1,4,2,12,1,0,56.92
101078,CUST_SVC,10,1,17,1,8,5,11,5,1,22.49
101056,ACC_OPEN,25,1,7,1,4,8,15,5,1,11.31
101033,CREDIT_CARD,12,0,17,1,4,3,13,1,0,14.51
101056,ONLINE_SUP,12,0,20,1,8,5,10,4,1,18.95
101012,WITHDRAW,5,1,29,1,8,4,14,1,1,12.9
101056,LOAN,30,0,31,1,11,6,15,2,1,53.91
101078,INVEST,22,0,19,0,4,5,14,3,1,13.09
101045,DEPOSIT,6,1,24,1,6,5,11,4,1,6.33
101078,DEPOSIT,6,1,25,1,7,6,14,1,1,8.78
101033,DEPOSIT,6,1,21,1,6,7,9,2,1,6.92
101033,ACC_OPEN,25,1,8,1,9,4,11,5,1,65.29
101045,ACC_OPEN,25,1,30,1,7,4,11,5,1,53.5
101056,FIXED_DEP,15,0,24,1,7,5,16,1,1,24.85
101033,ACC_OPEN,25,1,34,1,9,6,9,5,1,41.38
101045,CUST_SVC,10,1,8,1,9,7,9,1,1,18.51
101078,CUST_SVC,10,0,16,0,4,5,11,5,1,4.94
101056,INSURANCE,20,1,21,1,7,4,15,2,1,42.92
101045,REMITTANCE,10,1,10,1,7,4,9,1,1,25.11
101078,WITHDRAW,5,0,17,0,5,5,15,2,1,6.87
101056,INSURANCE,20,1,17,1,9,5,16,4,1,50.7
101045,LOAN,30,0,30,1,7,4,9,4,1,34.25
101033,INSURANCE,20,1,23,1,6,4,13,1,0,17.84
101045,CUST_SVC,10,1,3,1,1,6,14,5,1,0.34
101078,CREDIT_CARD,12,1,27,1,8,4,16,2,1,22.3
101078,INVEST,22,1,14,1,5,3,16,1,1,53.52
101033,CUST_SVC,10,0,18,0,5,7,14,2,1,9.34
101012,CREDIT_CARD,12,1,23,1,10,7,9,1,1,13.56
101033,FIXED_DEP,15,0,2,1,5,6,9,2,1,14.69
101045,INVEST,22,1,8,1,13,6,14,1,1,47.5
101012,BIZ_BANK,18,1,18,1,5,3,13,1,0,33.12
101033,ONLINE_SUP,12,1,20,1,6,5,15,3,1,11.09
101012,DEPOSIT,6,0,15,0,7,4,12,1,0,8.84
101078,CREDIT_CARD,12,0,21,1,7,2,13,1,0,36.81
101045,BIZ_BANK,18,1,14,1,4,6,10,2,1,4.17
101056,ATM_CDM,8,0,3,1,9,7,9,2,1,11.91
101078,ATM_CDM,8,1,21,1,8,6,14,2,1,12.54
101045,ONLINE_SUP,12,1,19,1,5,4,9,2,1,24.94
101045,ACC_OPEN,25,1,7,1,6,2,12,2,0,55.38
101012,LOAN,30,0,3,1,11,4,10,5,1,76.45
101012,DEPOSIT,6,1,28,1,13,5,9,4,1,16.88
101056,DEPOSIT,6,1,11,1,14,4,11,1,1,12.35
101078,CUST_SVC,10,1,12,1,7,3,13,1,0,33.86
101012,CREDIT_CARD,12,1,30,1,8,4,15,4,1,22.55
101056,ATM_CDM,8,1,33,1,8,5,14,2,1,15.61
101078,REMITTANCE,10,0,23,1,5,4,16,1,1,17.03
101045,BIZ_BANK,18,1,27,1,6,2,12,1,0,60.38
101056,DEPOSIT,6,1,11,1,2,4,12,2,0,2.91
101078,REMITTANCE,10,1,20,1,11,6,10,1,1,17.7
101078,LOAN,30,0,19,1,4,7,11,3,1,15.7
101033,ACC_OPEN,25,1,18,1,10,5,9,5,1,87.88
101012,DEPOSIT,6,1,14,1,10,3,16,2,1,19.01
101012,REMITTANCE,10,1,9,1,8,4,12,2,0,16.57
101045,ONLINE_SUP,12,1,12,1,5,6,11,2,1,17.27
101056,CUST_SVC,10,0,24,1,5,4,10,2,1,13.47
101078,INSURANCE,20,1,17,1,7,6,14,2,1,25.18
101033,ATM_CDM,8,1,10,1,9,5,9,5,1,18.67
101056,DEPOSIT,6,0,2,1,5,2,13,5,0,10.73
101078,CUST_SVC,10,1,3,1,5,3,13,1,0,14.91
101045,ATM_CDM,8,0,25,1,6,5,10,4,1,9.29
101012,FIXED_DEP,15,0,31,1,9,5,16,2,1,24.87
101056,BIZ_BANK,18,1,24,1,7,5,15,2,1,39.52
101033,DEPOSIT,6,1,3,1,5,6,16,5,1,5.3
101056,DEPOSIT,6,1,10,1,3,4,12,4,0,4.31
101045,BIZ_BANK,18,1,19,1,4,7,10,4,1,12.93
101078,DEPOSIT,6,1,14,1,9,6,14,4,1,9.78
101012,ACC_OPEN,25,1,14,1,10,5,14,5,1,58.99
101033,CUST_SVC,10,1,4,1,10,7,15,5,1,18.94
101033,INVEST,22,1,30,1,8,5,10,3,1,31.55
101078,LOAN,30,0,1,1,4,6,14,2,1,11.17
101078,CUST_SVC,10,0,12,1,10,5,9,5,1,34.23
101045,CREDIT_CARD,12,1,12,1,3,7,11,3,1,5.36
101045,FIXED_DEP,15,1,19,1,4,5,16,4,1,14.79
101078,DEPOSIT,6,0,27,1,6,3,13,3,0,5.56
101012,LOAN,30,1,14,1,6,3,12,3,0,37.63
101078,INSURANCE,20,1,17,1,12,5,10,5,1,35.94
101078,BIZ_BANK,18,0,19,1,5,4,9,3,1,21.26
101056,CUST_SVC,10,0,8,1,5,4,11,3,1,9.84
101078,DEPOSIT,6,1,16,1,3,6,15,4,1,3.45
101078,CUST_SVC,10,1,15,1,3,3,12,1,0,8.76
101056,CUST_SVC,10,1,4,1,4,8,11,4,1,6.98
101033,ATM_CDM,8,1,3,1,5,4,10,5,1,8.87
101033,LOAN,30,1,20,1,4,2,12,3,0,33.97
101056,DEPOSIT,6,1,23,1,6,7,10,1,1,9.34
101033,BIZ_BANK,18,1,17,1,8,6,14,1,1,29.43
101033,CUST_SVC,10,1,27,1,8,6,11,5,1,16.69
101078,INSURANCE,20,0,17,1,5,4,11,5,1,19.05
101033,LOAN,30,1,5,1,10,7,14,5,1,55.44
101056,ATM_CDM,8,1,9,1,6,4,13,3,0,8.54
101012,CREDIT_CARD,12,1,8,1,11,6,16,1,1,31.85
101033,CUST_SVC,10,1,5,1,7,5,11,4,1,19.61
101056,ATM_CDM,8,0,15,0,4,2,13,2,0,17.49
101045,BIZ_BANK,18,1,18,1,7,6,10,1,1,31.39
101033,CREDIT_CARD,12,1,19,1,7,7,15,5,1,12.56
101012,CREDIT_CARD,12,1,5,1,7,7,14,4,1,20.58
101056,DEPOSIT,6,1,38,1,16,6,11,3,1,15.06
101078,INVEST,22,1,30,1,7,7,10,3,1,16.93
101078,CUST_SVC,10,0,8,1,2,4,9,2,1,4.25
101078,DEPOSIT,6,1,8,1,8,4,9,2,1,15.92
101045,CREDIT_CARD,12,1,20,1,9,4,15,5,1,27.94
101033,ATM_CDM,8,1,24,1,6,3,12,2,0,20.72
101045,INSURANCE,20,1,10,1,6,4,16,5,1,42.09
101012,CUST_SVC,10,0,20,1,7,7,15,4,1,9.03
101012,DEPOSIT,6,1,14,1,4,7,16,1,1,6.01
101056,CUST_SVC,10,0,18,1,4,4,13,1,0,6.8
101012,ATM_CDM,8,1,31,1,12,6,9,5,1,24.86
101033,FIXED_DEP,15,1,6,1,8,6,15,3,1,14.56
101033,LOAN,30,0,1,1,9,6,16,3,1,34.29
101056,INSURANCE,20,1,6,1,4,5,9,2,1,15.46
101012,ONLINE_SUP,12,0,21,1,6,3,13,4,0,16.75
101056,BIZ_BANK,18,1,19,1,13,5,9,1,1,36.22
101056,ATM_CDM,8,0,26,1,8,6,11,1,1,9.94
101033,CREDIT_CARD,12,0,35,0,13,8,11,2,1,16.53
101012,INSURANCE,20,0,32,1,12,4,13,1,0,68.68
101045,CREDIT_CARD,12,1,4,1,1,7,9,4,1,2.25
101078,DEPOSIT,6,0,11,1,4,4,9,2,1,7.56
101056,ACC_OPEN,25,0,3,1,10,4,11,2,1,49.41
101056,DEPOSIT,6,0,20,1,9,3,16,5,1,12.95
101012,FIXED_DEP,15,0,9,1,4,3,12,5,0,12.07
101056,DEPOSIT,6,0,27,1,9,4,10,4,1,11.35
101033,DEPOSIT,6,1,12,1,6,5,16,4,1,7.82
101056,ATM_CDM,8,0,3,1,5,4,10,2,1,7.34
101033,ATM_CDM,8,1,4,1,11,6,10,5,1,23.46
101045,FIXED_DEP,15,1,6,1,3,4,12,4,0,14.05
101033,ATM_CDM,8,1,9,1,7,3,16,5,1,12.2
101056,INSURANCE,20,0,1,1,4,6,9,3,1,14.39
101078,INSURANCE,20,0,19,1,4,5,14,5,1,19.78
101056,CREDIT_CARD,12,0,10,1,3,4,14,2,1,13.46
101033,CUST_SVC,10,0,2,0,2,4,13,4,0,8.42
101078,DEPOSIT,6,1,1,1,3,5,11,4,1,4.31
101033,ONLINE_SUP,12,1,11,1,5,3,16,4,1,21.29
101056,CUST_SVC,10,0,17,1,8,6,10,1,1,18.87
101033,REMITTANCE,10,1,26,1,8,6,15,1,1,11.9
101033,ONLINE_SUP,12,1,10,1,7,2,13,2,0,33.24
101012,CUST_SVC,10,1,2,1,11,6,15,5,1,22.4
101012,ATM_CDM,8,1,4,1,4,2,12,4,0,14.18
101056,DEPOSIT,6,0,4,1,7,3,13,4,0,8.19
101033,REMITTANCE,10,1,5,1,6,5,10,1,1,19.46
101033,ATM_CDM,8,0,17,1,9,6,11,1,1,14.26
101056,FIXED_DEP,15,0,17,1,9,6,11,3,1,20.38
101033,LOAN,30,0,16,1,7,7,15,3,1,27.11
101056,FIXED_DEP,15,1,28,1,12,4,9,4,1,76.77
101033,ATM_CDM,8,0,9,1,7,5,11,5,1,18.09
101045,INSURANCE,20,1,10,1,2,2,13,1,0,16.56
101012,LOAN,30,1,23,1,11,6,16,3,1,81.53
101056,CUST_SVC,10,1,19,1,12,4,10,1,1,49.55
101045,WITHDRAW,5,1,18,1,3,4,10,3,1,3.65
101078,ACC_OPEN,25,1,13,1,3,6,14,4,1,9.82
101033,INSURANCE,20,0,24,1,9,6,15,1,1,29.41
101078,CUST_SVC,10,0,17,1,11,6,10,3,1,13.36
101012,DEPOSIT,6,1,54,1,15,6,10,3,1,20.34
101045,BIZ_BANK,18,1,12,1,6,5,15,3,1,17.17
101078,ATM_CDM,8,1,14,1,6,4,15,2,1,8.42
101078,CUST_SVC,10,0,9,1,0,4,12,4,0,0.8
101078,DEPOSIT,6,0,16,1,4,4,15,1,1,8.32
101012,DEPOSIT,6,1,4,1,10,4,10,2,1,11.37
101045,INVEST,22,1,32,1,10,4,9,1,1,41.61
101045,ATM_CDM,8,1,15,1,7,6,16,2,1,14.89
101056,ATM_CDM,8,0,7,1,9,4,10,2,1,12.9
101045,ATM_CDM,8,1,9,1,1,4,12,1,0,0.0
101033,ATM_CDM,8,0,8,1,1,8,14,4,1,3.18
101045,DEPOSIT,6,0,22,1,6,4,15,2,1,8.29
101033,ACC_OPEN,25,0,20,1,9,7,14,5,1,32.81
101078,CUST_SVC,10,1,7,1,2,2,13,5,0,13.58
101078,ONLINE_SUP,12,1,11,1,5,6,16,3,1,11.51
101056,CUST_SVC,10,1,7,1,7,4,14,1,1,15.57
101056,INVEST,22,0,17,1,6,5,9,2,1,22.66
101033,DEPOSIT,6,1,16,1,9,5,10,1,1,8.8
101056,INVEST,22,1,24,1,8,6,15,5,1,42.57
101045,ACC_OPEN,25,1,9,1,6,8,15,5,1,12.09
101045,DEPOSIT,6,0,15,0,2,6,10,5,1,1.22
101012,WITHDRAW,5,1,9,1,10,3,16,1,1,21.57
101012,DEPOSIT,6,0,30,1,9,4,15,2,1,18.36
101078,WITHDRAW,5,1,9,1,5,4,9,5,1,7.36
101012,CUST_SVC,10,1,14,1,8,7,10,2,1,14.15
101033,DEPOSIT,6,1,6,1,5,3,13,1,0,11.1
101033,ACC_OPEN,25,0,15,1,4,4,10,5,1,6.53
101033,CREDIT_CARD,12,1,3,1,2,7,9,1,1,4.13
101045,DEPOSIT,6,0,7,1,3,7,10,4,1,4.94
101045,DEPOSIT,6,1,20,1,4,3,12,4,0,9.95
101056,CREDIT_CARD,12,1,4,1,4,4,9,4,1,11.0
101033,ATM_CDM,8,0,9,1,5,4,12,4,0,8.5
101045,CREDIT_CARD,12,1,2,1,5,5,15,2,1,14.5
101078,CUST_SVC,10,1,32,1,12,6,9,1,1,24.29
101078,ATM_CDM,8,1,2,1,1,3,16,3,1,3.72
101045,ATM_CDM,8,1,6,1,6,4,15,3,1,17.59
101045,DEPOSIT,6,1,16,1,3,2,13,5,0,10.44
101045,ATM_CDM,8,1,2,1,6,5,16,2,1,15.95
101033,DEPOSIT,6,0,19,0,5,5,10,4,1,5.66
101033,INVEST,22,1,1,1,10,5,9,3,1,47.65
101033,ONLINE_SUP,12,1,3,1,3,5,11,4,1,6.91
101012,CUST_SVC,10,1,1,1,9,4,10,2,1,22.06
101056,DEPOSIT,6,0,20,1,4,3,12,3,0,6.33
101033,BIZ_BANK,18,1,12,1,5,4,9,1,1,25.81
101045,CUST_SVC,10,1,14,1,2,3,16,2,1,9.73
101078,BIZ_BANK,18,1,15,1,8,7,10,2,1,30.82
101012,DEPOSIT,6,1,24,1,9,5,15,4,1,20.97
101056,CREDIT_CARD,12,1,11,1,7,4,11,2,1,20.9
101012,REMITTANCE,10,1,8,1,8,5,14,5,1,5.85
101033,ONLINE_SUP,12,0,26,1,16,6,10,5,1,34.85
101078,REMITTANCE,10,1,9,1,4,5,16,4,1,11.6
101033,WITHDRAW,5,0,3,1,5,5,11,3,1,2.81
101078,ACC_OPEN,25,1,13,1,2,4,14,1,1,11.12
101045,DEPOSIT,6,1,10,1,5,5,10,5,1,5.63
101078,CUST_SVC,10,1,19,1,5,2,12,5,0,18.13
101078,DEPOSIT,6,1,13,1,4,6,11,3,1,3.97
101078,DEPOSIT,6,1,17,1,5,3,13,2,0,10.11
101056,ATM_CDM,8,1,31,1,8,6,9,2,1,10.18
101045,CUST_SVC,10,1,1,1,4,4,13,1,0,10.34
101033,ATM_CDM,8,0,36,1,11,5,9,5,1,20.04
101056,ACC_OPEN,25,1,2,1,6,5,11,1,1,37.38
101056,ATM_CDM,8,1,15,1,6,5,16,3,1,11.02
101012,CUST_SVC,10,0,22,0,10,6,11,3,1,25.9
101078,CREDIT_CARD,12,0,2,1,2,3,12,1,0,5.16
101056,FIXED_DEP,15,1,22,1,11,6,10,3,1,52.05
101078,CREDIT_CARD,12,0,31,1,8,8,15,1,1,5.32
101033,LOAN,30,1,18,1,13,4,10,1,1,90.0
101012,ONLINE_SUP,12,1,1,1,8,7,15,1,1,15.46
101078,ATM_CDM,8,1,1,1,6,8,11,1,1,5.12
101078,REMITTANCE,10,1,8,1,6,4,9,2,1,17.9
101033,ATM_CDM,8,0,39,1,10,6,9,1,1,9.2
101056,CUST_SVC,10,1,15,1,7,5,11,2,1,15.67
101078,DEPOSIT,6,1,26,1,6,4,11,1,1,15.68
101056,WITHDRAW,5,0,18,1,8,3,16,1,1,17.0
101045,CREDIT_CARD,12,0,23,1,7,5,9,5,1,11.57
101045,DEPOSIT,6,1,17,1,4,6,14,3,1,5.51
101012,CREDIT_CARD,12,1,13,1,3,2,12,2,0,12.51
101012,ATM_CDM,8,0,1,1,10,4,13,2,0,17.56
101012,DEPOSIT,6,1,3,1,1,6,14,2,1,1.41
101033,REMITTANCE,10,1,7,1,3,6,15,3,1,4.89
101078,CUST_SVC,10,1,29,1,7,5,9,5,1,16.84
101045,ATM_CDM,8,1,21,1,4,3,16,3,1,13.86
101045,CUST_SVC,10,0,11,1,6,3,12,1,0,21.19
101033,CREDIT_CARD,12,1,6,1,7,2,12,3,0,57.2
101033,ATM_CDM,8,1,7,1,6,4,10,4,1,17.42
101033,DEPOSIT,6,1,15,1,3,5,10,4,1,5.85
101012,ATM_CDM,8,1,13,1,5,4,11,2,1,6.6
101056,BIZ_BANK,18,1,11,1,4,2,12,1,0,35.66
101056,ONLINE_SUP,12,1,22,1,6,4,14,3,1,23.31
101033,FIXED_DEP,15,0,7,1,7,6,9,5,1,26.61
101033,CUST_SVC,10,1,4,1,3,6,9,1,1,7.45
101012,FIXED_DEP,15,0,28,1,7,4,16,5,1,27.43
101078,CUST_SVC,10,0,14,0,6,8,11,5,1,10.34
101033,CUST_SVC,10,1,21,1,4,3,16,2,1,13.24
101056,ACC_OPEN,25,0,4,1,4,7,9,3,1,12.97
101045,DEPOSIT,6,1,7,1,12,5,15,1,1,20.28
101056,DEPOSIT,6,1,10,1,5,4,14,4,1,6.99
101045,WITHDRAW,5,1,35,1,11,7,10,1,1,12.77
101033,LOAN,30,1,31,1,9,6,15,1,1,41.51
101056,FIXED_DEP,15,0,15,1,6,2,13,5,0,30.63
101045,DEPOSIT,6,0,11,1,1,4,11,1,1,0.49
101012,BIZ_BANK,18,1,16,1,5,6,11,3,1,16.05
101045,DEPOSIT,6,1,22,1,6,6,9,1,1,4.25
101033,REMITTANCE,10,1,16,1,5,6,14,2,1,6.54
101078,FIXED_DEP,15,1,22,1,8,4,10,1,1,47.01
101056,LOAN,30,1,10,1,1,4,11,1,1,8.48
101045,BIZ_BANK,18,1,27,1,6,5,10,1,1,32.95
101056,ONLINE_SUP,12,1,4,1,7,8,10,3,1,13.94
101045,DEPOSIT,6,1,23,1,5,4,10,4,1,9.43
101056,CREDIT_CARD,12,0,1,1,5,6,14,3,1,3.27
101033,FIXED_DEP,15,0,19,0,4,4,10,1,1,20.1
101078,REMITTANCE,10,1,18,1,7,6,15,1,1,13.61
101033,CUST_SVC,10,0,33,1,10,7,10,4,1,17.37
101045,ONLINE_SUP,12,0,4,0,4,5,10,3,1,11.92
101045,BIZ_BANK,18,1,18,1,3,5,9,5,1,15.53
101045,DEPOSIT,6,1,4,1,4,2,13,2,0,12.01
101078,LOAN,30,1,18,1,6,5,9,2,1,32.51
101056,ONLINE_SUP,12,0,27,1,6,6,11,4,1,13.59
101045,INVEST,22,0,3,1,3,5,9,4,1,14.15
101056,ATM_CDM,8,0,8,1,10,5,15,1,1,15.08
101033,ATM_CDM,8,0,18,1,4,6,9,3,1,4.82
101056,LOAN,30,1,12,1,12,8,10,5,1,78.42
101033,FIXED_DEP,15,0,6,1,8,5,9,1,1,12.11
101033,DEPOSIT,6,0,19,1,5,5,15,4,1,8.38
101056,WITHDRAW,5,1,14,1,9,7,15,4,1,9.35
101045,CREDIT_CARD,12,1,4,1,3,6,15,4,1,4.87
101078,DEPOSIT,6,1,17,1,12,7,15,2,1,6.79
101012,CREDIT_CARD,12,0,22,0,11,6,9,5,1,21.44
101078,DEPOSIT,6,1,19,1,7,4,15,5,1,13.24
101033,INSURANCE,20,1,26,1,9,5,15,5,1,35.29
101056,CUST_SVC,10,1,15,1,2,4,16,4,1,6.77
101012,CUST_SVC,10,1,10,1,3,2,12,3,0,12.63
101056,WITHDRAW,5,1,6,1,8,3,16,1,1,19.26
101056,DEPOSIT,6,1,12,1,9,5,10,1,1,16.37
101033,LOAN,30,0,11,1,2,3,13,3,0,12.38
101045,ACC_OPEN,25,0,5,1,3,2,12,2,0,46.87
101045,DEPOSIT,6,0,26,0,7,2,12,5,0,14.17
101012,CUST_SVC,10,1,24,1,11,7,15,2,1,15.83
101033,ONLINE_SUP,12,1,34,1,13,7,15,1,1,25.78
101078,CUST_SVC,10,1,17,1,7,3,12,5,0,31.87
101033,BIZ_BANK,18,1,25,1,6,5,15,3,1,19.28
101045,CREDIT_CARD,12,0,7,1,5,6,14,2,1,7.91
101045,CUST_SVC,10,1,9,1,6,3,16,5,1,38.94
101033,ATM_CDM,8,1,6,1,1,4,13,4,0,2.11
101056,DEPOSIT,6,1,9,1,9,6,9,1,1,11.44
101078,ONLINE_SUP,12,1,25,1,10,6,10,1,1,35.26
101056,ATM_CDM,8,1,1,1,5,6,14,5,1,8.59
101045,WITHDRAW,5,1,27,1,8,5,10,2,1,10.47
101045,LOAN,30,1,12,1,5,3,16,2,1,47.81
101012,DEPOSIT,6,1,6,1,9,2,13,5,0,22.36
101045,WITHDRAW,5,1,7,1,3,4,14,1,1,5.39
101045,BIZ_BANK,18,0,14,1,5,4,9,2,1,19.39
101045,WITHDRAW,5,0,5,1,7,7,16,2,1,4.85
101045,ATM_CDM,8,1,5,1,5,8,15,5,1,2.55
101033,CREDIT_CARD,12,1,2,1,8,5,15,5,1,28.1
101012,CUST_SVC,10,1,24,1,7,4,16,5,1,18.04
101045,CUST_SVC,10,1,14,1,9,5,9,4,1,23.6
101045,DEPOSIT,6,1,14,1,5,6,15,3,1,7.77
101012,REMITTANCE,10,1,2,1,2,5,9,4,1,6.26
101012,DEPOSIT,6,0,14,0,3,2,12,3,0,9.15
101078,REMITTANCE,10,1,11,1,8,4,15,1,1,10.52
101045,CREDIT_CARD,12,1,2,1,4,4,14,2,1,13.51
101056,REMITTANCE,10,1,8,1,2,3,12,3,0,6.7
101033,CREDIT_CARD,12,1,20,1,6,7,9,5,1,10.99
101078,CUST_SVC,10,0,15,1,5,2,12,3,0,27.15
101045,CUST_SVC,10,1,18,1,5,3,16,5,1,8.76
101033,CUST_SVC,10,0,18,1,7,7,9,2,1,12.07
101078,CUST_SVC,10,0,25,1,6,3,16,5,1,20.71
101033,DEPOSIT,6,0,29,1,7,6,10,3,1,7.22
101033,INSURANCE,20,1,11,1,9,7,10,5,1,28.65
101078,DEPOSIT,6,1,11,1,7,6,9,5,1,6.8
101033,CUST_SVC,10,1,17,1,10,4,9,4,1,37.89
101012,ONLINE_SUP,12,1,17,1,4,3,12,4,0,18.48
101033,ATM_CDM,8,1,29,1,9,4,9,2,1,32.39
101033,ACC_OPEN,25,1,27,1,6,5,16,3,1,33.23
101033,BIZ_BANK,18,1,19,1,4,3,12,1,0,33.82
101078,DEPOSIT,6,1,29,1,7,4,10,3,1,5.87
101033,CUST_SVC,10,0,38,1,12,7,9,2,1,8.17
101056,ATM_CDM,8,0,36,1,14,8,15,5,1,14.45
101056,DEPOSIT,6,1,3,1,4,2,13,4,0,12.53
101056,ONLINE_SUP,12,0,18,1,4,6,14,1,1,3.94
101033,CREDIT_CARD,12,0,36,1,9,5,11,2,1,13.88
101012,CUST_SVC,10,1,20,1,11,5,16,1,1,25.19
101078,ATM_CDM,8,0,2,1,5,4,11,4,1,11.25
101033,REMITTANCE,10,1,5,1,5,5,11,1,1,10.07
101045,ACC_OPEN,25,1,33,1,9,6,10,1,1,53.54
101078,INSURANCE,20,0,28,1,7,3,16,2,1,40.59
101078,CREDIT_CARD,12,1,14,1,9,6,10,1,1,28.56
101012,CUST_SVC,10,1,4,1,6,4,16,1,1,16.55
101045,ATM_CDM,8,1,15,1,3,3,12,1,0,9.49
101033,CREDIT_CARD,12,1,11,1,3,4,9,2,1,11.88
101045,CREDIT_CARD,12,1,13,1,3,4,15,2,1,13.28
101056,ATM_CDM,8,1,26,1,6,5,10,4,1,11.95
101012,ONLINE_SUP,12,0,31,0,13,6,10,5,1,18.33
101012,ACC_OPEN,25,0,17,1,8,6,14,4,1,33.12
101056,FIXED_DEP,15,1,14,1,4,6,15,1,1,18.9
101078,DEPOSIT,6,1,29,1,10,4,15,4,1,14.89
101012,WITHDRAW,5,1,8,1,13,8,10,1,1,12.86
101012,LOAN,30,1,28,1,12,6,10,3,1,62.46
101012,CUST_SVC,10,1,20,1,14,5,10,1,1,38.09
101045,DEPOSIT,6,1,5,1,7,4,10,3,1,12.75
101045,INVEST,22,0,2,1,4,7,11,4,1,11.39
101078,CUST_SVC,10,1,1,1,12,5,11,4,1,39.98
101012,DEPOSIT,6,1,54,1,16,4,15,1,1,35.32
101012,ATM_CDM,8,1,1,1,6,4,13,1,0,9.56
101045,BIZ_BANK,18,1,12,1,5,5,11,1,1,30.73
101045,ONLINE_SUP,12,0,6,1,4,4,10,1,1,16.82
101045,INVEST,22,1,20,1,5,6,11,5,1,17.46
101056,CUST_SVC,10,1,21,1,6,4,10,3,1,17.68
101012,DEPOSIT,6,1,23,1,8,5,11,5,1,11.16
101012,CUST_SVC,10,0,6,1,11,6,10,3,1,25.37
101045,INSURANCE,20,1,17,1,6,7,9,3,1,31.47
101045,CREDIT_CARD,12,1,20,1,8,7,15,5,1,13.34
101045,FIXED_DEP,15,0,4,1,7,5,11,1,1,16.63
101078,FIXED_DEP,15,0,33,1,8,4,15,2,1,25.57
101045,ATM_CDM,8,0,9,0,3,5,14,3,1,5.13
101078,WITHDRAW,5,1,21,1,5,6,9,1,1,6.79
101045,DEPOSIT,6,1,1,1,0,4,12,3,0,0.34
101045,REMITTANCE,10,1,2,1,2,4,12,4,0,5.68
101056,DEPOSIT,6,1,16,1,5,3,13,5,0,10.63
101056,DEPOSIT,6,1,9,1,4,7,9,4,1,5.08
101078,ATM_CDM,8,1,3,1,6,3,12,5,0,13.13
101033,INSURANCE,20,1,5,1,2,6,10,3,1,4.51
101078,CUST_SVC,10,1,27,1,10,7,9,5,1,16.76
101045,ATM_CDM,8,1,5,1,3,7,10,4,1,3.74
101033,FIXED_DEP,15,1,29,1,7,5,11,1,1,21.3
101056,FIXED_DEP,15,1,11,1,4,8,10,5,1,10.68
101033,BIZ_BANK,18,1,33,1,8,4,10,1,1,45.59
101012,REMITTANCE,10,1,15,1,7,3,13,4,0,22.25
101045,ACC_OPEN,25,0,22,1,7,4,10,2,1,20.8
101012,CREDIT_CARD,12,1,23,1,13,5,9,1,1,39.13
101078,ACC_OPEN,25,1,23,1,5,4,12,2,0,36.11
101078,CUST_SVC,10,0,2,1,5,6,9,3,1,6.31
101056,ATM_CDM,8,1,8,1,8,5,9,2,1,10.88
101033,DEPOSIT,6,1,9,1,3,3,12,5,0,8.37
101045,CREDIT_CARD,12,1,15,1,5,4,9,3,1,21.03
101056,ACC_OPEN,25,0,20,1,13,7,15,4,1,74.53
101045,ATM_CDM,8,1,9,1,6,6,14,4,1,12.63
101045,CREDIT_CARD,12,1,14,1,7,5,9,5,1,9.75
101045,CUST_SVC,10,1,14,1,3,5,16,1,1,3.72
101056,CREDIT_CARD,12,1,19,1,4,3,12,2,0,14.43
101033,INVEST,22,0,19,1,5,5,10,4,1,14.52
101056,ATM_CDM,8,1,15,1,7,3,13,1,0,18.02
101056,CREDIT_CARD,12,0,11,1,4,3,12,4,0,12.38
101078,ACC_OPEN,25,1,20,1,7,8,9,5,1,14.82
101045,INVEST,22,0,10,1,6,4,10,3,1,31.85
101078,ONLINE_SUP,12,1,3,1,3,4,16,1,1,12.6
101078,INSURANCE,20,1,3,1,6,5,15,4,1,29.48
101078,ATM_CDM,8,1,1,1,3,6,10,4,1,2.68
101033,DEPOSIT,6,1,15,1,15,5,10,5,1,18.01
101012,DEPOSIT,6,1,6,1,2,4,12,4,0,4.42
101056,REMITTANCE,10,0,11,1,4,6,11,4,1,6.82
101045,ACC_OPEN,25,1,18,1,4,6,14,4,1,22.82
101078,BIZ_BANK,18,1,1,1,5,8,10,1,1,10.85
101033,DEPOSIT,6,0,27,1,11,4,9,1,1,14.86
101078,CUST_SVC,10,1,24,1,7,6,11,3,1,9.77
101078,LOAN,30,1,19,1,5,5,9,1,1,46.19
101045,REMITTANCE,10,0,12,1,8,4,14,1,1,21.81
101045,ACC_OPEN,25,1,14,1,6,5,14,2,1,32.09
101056,FIXED_DEP,15,1,20,1,4,5,11,1,1,6.54
101045,LOAN,30,1,4,1,4,7,14,4,1,10.71
101012,DEPOSIT,6,1,1,1,9,6,9,2,1,9.2
101045,CUST_SVC,10,1,3,1,1,2,13,4,0,5.02
101012,ACC_OPEN,25,1,12,1,12,6,15,5,1,40.57
101078,INVEST,22,1,27,1,6,7,16,4,1,30.01
101045,ATM_CDM,8,1,12,1,1,6,10,4,1,2.47
101078,DEPOSIT,6,0,22,1,5,3,16,1,1,12.4
101078,INSURANCE,20,0,3,1,4,6,16,4,1,15.75
101078,WITHDRAW,5,1,20,1,4,5,11,4,1,3.64
101012,ACC_OPEN,25,1,22,1,9,4,14,2,1,63.32
101045,DEPOSIT,6,1,2,1,7,4,10,2,1,12.94
101012,REMITTANCE,10,0,18,0,6,6,9,3,1,15.06
101012,FIXED_DEP,15,1,5,1,13,6,10,5,1,46.4
101078,ATM_CDM,8,0,9,0,10,5,10,5,1,15.51
101045,ATM_CDM,8,1,11,1,8,6,9,4,1,4.47
101078,ONLINE_SUP,12,0,22,1,6,7,11,3,1,12.78
101078,LOAN,30,1,17,1,9,6,10,5,1,45.76
101045,ACC_OPEN,25,1,14,1,5,3,16,3,1,21.17
101078,BIZ_BANK,18,1,30,1,8,4,14,1,1,47.34
101078,ATM_CDM,8,0,7,1,8,6,14,1,1,13.19
101056,INSURANCE,20,0,7,1,4,6,11,3,1,18.35
101045,ATM_CDM,8,1,10,1,7,5,16,1,1,13.3
101078,ACC_OPEN,25,1,6,1,3,2,13,1,0,48.34
101078,REMITTANCE,10,1,29,1,7,5,14,1,1,11.54
101056,FIXED_DEP,15,1,20,1,11,4,9,1,1,42.68
101056,CUST_SVC,10,1,16,1,8,6,9,2,1,17.52
101012,ATM_CDM,8,1,6,1,0,2,12,4,0,0.43
101056,CUST_SVC,10,0,15,1,5,3,12,4,0,16.4
101012,DEPOSIT,6,0,4,1,3,3,13,3,0,6.54
101012,CREDIT_CARD,12,1,7,1,6,4,12,3,0,20.49
101012,BIZ_BANK,18,0,33,1,9,4,9,1,1,43.89
101045,ACC_OPEN,25,1,4,1,5,4,14,4,1,17.35
101012,REMITTANCE,10,1,6,1,15,5,15,1,1,36.73
101033,FIXED_DEP,15,0,19,1,6,8,15,3,1,7.17
101056,DEPOSIT,6,1,3,1,7,6,11,1,1,10.65
101012,LOAN,30,1,27,1,8,8,11,1,1,44.25
101045,ATM_CDM,8,1,11,1,2,7,14,3,1,1.98
101078,ATM_CDM,8,1,2,1,4,2,12,1,0,23.38
101033,FIXED_DEP,15,1,4,1,4,3,13,2,0,9.05
101045,DEPOSIT,6,1,3,1,1,4,13,1,0,1.61
101012,LOAN,30,1,15,1,9,6,10,3,1,57.54
101045,INVEST,22,1,22,1,5,7,15,5,1,13.39
101056,CUST_SVC,10,0,2,1,7,4,15,3,1,8.56
101078,CUST_SVC,10,1,21,1,7,5,11,1,1,11.96
101078,CREDIT_CARD,12,1,3,1,6,4,16,2,1,22.8
101078,CUST_SVC,10,0,4,1,3,4,13,1,0,8.56
101033,ATM_CDM,8,1,16,1,3,4,11,5,1,8.17
101045,CUST_SVC,10,0,26,1,6,4,9,5,1,10.73
101056,FIXED_DEP,15,0,9,1,2,4,12,2,0,4.14
101033,DEPOSIT,6,1,11,1,9,4,16,4,1,15.96
101045,CREDIT_CARD,12,1,7,1,3,2,13,2,0,9.51
101045,CUST_SVC,10,1,23,1,7,4,10,5,1,22.35
101056,CUST_SVC,10,0,3,1,4,6,9,1,1,6.2
101045,DEPOSIT,6,0,2,0,10,7,11,1,1,5.1
101045,ACC_OPEN,25,1,5,1,7,8,10,2,1,16.04
101033,REMITTANCE,10,0,20,1,7,6,10,3,1,8.41
101078,INSURANCE,20,1,11,1,3,3,13,3,0,13.39
101012,REMITTANCE,10,0,7,0,7,4,13,5,0,17.98
101056,CUST_SVC,10,0,24,1,7,4,10,2,1,16.88
101056,INVEST,22,1,17,1,7,7,9,2,1,22.54
101012,LOAN,30,1,4,1,4,3,12,3,0,17.73
101012,LOAN,30,1,40,1,11,5,11,3,1,74.8
101078,CREDIT_CARD,12,1,47,1,13,4,15,1,1,48.05
101012,ATM_CDM,8,1,21,1,11,5,9,4,1,16.61
101056,CUST_SVC,10,1,1,1,1,3,13,4,0,3.11
101033,INSURANCE,20,1,4,1,7,4,14,2,1,58.44
101045,ATM_CDM,8,1,2,1,5,5,16,5,1,9.66
101045,CUST_SVC,10,1,12,1,9,7,15,2,1,12.47
101056,ONLINE_SUP,12,0,7,1,3,4,11,5,1,9.97
101056,BIZ_BANK,18,1,14,1,4,4,13,3,0,16.11
101012,CREDIT_CARD,12,1,36,1,11,5,14,5,1,45.94
101056,INVEST,22,1,1,1,8,4,9,5,1,50.18
101056,REMITTANCE,10,0,9,1,9,4,16,3,1,24.3
101045,ACC_OPEN,25,1,3,1,6,4,9,4,1,43.27
101012,LOAN,30,0,13,1,5,6,14,5,1,24.08
101078,CREDIT_CARD,12,0,36,1,9,5,10,5,1,31.54
101056,WITHDRAW,5,1,13,1,6,7,10,2,1,4.84
101045,REMITTANCE,10,0,28,1,7,4,10,5,1,19.19
101045,WITHDRAW,5,0,2,1,3,4,12,1,0,3.26
101056,BIZ_BANK,18,1,10,1,7,5,15,3,1,30.74
101045,ATM_CDM,8,1,2,1,6,6,16,1,1,7.23
101045,DEPOSIT,6,1,9,1,3,8,10,2,1,2.47
101078,INSURANCE,20,1,33,1,9,4,14,2,1,56.24
101056,FIXED_DEP,15,1,4,1,1,3,16,3,1,5.94
101056,CREDIT_CARD,12,1,41,1,11,5,9,3,1,36.78
101045,DEPOSIT,6,0,6,1,6,5,11,5,1,6.03
101033,DEPOSIT,6,0,7,1,5,6,15,2,1,5.05
101012,CREDIT_CARD,12,1,4,1,12,5,10,1,1,38.04
101045,INSURANCE,20,0,21,0,5,4,11,3,1,14.24
101033,ATM_CDM,8,0,18,1,6,6,11,4,1,9.22
101045,DEPOSIT,6,1,20,1,4,2,13,1,0,17.96
101056,ATM_CDM,8,0,36,1,13,5,11,4,1,17.6
101078,ONLINE_SUP,12,1,4,1,6,4,13,4,0,21.49
101045,ONLINE_SUP,12,1,7,1,4,2,13,2,0,21.64
101033,ONLINE_SUP,12,1,22,1,6,4,15,1,1,8.76
101056,ONLINE_SUP,12,1,18,1,12,6,15,1,1,21.78
101078,BIZ_BANK,18,1,15,1,4,5,9,5,1,20.1
101078,INVEST,22,0,12,1,7,6,15,2,1,22.28
101033,ATM_CDM,8,0,3,1,2,4,12,5,0,0.0
101078,BIZ_BANK,18,0,4,1,2,3,13,4,0,10.84
101078,CUST_SVC,10,1,8,1,6,5,15,3,1,15.38
101078,REMITTANCE,10,1,9,1,7,5,14,4,1,15.69
101056,REMITTANCE,10,1,21,1,7,4,11,1,1,16.82
101078,ACC_OPEN,25,1,3,1,8,5,16,1,1,50.31
101012,CREDIT_CARD,12,1,16,1,19,4,10,1,1,66.5
101012,ATM_CDM,8,1,5,1,8,6,9,3,1,10.91
101033,INSURANCE,20,1,18,1,8,8,9,4,1,26.94
101033,CREDIT_CARD,12,0,9,1,8,6,15,4,1,14.62
101012,FIXED_DEP,15,1,5,1,9,5,10,1,1,43.26
101012,REMITTANCE,10,1,17,1,12,4,10,3,1,54.67
101012,ACC_OPEN,25,1,13,1,9,3,13,5,0,42.87
101033,ATM_CDM,8,1,6,1,5,4,16,2,1,10.84
101033,CREDIT_CARD,12,1,13,1,7,3,13,2,0,23.05
101033,ACC_OPEN,25,1,44,1,12,6,9,1,1,85.91
101056,CREDIT_CARD,12,0,21,0,14,4,15,1,1,59.1
101012,INSURANCE,20,1,17,1,7,6,15,1,1,41.9
101078,ATM_CDM,8,1,6,1,4,7,9,2,1,8.09
101078,DEPOSIT,6,1,11,1,2,2,12,5,0,6.95
101056,LOAN,30,0,14,1,2,4,16,3,1,25.24
101033,CREDIT_CARD,12,1,6,1,0,3,13,4,0,0.45
101033,DEPOSIT,6,1,22,1,8,8,15,1,1,8.23
101056,FIXED_DEP,15,1,29,1,14,5,10,3,1,54.19
101056,CREDIT_CARD,12,1,22,1,8,6,9,4,1,11.82
101012,LOAN,30,1,39,1,10,6,9,4,1,36.58
101056,REMITTANCE,10,1,1,1,6,3,12,1,0,14.45
101033,LOAN,30,1,11,1,11,5,11,1,1,54.14
101033,CUST_SVC,10,1,12,1,6,5,14,5,1,19.27
101078,DEPOSIT,6,0,20,1,6,6,11,1,1,5.41
101078,REMITTANCE,10,0,7,1,2,3,13,2,0,7.09
101012,DEPOSIT,6,0,23,1,6,4,13,3,0,9.32
101056,CREDIT_CARD,12,1,21,1,6,6,14,1,1,12.17
101078,LOAN,30,1,16,1,10,4,9,4,1,90.0
101045,CREDIT_CARD,12,0,8,1,3,4,11,5,1,6.89
101078,REMITTANCE,10,0,24,1,8,4,10,4,1,17.8
101012,REMITTANCE,10,0,18,1,8,7,9,4,1,10.95
101033,FIXED_DEP,15,1,18,1,4,3,12,3,0,18.67
101033,CUST_SVC,10,1,4,1,2,7,15,3,1,3.96
101078,INSURANCE,20,1,30,1,7,7,11,5,1,22.24
101012,CREDIT_CARD,12,1,16,1,8,4,13,1,0,33.63
101045,CUST_SVC,10,0,9,1,5,4,12,1,0,9.02
101045,CREDIT_CARD,12,0,3,1,2,4,12,3,0,5.68
101033,CUST_SVC,10,1,10,1,2,4,13,5,0,2.68
101012,FIXED_DEP,15,1,6,1,4,4,12,2,0,9.34
101056,CUST_SVC,10,1,6,1,8,4,13,5,0,23.36
101012,ONLINE_SUP,12,0,20,1,5,2,12,5,0,17.59
101012,CREDIT_CARD,12,0,5,1,7,5,11,3,1,22.94
101012,DEPOSIT,6,1,16,1,12,7,11,5,1,9.71
101078,LOAN,30,1,32,1,9,6,14,3,1,54.64
101012,DEPOSIT,6,1,35,1,14,5,9,1,1,18.41
101033,CUST_SVC,10,0,26,1,6,4,9,3,1,15.65
101012,ATM_CDM,8,0,29,1,10,4,14,1,1,26.72
101033,ATM_CDM,8,1,23,1,5,2,13,5,0,14.12
101012,DEPOSIT,6,0,36,1,9,5,14,5,1,13.34
101012,DEPOSIT,6,1,1,1,9,7,15,4,1,13.14
101045,CUST_SVC,10,1,17,1,5,6,10,2,1,7.75
101045,CUST_SVC,10,0,8,1,4,4,12,4,0,6.57
101056,CUST_SVC,10,1,12,1,10,5,10,3,1,27.81
101056,ACC_OPEN,25,1,18,1,5,6,16,5,1,23.46
101033,ONLINE_SUP,12,1,32,1,8,7,10,2,1,17.72
101078,CREDIT_CARD,12,1,6,1,5,4,16,2,1,14.1
101078,CUST_SVC,10,1,20,1,4,7,11,1,1,6.2
101033,INSURANCE,20,1,5,1,4,3,16,1,1,14.48
101012,WITHDRAW,5,1,6,1,13,5,10,4,1,10.3
101045,ONLINE_SUP,12,0,4,1,4,2,12,3,0,20.35
101056,CREDIT_CARD,12,1,6,1,4,4,13,5,0,14.64
101056,CUST_SVC,10,1,12,1,4,4,13,2,0,10.04
101012,ATM_CDM,8,1,19,1,5,4,10,2,1,10.73
101012,CREDIT_CARD,12,1,26,1,11,6,14,1,1,28.05
101012,CUST_SVC,10,0,33,1,10,7,10,3,1,8.6
101078,ATM_CDM,8,1,6,1,7,5,16,5,1,17.49
101012,CUST_SVC,10,0,12,1,11,5,11,1,1,14.14
101056,CUST_SVC,10,1,8,1,3,5,16,5,1,6.2
101045,CREDIT_CARD,12,0,15,1,2,3,13,5,0,7.21
101045,CUST_SVC,10,0,7,1,6,4,15,2,1,12.85
101078,CREDIT_CARD,12,1,14,1,2,2,13,5,0,10.51
101078,INSURANCE,20,1,35,1,9,4,15,2,1,68.9
101033,ACC_OPEN,25,1,7,1,15,6,10,5,1,75.27
101045,ATM_CDM,8,0,8,1,1,2,13,2,0,1.29
101078,BIZ_BANK,18,1,9,1,6,5,16,5,1,26.74
101056,CUST_SVC,10,1,26,1,13,6,15,5,1,32.45
101045,ATM_CDM,8,1,12,1,2,2,13,1,0,6.84
101045,INVEST,22,0,7,1,4,7,11,5,1,15.76
101078,DEPOSIT,6,0,2,1,3,6,14,3,1,2.83
101012,CUST_SVC,10,1,24,1,10,4,11,4,1,37.95
101056,CUST_SVC,10,0,20,1,10,6,16,2,1,19.13
101033,ATM_CDM,8,1,12,1,6,5,15,3,1,7.71
101012,FIXED_DEP,15,0,1,1,12,6,10,5,1,22.75
101033,DEPOSIT,6,1,4,1,6,2,12,3,0,7.61
101078,DEPOSIT,6,0,16,1,3,4,12,1,0,3.87
101056,CREDIT_CARD,12,1,24,1,9,4,13,3,0,43.22
101078,BIZ_BANK,18,1,11,1,2,4,13,3,0,9.49
101078,CUST_SVC,10,1,38,1,10,5,14,2,1,30.87
101012,ATM_CDM,8,1,24,1,8,5,15,2,1,16.38
101056,ATM_CDM,8,1,14,1,6,6,14,3,1,9.79
101012,DEPOSIT,6,1,15,1,9,5,10,2,1,5.0
101078,CUST_SVC,10,1,11,1,8,5,10,1,1,18.53
101078,CREDIT_CARD,12,1,11,1,6,5,11,4,1,16.96
101056,ONLINE_SUP,12,1,18,1,9,6,9,2,1,32.37
101056,CUST_SVC,10,0,23,1,13,6,10,2,1,14.66
101012,CUST_SVC,10,0,16,1,7,4,10,4,1,13.44
101045,REMITTANCE,10,1,8,1,10,6,15,1,1,15.54
101045,CREDIT_CARD,12,1,22,1,7,6,10,2,1,12.99
101045,ATM_CDM,8,1,18,1,9,7,16,1,1,5.87
101033,BIZ_BANK,18,1,22,1,13,5,9,1,1,57.54
101045,INVEST,22,0,14,1,10,6,15,2,1,31.65
101012,ATM_CDM,8,1,15,1,8,5,14,2,1,16.92
101056,LOAN,30,1,15,1,15,8,10,1,1,75.82
101056,CUST_SVC,10,1,10,1,4,4,9,4,1,8.94
101033,ATM_CDM,8,0,8,1,5,2,13,1,0,22.79
101045,INSURANCE,20,0,7,1,3,4,13,5,0,13.07
101045,BIZ_BANK,18,1,17,1,4,4,14,3,1,29.81
101056,CUST_SVC,10,1,21,1,8,5,9,1,1,33.26
101056,ACC_OPEN,25,0,20,1,6,5,9,1,1,48.75
101012,CUST_SVC,10,1,20,1,4,3,12,5,0,15.43
101045,FIXED_DEP,15,1,9,1,7,4,9,1,1,26.29
101056,CREDIT_CARD,12,1,1,1,7,3,13,4,0,35.01
101012,INSURANCE,20,0,7,0,13,4,10,1,1,90.0
101078,INSURANCE,20,1,4,1,3,6,9,2,1,15.93
101012,REMITTANCE,10,1,26,1,6,4,9,3,1,14.39
101012,CUST_SVC,10,0,27,1,7,4,9,1,1,24.35
101078,CUST_SVC,10,0,45,1,13,6,15,1,1,10.03
101045,CUST_SVC,10,1,1,1,5,4,9,4,1,8.31
101056,CUST_SVC,10,0,16,1,5,5,10,3,1,11.12
101078,INVEST,22,1,26,1,8,6,11,5,1,50.37
101033,INSURANCE,20,1,15,1,2,2,13,1,0,17.88
101045,DEPOSIT,6,1,17,1,4,6,10,5,1,5.28
101056,WITHDRAW,5,0,10,1,3,4,13,5,0,2.6
101045,CUST_SVC,10,1,20,1,5,6,15,2,1,8.23
101078,INVEST,22,0,15,1,3,7,11,1,1,7.64
101078,ACC_OPEN,25,1,8,1,5,5,16,3,1,34.48
101056,CUST_SVC,10,0,10,1,9,5,10,5,1,20.49
101033,LOAN,30,1,12,1,1,2,12,4,0,16.91
101045,CREDIT_CARD,12,1,9,1,7,4,15,3,1,32.02
101056,ACC_OPEN,25,1,28,1,7,5,9,3,1,45.24
101012,REMITTANCE,10,1,11,1,5,2,12,4,0,20.75
101033,ATM_CDM,8,1,8,1,9,6,9,5,1,14.3
101012,LOAN,30,0,17,1,7,4,9,2,1,72.78
101045,ONLINE_SUP,12,1,5,1,4,6,16,3,1,7.7
101012,ACC_OPEN,25,1,3,1,5,5,9,4,1,30.39
101045,ATM_CDM,8,1,18,1,6,4,11,1,1,16.28
101056,DEPOSIT,6,1,1,1,5,4,13,3,0,5.66
101078,DEPOSIT,6,1,15,1,5,6,9,1,1,2.99
101078,BIZ_BANK,18,1,7,1,5,4,14,4,1,34.73
101078,WITHDRAW,5,1,18,1,4,7,11,2,1,3.86
101045,CUST_SVC,10,0,10,1,4,6,9,3,1,7.24
101045,ACC_OPEN,25,1,27,1,6,7,16,4,1,17.71
101056,DEPOSIT,6,0,27,1,8,4,11,2,1,14.89
101012,DEPOSIT,6,0,26,1,6,7,11,2,1,2.05
101056,CUST_SVC,10,1,14,1,4,6,16,4,1,8.52
101078,DEPOSIT,6,1,2,1,5,4,13,2,0,5.85
101056,ATM_CDM,8,1,30,1,9,6,11,1,1,11.13
101045,ACC_OPEN,25,1,2,1,4,3,12,5,0,43.81
101078,CUST_SVC,10,1,12,1,5,5,9,5,1,11.92
101033,CUST_SVC,10,0,5,1,2,4,12,1,0,2.91
101078,FIXED_DEP,15,0,10,1,2,5,10,3,1,4.53
101045,INVEST,22,0,30,1,8,6,14,1,1,30.32
101078,CREDIT_CARD,12,1,10,1,2,4,14,3,1,6.32
101033,DEPOSIT,6,1,11,1,9,6,9,2,1,8.51
101056,ONLINE_SUP,12,1,12,1,8,5,16,1,1,27.15
101012,INSURANCE,20,1,25,1,14,3,16,5,1,90.0
101078,CUST_SVC,10,1,5,1,0,3,13,2,0,0.0
101078,CUST_SVC,10,1,15,1,6,6,11,3,1,9.32
101033,DEPOSIT,6,0,21,1,5,4,11,2,1,7.89
101033,BIZ_BANK,18,1,3,1,8,5,15,1,1,51.78
101078,CUST_SVC,10,0,5,1,3,5,15,3,1,6.3
101012,ATM_CDM,8,1,5,1,5,5,11,5,1,8.15
101033,ATM_CDM,8,0,4,1,10,5,15,5,1,15.06
101012,ATM_CDM,8,0,15,1,17,6,9,1,1,19.86
101012,DEPOSIT,6,1,5,1,12,4,10,2,1,18.37
101045,LOAN,30,1,12,1,6,5,11,5,1,34.32
101012,CUST_SVC,10,0,40,1,12,5,10,4,1,19.97
101045,CREDIT_CARD,12,1,19,1,4,5,9,5,1,9.78
101056,ONLINE_SUP,12,1,17,1,6,8,9,3,1,10.24
101012,CREDIT_CARD,12,0,22,1,10,5,10,2,1,21.13
101033,CUST_SVC,10,1,2,1,7,5,10,3,1,19.72
101045,ONLINE_SUP,12,1,4,1,6,3,12,2,0,32.96
101056,DEPOSIT,6,1,19,1,5,6,10,3,1,4.99
101045,CUST_SVC,10,0,10,1,6,5,15,1,1,14.85
101078,DEPOSIT,6,1,7,1,5,4,11,5,1,9.16
101033,CREDIT_CARD,12,0,4,1,3,3,16,4,1,11.05
101056,DEPOSIT,6,1,15,1,3,6,9,2,1,3.21
101056,LOAN,30,1,29,1,8,4,10,5,1,78.22
101045,CREDIT_CARD,12,1,21,1,5,5,15,1,1,8.07
101033,CREDIT_CARD,12,0,1,0,9,5,11,5,1,25.57
101033,CREDIT_CARD,12,0,6,1,3,2,13,2,0,13.43
101078,CUST_SVC,10,1,19,1,7,7,15,5,1,12.75
101012,ACC_OPEN,25,0,1,1,8,4,10,3,1,53.56
101033,WITHDRAW,5,1,10,1,8,7,15,5,1,4.43
101045,ATM_CDM,8,0,14,1,5,5,16,1,1,3.56
101078,ONLINE_SUP,12,1,1,1,3,4,9,3,1,7.82
101056,LOAN,30,1,19,1,14,5,15,1,1,74.95
101045,ATM_CDM,8,1,7,1,4,5,10,3,1,8.0
101045,DEPOSIT,6,1,9,1,2,4,16,2,1,3.92
101056,INSURANCE,20,1,3,1,6,5,15,5,1,23.09
101045,ATM_CDM,8,1,7,1,4,4,10,4,1,13.58
101056,FIXED_DEP,15,0,18,1,10,4,15,2,1,45.14
101078,DEPOSIT,6,0,29,1,10,5,10,5,1,14.53
101012,CREDIT_CARD,12,1,33,1,8,6,9,4,1,11.23
101012,ATM_CDM,8,1,3,1,6,4,15,4,1,21.69
101033,LOAN,30,0,3,1,8,4,15,2,1,81.82
101045,DEPOSIT,6,1,19,1,7,6,15,5,1,3.26
101045,DEPOSIT,6,1,4,1,3,4,13,5,0,5.41
101045,DEPOSIT,6,0,3,1,9,4,11,5,1,12.62
101078,DEPOSIT,6,1,38,1,11,4,9,1,1,13.57
101033,FIXED_DEP,15,0,5,1,1,5,11,2,1,0.0
101056,DEPOSIT,6,1,3,1,7,4,15,3,1,10.0
101012,CREDIT_CARD,12,0,19,0,7,5,10,4,1,11.13
101033,WITHDRAW,5,0,18,1,6,5,10,2,1,9.27
101078,WITHDRAW,5,1,5,1,10,4,10,1,1,20.4
101078,LOAN,30,0,6,1,5,6,16,3,1,19.37
101078,FIXED_DEP,15,1,32,1,10,4,16,5,1,55.49
101056,BIZ_BANK,18,0,12,1,7,6,11,2,1,14.88
101045,LOAN,30,0,24,0,6,4,15,3,1,82.01
101056,INVEST,22,1,18,1,9,4,10,1,1,64.44
101056,INSURANCE,20,1,12,1,6,6,14,4,1,22.74
101033,INSURANCE,20,1,23,1,8,8,9,2,1,26.55
101012,DEPOSIT,6,0,13,1,15,4,15,5,1,10.33
101078,ATM_CDM,8,1,9,1,8,5,16,1,1,13.68
101033,ATM_CDM,8,0,16,0,3,6,9,4,1,5.13
101056,REMITTANCE,10,1,21,1,5,4,13,2,0,9.22
101078,CREDIT_CARD,12,1,27,1,10,4,16,1,1,29.97
101045,CREDIT_CARD,12,1,15,1,4,2,13,1,0,12.83
101045,ATM_CDM,8,1,5,1,8,5,15,1,1,21.09
101033,CUST_SVC,10,1,3,1,2,5,9,4,1,6.35
101012,CUST_SVC,10,1,34,1,12,5,9,2,1,27.9
101012,INSURANCE,20,1,58,1,17,5,10,1,1,90.0
101012,BIZ_BANK,18,1,22,1,6,5,16,3,1,26.25
101056,ATM_CDM,8,0,2,1,3,5,9,4,1,6.48
101012,INSURANCE,20,1,20,1,11,4,14,3,1,79.72
101045,INSURANCE,20,1,4,1,3,3,12,1,0,19.57
101078,WITHDRAW,5,0,5,1,4,5,15,5,1,2.88
101045,LOAN,30,1,20,1,4,4,9,3,1,32.57
101033,DEPOSIT,6,1,9,1,1,2,12,3,0,1.82
101078,INVEST,22,1,12,1,6,7,10,5,1,26.87
101012,ONLINE_SUP,12,1,11,1,10,4,9,4,1,11.15
101012,ATM_CDM,8,1,14,1,13,7,15,5,1,14.36
101078,CUST_SVC,10,0,11,1,5,8,10,5,1,5.09
101045,CUST_SVC,10,1,31,1,8,4,10,4,1,23.6
101078,REMITTANCE,10,1,25,1,10,3,13,5,0,37.17
101056,DEPOSIT,6,0,12,1,6,4,9,1,1,7.41
101078,ATM_CDM,8,0,14,1,12,5,10,1,1,28.9
101033,CUST_SVC,10,1,4,1,4,6,16,3,1,5.2
101033,CUST_SVC,10,0,17,1,9,4,9,5,1,20.77
101033,LOAN,30,1,11,1,6,7,11,2,1,38.47
101078,ACC_OPEN,25,1,8,1,8,4,9,4,1,70.42
101078,LOAN,30,1,11,1,5,3,16,1,1,62.77
101078,INSURANCE,20,1,5,1,5,4,16,2,1,25.93
101033,CUST_SVC,10,0,32,1,9,4,9,2,1,27.36
101045,ATM_CDM,8,0,21,1,11,5,14,1,1,16.33
101045,FIXED_DEP,15,1,5,1,3,4,11,1,1,19.38
101045,CREDIT_CARD,12,0,7,1,9,6,9,1,1,24.22
101056,ONLINE_SUP,12,1,12,1,6,5,11,3,1,18.32
101056,BIZ_BANK,18,0,22,1,10,7,15,2,1,19.36
101045,INSURANCE,20,1,26,1,9,5,10,1,1,35.94
101033,DEPOSIT,6,1,28,1,9,6,11,1,1,7.87
101012,ACC_OPEN,25,1,16,1,13,4,11,4,1,90.0
101012,BIZ_BANK,18,1,29,1,14,4,10,2,1,67.49
101078,ATM_CDM,8,0,23,0,7,4,14,5,1,22.35
101056,CUST_SVC,10,0,18,1,6,5,11,3,1,11.68
101078,BIZ_BANK,18,1,12,1,11,5,9,1,1,38.79
101078,WITHDRAW,5,1,13,1,9,4,14,5,1,8.72
101033,FIXED_DEP,15,1,16,1,6,6,16,2,1,22.88
101056,CUST_SVC,10,1,1,1,8,2,13,5,0,62.76
101012,CREDIT_CARD,12,0,9,1,7,4,16,1,1,18.27
101012,CREDIT_CARD,12,0,24,1,7,2,12,1,0,31.56
101012,CUST_SVC,10,0,3,1,1,2,13,3,0,3.74
101078,INSURANCE,20,1,13,1,5,5,9,1,1,14.91
101033,ONLINE_SUP,12,0,8,1,6,3,13,5,0,30.61
101056,FIXED_DEP,15,1,31,1,10,4,14,1,1,41.83
101078,FIXED_DEP,15,0,20,1,4,7,10,5,1,5.89
101078,WITHDRAW,5,0,28,0,10,6,9,2,1,14.07
101045,CREDIT_CARD,12,1,11,1,1,5,11,4,1,3.64
101012,CUST_SVC,10,1,6,1,8,4,15,2,1,14.36
101056,CREDIT_CARD,12,1,5,1,4,3,16,1,1,9.04
101045,CREDIT_CARD,12,0,14,1,4,5,14,1,1,7.14
101033,DEPOSIT,6,0,20,1,6,5,14,1,1,6.04
101045,DEPOSIT,6,0,1,1,0,4,12,3,0,0.92
101033,CUST_SVC,10,1,5,1,13,7,15,5,1,27.49
101078,REMITTANCE,10,0,37,1,11,7,10,2,1,17.98
101045,DEPOSIT,6,0,18,1,5,6,14,3,1,6.13
101033,CUST_SVC,10,1,21,1,4,5,16,4,1,7.82
101033,CREDIT_CARD,12,0,10,1,5,5,11,3,1,5.04
101033,DEPOSIT,6,0,10,1,6,4,16,5,1,3.98
101045,DEPOSIT,6,1,20,1,4,4,10,5,1,7.16
101033,DEPOSIT,6,1,32,1,8,4,13,1,0,9.25
101033,ACC_OPEN,25,1,13,1,4,6,9,4,1,23.79
101012,BIZ_BANK,18,1,17,1,3,2,13,2,0,24.78
101033,ATM_CDM,8,1,27,1,7,3,12,2,0,22.03
101078,DEPOSIT,6,1,6,1,6,4,13,2,0,4.29
101045,ATM_CDM,8,1,2,1,2,7,14,2,1,2.86
101012,LOAN,30,1,20,1,7,7,10,1,1,45.01
101078,ATM_CDM,8,1,4,1,3,5,14,4,1,6.01
101045,INSURANCE,20,1,18,1,5,6,9,3,1,15.34
101012,INSURANCE,20,1,16,1,6,2,12,4,0,82.54
101012,CUST_SVC,10,0,28,1,11,8,10,1,1,20.27
101078,ACC_OPEN,25,1,6,1,12,6,14,1,1,29.37
101045,ACC_OPEN,25,0,6,0,11,5,9,4,1,77.98
101012,ACC_OPEN,25,1,27,1,8,2,13,1,0,79.04
101045,CREDIT_CARD,12,1,24,1,7,5,11,5,1,3.72
101045,LOAN,30,1,6,1,6,5,14,1,1,37.0
101012,DEPOSIT,6,0,7,1,8,4,15,2,1,9.82
101045,INSURANCE,20,1,14,1,3,3,16,5,1,34.35
101012,FIXED_DEP,15,1,21,1,15,6,14,1,1,36.27
101078,ATM_CDM,8,1,37,1,12,4,10,1,1,33.93
101033,ACC_OPEN,25,1,7,1,7,6,14,1,1,27.25
101012,ATM_CDM,8,0,10,1,5,5,11,3,1,2.98
101078,BIZ_BANK,18,1,12,1,12,6,14,1,1,52.8
101012,CUST_SVC,10,1,4,1,6,4,9,5,1,17.74
101033,WITHDRAW,5,0,9,1,3,4,13,5,0,5.06
101033,REMITTANCE,10,1,2,1,3,3,12,1,0,8.12
101033,ACC_OPEN,25,0,22,1,11,7,14,5,1,47.29
101012,ATM_CDM,8,1,10,1,7,3,13,4,0,28.13
101033,ACC_OPEN,25,1,13,1,9,7,14,1,1,35.18
101012,LOAN,30,1,12,1,7,6,10,2,1,51.01
101056,CUST_SVC,10,1,42,1,11,7,14,3,1,16.46
101078,ONLINE_SUP,12,1,27,1,6,5,9,5,1,18.77
101033,INVEST,22,1,20,1,14,7,14,1,1,50.03
101056,ATM_CDM,8,1,10,1,15,7,14,1,1,22.2
101033,FIXED_DEP,15,0,12,1,1,6,16,2,1,1.59
101078,DEPOSIT,6,1,5,1,5,5,9,1,1,3.45
101056,DEPOSIT,6,1,6,1,7,6,10,2,1,9.94
101045,CUST_SVC,10,0,16,1,3,3,13,4,0,4.86
101056,BIZ_BANK,18,1,3,1,7,5,16,5,1,41.31
101078,ACC_OPEN,25,1,20,1,4,5,14,2,1,15.78
101012,DEPOSIT,6,1,12,1,3,3,13,5,0,7.29
101045,ONLINE_SUP,12,0,10,1,4,4,11,3,1,11.88
101033,ATM_CDM,8,0,6,1,8,4,13,5,0,23.32
101033,CREDIT_CARD,12,1,29,1,11,2,13,2,0,47.9
101012,DEPOSIT,6,1,30,1,14,7,15,5,1,4.2
101012,DEPOSIT,6,1,47,1,15,4,11,5,1,31.29
101012,DEPOSIT,6,0,7,0,6,7,11,2,1,3.83
101045,DEPOSIT,6,0,14,0,6,6,16,5,1,5.6
101033,CUST_SVC,10,1,8,1,7,4,16,5,1,15.84
101045,CREDIT_CARD,12,1,23,1,5,6,10,4,1,5.81
101033,ACC_OPEN,25,0,15,1,10,5,11,2,1,46.47
101033,ATM_CDM,8,1,49,1,15,4,10,5,1,25.98
101012,LOAN,30,1,4,1,7,4,15,3,1,48.02
101045,INVEST,22,1,24,1,11,8,11,5,1,32.24
101033,CUST_SVC,10,1,15,1,3,2,13,1,0,18.81
101078,CUST_SVC,10,1,1,1,6,7,9,2,1,8.99
101078,DEPOSIT,6,0,9,1,5,4,15,2,1,7.38
101033,FIXED_DEP,15,0,1,1,5,7,10,1,1,16.74
101012,ATM_CDM,8,1,11,1,5,7,16,4,1,7.4
101078,ONLINE_SUP,12,0,8,1,1,5,15,2,1,2.43
101012,INSURANCE,20,1,2,1,12,8,15,5,1,21.86
101033,ATM_CDM,8,0,9,1,0,3,12,4,0,0.83
101056,CREDIT_CARD,12,0,21,1,8,5,10,5,1,14.8
101078,DEPOSIT,6,0,24,1,7,7,15,4,1,3.76
101045,CUST_SVC,10,0,1,1,3,5,15,4,1,6.35
101033,ATM_CDM,8,1,8,1,9,7,9,1,1,16.08
101033,BIZ_BANK,18,1,4,1,6,4,12,1,0,42.32
101012,BIZ_BANK,18,1,41,1,11,5,15,4,1,42.39
101078,REMITTANCE,10,0,15,1,8,4,11,1,1,25.98
101078,BIZ_BANK,18,1,35,1,9,5,9,3,1,55.18
101056,DEPOSIT,6,1,7,1,5,4,14,1,1,10.09
101033,INSURANCE,20,1,13,1,8,4,14,1,1,35.92
101056,REMITTANCE,10,1,46,1,13,4,10,1,1,44.95
101078,FIXED_DEP,15,1,27,1,7,4,14,1,1,39.3
101078,ACC_OPEN,25,0,13,1,6,5,11,2,1,31.23
101045,CREDIT_CARD,12,0,15,1,6,6,9,3,1,10.72
101033,BIZ_BANK,18,1,8,1,8,6,10,3,1,40.32
101056,ACC_OPEN,25,1,6,1,5,7,10,3,1,25.38
101078,INSURANCE,20,0,17,1,4,6,10,4,1,10.59
101045,CREDIT_CARD,12,1,3,1,7,4,10,2,1,16.0
101056,BIZ_BANK,18,1,21,1,18,6,15,1,1,47.77
101056,CUST_SVC,10,0,11,1,5,2,13,5,0,26.44
101078,INSURANCE,20,0,27,1,6,6,15,5,1,26.88
101012,BIZ_BANK,18,1,23,1,9,6,9,2,1,43.41
101056,LOAN,30,1,22,1,7,5,11,1,1,60.3
101078,ACC_OPEN,25,1,17,1,6,6,15,3,1,34.09
101045,INVEST,22,1,15,1,5,7,9,1,1,22.85
101012,WITHDRAW,5,1,22,1,5,4,14,2,1,11.0
101045,CUST_SVC,10,0,6,1,7,3,13,5,0,29.73
101012,CREDIT_CARD,12,1,21,1,7,4,13,2,0,21.25
101078,INSURANCE,20,1,17,1,6,5,11,3,1,8.17
101056,BIZ_BANK,18,1,5,1,13,4,15,1,1,49.5
101012,CREDIT_CARD,12,1,5,1,4,6,9,4,1,10.06
101045,CUST_SVC,10,1,15,1,11,5,9,5,1,27.33
101012,CUST_SVC,10,0,36,1,9,4,16,3,1,24.94
101045,INSURANCE,20,1,11,1,5,6,14,3,1,16.56
101012,ONLINE_SUP,12,0,22,1,12,7,11,4,1,21.47
101012,INVEST,22,1,1,1,10,5,16,3,1,47.81
101033,INVEST,22,1,24,1,6,5,15,4,1,15.51
101012,FIXED_DEP,15,0,27,1,9,6,9,3,1,28.8
101012,REMITTANCE,10,0,29,1,8,4,11,1,1,8.73
101033,CUST_SVC,10,0,10,1,4,4,13,2,0,10.52
101012,INVEST,22,1,1,1,7,7,15,3,1,19.17
101012,BIZ_BANK,18,1,21,1,4,6,14,4,1,14.71
101078,FIXED_DEP,15,0,9,1,4,2,13,3,0,8.16
101012,ONLINE_SUP,12,1,10,1,2,4,13,1,0,5.56
101078,CREDIT_CARD,12,1,15,1,8,7,9,1,1,13.15
101045,ATM_CDM,8,1,13,1,3,5,10,4,1,4.32
101033,ONLINE_SUP,12,1,7,1,7,6,14,2,1,19.41
101078,BIZ_BANK,18,1,12,1,10,4,14,1,1,60.66
101045,BIZ_BANK,18,1,25,1,8,5,16,2,1,34.06
101012,INSURANCE,20,0,37,0,12,6,9,4,1,42.91
101033,FIXED_DEP,15,0,5,1,0,2,12,1,0,1.19
101033,FIXED_DEP,15,0,7,1,3,3,12,2,0,9.08
101056,ATM_CDM,8,1,10,1,10,5,11,5,1,15.5
101056,BIZ_BANK,18,1,13,1,6,2,13,3,0,59.48
101012,FIXED_DEP,15,1,21,1,5,3,12,5,0,17.57
101012,CREDIT_CARD,12,1,18,1,10,4,10,1,1,24.06
101056,FIXED_DEP,15,1,17,1,11,6,10,1,1,27.06
101033,REMITTANCE,10,1,7,1,8,4,14,5,1,30.25
101045,INSURANCE,20,1,6,1,2,4,10,4,1,11.83
101056,LOAN,30,1,21,1,5,5,14,1,1,48.22
101012,ONLINE_SUP,12,1,23,1,9,5,14,3,1,11.41
101045,REMITTANCE,10,1,2,1,5,5,11,3,1,11.33
101078,ATM_CDM,8,1,4,1,1,4,12,2,0,2.69
101056,ONLINE_SUP,12,1,26,1,7,2,13,2,0,62.09
101078,DEPOSIT,6,1,4,1,4,4,16,1,1,6.68
101056,DEPOSIT,6,1,11,1,8,4,16,2,1,13.25
101078,CUST_SVC,10,1,19,1,5,3,12,5,0,14.99
101033,CREDIT_CARD,12,0,1,1,10,7,10,1,1,15.25
101012,CUST_SVC,10,1,30,1,7,4,13,5,0,12.5
101056,ATM_CDM,8,0,16,1,5,6,14,4,1,6.88
101045,ONLINE_SUP,12,1,23,1,12,4,9,2,1,45.35
101045,INSURANCE,20,1,2,1,6,6,11,3,1,25.91
101045,CUST_SVC,10,1,16,1,4,4,14,5,1,17.63
101045,INVEST,22,1,8,1,3,4,11,4,1,14.14
101012,ONLINE_SUP,12,1,11,1,12,5,15,2,1,30.14
101078,REMITTANCE,10,1,15,1,2,4,12,3,0,7.63
101033,DEPOSIT,6,1,25,1,9,6,15,5,1,10.51
101045,DEPOSIT,6,1,8,1,7,4,11,2,1,8.92
101078,ATM_CDM,8,1,16,1,6,8,14,4,1,8.58
101078,DEPOSIT,6,1,11,1,5,4,15,3,1,6.77
101045,BIZ_BANK,18,1,18,1,4,4,13,3,0,17.93
101045,WITHDRAW,5,1,29,1,7,7,10,1,1,5.65
101056,ATM_CDM,8,1,8,1,6,3,12,4,0,16.3
101033,CUST_SVC,10,1,8,1,6,4,13,2,0,11.45
101078,ATM_CDM,8,1,4,1,6,6,15,2,1,8.41
101056,DEPOSIT,6,0,8,1,3,4,12,1,0,4.41
101033,CUST_SVC,10,1,12,1,5,5,16,4,1,8.52
101033,ACC_OPEN,25,0,42,1,13,5,9,1,1,59.28
101045,INSURANCE,20,1,2,1,8,5,9,1,1,42.7
101012,INSURANCE,20,1,17,1,7,4,11,3,1,50.65
101012,CUST_SVC,10,1,7,1,9,6,10,1,1,10.16
101045,ONLINE_SUP,12,0,9,1,5,5,11,3,1,8.32
101078,ATM_CDM,8,1,20,1,4,4,9,2,1,12.2
101033,DEPOSIT,6,1,5,1,3,4,15,5,1,4.96
101012,CUST_SVC,10,0,12,1,3,2,13,4,0,12.9
101012,INVEST,22,0,9,1,8,4,14,5,1,31.11
101033,ATM_CDM,8,1,15,1,5,8,10,2,1,7.04
101078,DEPOSIT,6,1,5,1,4,4,13,4,0,3.7
101033,WITHDRAW,5,1,26,1,7,4,16,5,1,13.03
101056,INSURANCE,20,1,16,1,8,6,16,3,1,39.1
101045,INSURANCE,20,0,29,0,10,4,15,1,1,50.12
101012,ACC_OPEN,25,1,21,1,8,7,9,5,1,29.84
101078,ACC_OPEN,25,1,9,1,0,4,13,2,0,1.55
101056,CUST_SVC,10,1,11,1,5,5,14,2,1,8.54
101033,CUST_SVC,10,1,16,1,12,4,16,4,1,41.0
101056,CREDIT_CARD,12,1,4,1,0,5,9,3,1,1.17
101056,ATM_CDM,8,1,7,1,4,4,11,1,1,11.16
101045,CUST_SVC,10,0,17,1,5,5,15,4,1,8.18
101045,CUST_SVC,10,1,5,1,3,6,14,1,1,4.39
101033,ATM_CDM,8,0,17,0,3,4,13,1,0,5.21
101012,DEPOSIT,6,1,14,1,9,5,10,1,1,13.74
101056,INSURANCE,20,1,7,1,8,5,10,5,1,30.97
101045,DEPOSIT,6,0,8,1,4,5,14,3,1,1.9
101056,LOAN,30,1,2,1,6,5,10,5,1,58.23
101078,LOAN,30,1,2,1,4,3,13,3,0,20.21
101033,FIXED_DEP,15,0,8,1,4,2,12,1,0,16.11
101012,INVEST,22,0,1,1,6,4,11,3,1,30.32
101078,LOAN,30,0,15,1,5,4,12,2,0,30.83
101012,BIZ_BANK,18,1,21,1,8,5,14,5,1,41.49
101056,WITHDRAW,5,1,11,1,8,5,14,1,1,9.8
101078,DEPOSIT,6,0,7,1,6,6,10,3,1,5.89
101012,ONLINE_SUP,12,1,19,1,8,4,15,5,1,28.36
101012,DEPOSIT,6,1,12,1,6,4,13,3,0,6.85
101033,ACC_OPEN,25,1,17,1,4,5,15,4,1,28.86
101012,ATM_CDM,8,1,16,1,7,3,13,5,0,14.65
101045,DEPOSIT,6,1,15,1,9,5,15,1,1,13.24
101078,DEPOSIT,6,0,17,0,4,3,16,4,1,14.82
101078,CREDIT_CARD,12,0,3,1,9,4,16,1,1,42.41
101078,BIZ_BANK,18,1,20,1,6,3,16,5,1,27.41
101078,ATM_CDM,8,1,13,1,4,3,13,1,0,10.44
101078,FIXED_DEP,15,1,1,1,4,6,15,3,1,10.06
101033,LOAN,30,1,15,1,2,4,9,3,1,13.32
101056,CUST_SVC,10,1,24,1,6,5,9,5,1,13.79
101033,DEPOSIT,6,1,31,1,9,8,10,4,1,6.62
101033,DEPOSIT,6,0,18,1,3,2,12,3,0,8.84
101012,CUST_SVC,10,1,1,1,7,6,10,2,1,16.15
101045,LOAN,30,1,8,1,1,6,9,3,1,5.45
101012,CREDIT_CARD,12,0,18,1,4,2,12,3,0,20.22
101012,ATM_CDM,8,1,36,1,10,6,11,5,1,11.25
101045,REMITTANCE,10,1,5,1,4,5,16,2,1,11.73
101033,DEPOSIT,6,1,22,1,6,4,13,2,0,7.25
101078,INVEST,22,0,36,1,9,5,15,1,1,32.33
101078,DEPOSIT,6,1,8,1,3,5,14,3,1,3.74
101033,DEPOSIT,6,1,6,1,6,8,11,3,1,6.45
101045,LOAN,30,0,12,1,4,6,14,1,1,18.49
101012,DEPOSIT,6,1,29,1,15,4,14,1,1,26.62
101056,CREDIT_CARD,12,1,21,1,5,5,10,4,1,13.67
101033,CUST_SVC,10,1,5,1,7,6,15,5,1,15.99
101056,CUST_SVC,10,1,31,1,9,6,15,2,1,11.58
101078,DEPOSIT,6,1,18,1,4,7,9,2,1,3.71
101012,CUST_SVC,10,1,10,1,5,7,11,3,1,5.84
101078,DEPOSIT,6,1,18,1,4,7,11,1,1,3.2
101033,CUST_SVC,10,1,26,1,6,8,10,2,1,10.04
101012,WITHDRAW,5,1,29,1,10,7,10,1,1,8.4
101045,CUST_SVC,10,0,5,1,9,5,15,4,1,10.81
101078,ONLINE_SUP,12,1,23,1,8,4,9,4,1,35.52
101078,CREDIT_CARD,12,0,5,1,5,5,9,5,1,6.11
101012,INVEST,22,1,16,1,9,5,14,1,1,55.26
101045,INSURANCE,20,1,18,1,6,7,10,3,1,22.21
101078,INSURANCE,20,1,23,1,8,5,15,1,1,21.49
101033,ATM_CDM,8,1,21,1,6,8,9,1,1,7.27
101033,DEPOSIT,6,1,15,1,7,4,9,3,1,12.97
101012,ATM_CDM,8,1,11,1,10,4,11,1,1,19.86
101045,REMITTANCE,10,0,3,1,6,5,11,3,1,13.48
101033,CUST_SVC,10,0,8,1,3,3,16,1,1,11.59
101056,LOAN,30,0,10,0,6,7,9,5,1,26.63
101078,INSURANCE,20,1,3,1,7,6,15,1,1,23.11
101033,DEPOSIT,6,0,9,1,9,5,9,5,1,12.44
101056,INSURANCE,20,1,5,1,1,5,16,3,1,5.58
101033,DEPOSIT,6,1,10,1,4,4,10,4,1,8.7
101045,DEPOSIT,6,1,48,1,13,5,10,1,1,15.24
101045,REMITTANCE,10,1,33,1,9,6,16,4,1,17.25
101078,WITHDRAW,5,1,4,1,7,4,14,5,1,12.01
101056,CREDIT_CARD,12,0,8,1,10,4,11,1,1,39.73
101078,DEPOSIT,6,1,18,1,3,4,12,1,0,3.15
101056,LOAN,30,1,16,1,5,2,13,5,0,74.16
101033,BIZ_BANK,18,1,54,1,15,4,14,1,1,66.35
101045,DEPOSIT,6,1,25,1,9,5,15,1,1,6.89
101078,ONLINE_SUP,12,0,18,1,5,7,15,3,1,8.8
101012,REMITTANCE,10,1,12,1,9,6,15,4,1,18.73
101012,CREDIT_CARD,12,1,46,1,13,6,10,1,1,26.76
101078,ACC_OPEN,25,1,8,1,9,5,10,1,1,42.29
101056,CUST_SVC,10,1,21,1,4,2,13,3,0,12.42
101033,INSURANCE,20,0,19,1,5,5,14,3,1,30.93
101056,REMITTANCE,10,1,31,1,8,6,11,1,1,17.91
101012,LOAN,30,1,5,1,6,6,15,4,1,48.43
101045,FIXED_DEP,15,1,20,1,6,5,9,5,1,18.2
101045,CUST_SVC,10,1,14,1,8,4,11,1,1,20.91
101045,CUST_SVC,10,0,18,1,10,4,15,5,1,20.45
101045,DEPOSIT,6,1,10,1,7,2,12,1,0,22.67
101078,ACC_OPEN,25,1,27,1,6,5,9,4,1,38.0
101056,DEPOSIT,6,0,3,1,5,5,15,1,1,5.18
101078,CUST_SVC,10,1,7,1,7,6,11,1,1,13.02
101056,ATM_CDM,8,1,20,1,11,7,10,1,1,17.71
101045,ACC_OPEN,25,1,1,1,8,7,11,2,1,50.0
101033,INSURANCE,20,1,22,1,12,4,15,5,1,70.36
101056,REMITTANCE,10,0,18,1,10,7,14,1,1,6.6
101078,ACC_OPEN,25,0,11,1,2,4,12,1,0,10.91
101012,INVEST,22,1,29,1,10,6,15,1,1,42.43
101078,CUST_SVC,10,1,18,1,8,4,9,1,1,21.85
101078,ATM_CDM,8,1,1,1,4,5,15,4,1,10.34
101045,LOAN,30,1,2,1,3,7,9,4,1,15.25
101012,INSURANCE,20,1,29,1,8,7,9,1,1,30.88
101033,CUST_SVC,10,0,6,1,4,4,9,3,1,10.67
101033,ONLINE_SUP,12,1,29,1,7,4,15,1,1,25.57
101045,DEPOSIT,6,0,1,1,2,6,14,5,1,2.4
101045,CUST_SVC,10,0,16,0,9,5,11,1,1,22.67
101045,REMITTANCE,10,0,9,1,3,5,11,2,1,7.58
101056,ATM_CDM,8,1,7,1,5,3,12,1,0,13.05
101056,CUST_SVC,10,1,22,1,6,5,9,5,1,19.0
101012,CUST_SVC,10,0,21,1,9,5,14,5,1,7.76
101033,CUST_SVC,10,0,30,1,8,8,14,1,1,7.53
101056,CUST_SVC,10,1,22,1,5,5,10,3,1,15.53
101045,LOAN,30,0,3,1,9,6,10,1,1,37.18
101056,DEPOSIT,6,1,1,1,3,3,12,1,0,6.19
101045,CREDIT_CARD,12,0,35,1,10,6,10,1,1,13.39
101045,CUST_SVC,10,1,9,1,4,6,15,1,1,5.93
101012,INSURANCE,20,1,8,1,8,4,10,4,1,38.54
101033,CREDIT_CARD,12,0,8,1,7,4,9,1,1,21.65
101045,LOAN,30,0,13,1,2,4,14,5,1,9.3
101033,ATM_CDM,8,1,26,1,13,5,15,5,1,27.63
101033,LOAN,30,1,12,1,10,4,15,3,1,90.0
101012,REMITTANCE,10,0,2,1,3,4,15,2,1,8.64
101033,DEPOSIT,6,1,3,1,3,6,11,1,1,0.83
101033,ONLINE_SUP,12,0,15,1,7,7,11,2,1,11.99
101056,CREDIT_CARD,12,1,12,1,3,3,12,2,0,11.56
101012,BIZ_BANK,18,1,32,1,12,4,15,4,1,62.15
101056,ATM_CDM,8,0,8,1,0,6,15,3,1,1.09
101033,CREDIT_CARD,12,0,14,1,9,5,11,5,1,15.77
101045,ATM_CDM,8,0,4,1,3,7,14,3,1,2.97
101056,ONLINE_SUP,12,0,3,0,10,6,9,1,1,21.09
101078,ATM_CDM,8,1,11,1,2,4,16,5,1,5.96
101078,DEPOSIT,6,1,17,1,4,8,11,3,1,0.83
101033,INVEST,22,1,23,1,5,4,9,3,1,54.78
101045,DEPOSIT,6,0,13,1,5,4,10,3,1,4.75
101033,DEPOSIT,6,1,8,1,5,5,11,1,1,7.35
101078,BIZ_BANK,18,1,15,1,4,6,11,4,1,15.11
101045,DEPOSIT,6,0,21,1,4,6,10,3,1,3.81
101056,CUST_SVC,10,1,31,1,9,4,11,1,1,21.18
101033,REMITTANCE,10,1,6,1,6,4,11,2,1,16.41
101078,DEPOSIT,6,1,7,1,7,7,14,4,1,5.93
101045,DEPOSIT,6,1,9,1,0,4,15,3,1,0.87
101012,DEPOSIT,6,1,3,1,11,5,10,1,1,17.29
101056,LOAN,30,1,15,1,4,8,14,2,1,27.38
101012,CUST_SVC,10,1,17,1,5,3,16,3,1,20.94
101078,INSURANCE,20,1,17,1,10,5,9,5,1,25.39
101045,ONLINE_SUP,12,0,17,1,7,5,11,2,1,17.1
101012,BIZ_BANK,18,1,7,1,8,7,16,1,1,32.57
101056,DEPOSIT,6,0,9,1,6,2,12,5,0,19.02
101078,DEPOSIT,6,0,1,1,8,6,15,2,1,4.88
101012,REMITTANCE,10,1,1,1,15,5,10,1,1,44.22
101056,REMITTANCE,10,0,3,1,2,8,10,3,1,2.02
101078,INVEST,22,1,12,1,5,6,16,2,1,9.13
101045,ONLINE_SUP,12,1,7,1,2,4,9,2,1,6.23
101078,BIZ_BANK,18,1,15,1,2,4,15,2,1,4.94
101078,ACC_OPEN,25,0,22,1,7,5,15,5,1,39.48
101078,INSURANCE,20,1,24,1,6,5,9,3,1,27.92
101078,DEPOSIT,6,1,16,1,5,3,16,4,1,19.75
101012,CUST_SVC,10,1,10,1,16,6,14,2,1,28.69
101045,CUST_SVC,10,0,6,1,6,3,13,5,0,25.33
101012,WITHDRAW,5,1,27,1,9,8,10,5,1,3.96
101056,DEPOSIT,6,1,36,1,11,7,15,2,1,7.26
101078,INSURANCE,20,0,21,0,7,5,15,1,1,32.56
101078,BIZ_BANK,18,1,7,1,3,8,10,3,1,7.47
101045,DEPOSIT,6,1,3,1,4,8,9,4,1,2.99
101012,ONLINE_SUP,12,0,9,1,10,5,10,3,1,25.76
101056,CREDIT_CARD,12,1,10,1,5,5,16,4,1,12.13
101045,DEPOSIT,6,1,2,1,6,6,14,1,1,4.79
101033,FIXED_DEP,15,0,16,0,8,4,15,1,1,27.84
101045,CREDIT_CARD,12,0,19,1,5,5,16,1,1,9.83
101078,CREDIT_CARD,12,1,19,1,12,8,11,1,1,14.64
101045,ONLINE_SUP,12,0,17,1,5,4,14,3,1,8.92
101056,CREDIT_CARD,12,1,24,1,11,6,9,5,1,25.88
101045,FIXED_DEP,15,1,12,1,6,3,13,2,0,35.81
101012,ONLINE_SUP,12,0,16,1,6,5,14,1,1,16.62
101078,REMITTANCE,10,0,11,1,1,2,12,2,0,4.05
101056,ONLINE_SUP,12,1,3,1,5,4,11,3,1,14.81
101078,INVEST,22,1,23,1,6,5,11,5,1,40.85
101012,ONLINE_SUP,12,1,6,1,11,5,10,3,1,45.48
101045,ACC_OPEN,25,1,2,1,0,6,11,2,1,1.24
101033,ATM_CDM,8,0,15,1,9,4,9,5,1,17.32
101045,LOAN,30,1,5,1,3,2,12,5,0,39.36
101045,CREDIT_CARD,12,1,28,1,9,5,15,1,1,18.07
101078,REMITTANCE,10,1,13,1,3,2,13,4,0,9.1
101078,CUST_SVC,10,1,7,1,7,4,10,4,1,24.41
101078,CREDIT_CARD,12,0,11,1,2,4,13,4,0,7.67
101078,CUST_SVC,10,1,14,1,5,4,14,2,1,7.84
101033,CREDIT_CARD,12,1,6,1,9,4,15,1,1,36.65
101012,ONLINE_SUP,12,1,19,1,7,5,11,4,1,19.4
101056,INSURANCE,20,1,5,1,2,3,12,5,0,19.02
101033,DEPOSIT,6,1,7,1,9,2,12,1,0,15.2
101033,CUST_SVC,10,0,29,0,11,5,11,1,1,19.74
101056,ACC_OPEN,25,0,28,1,9,7,10,1,1,62.34
101045,CUST_SVC,10,1,2,1,7,5,10,2,1,19.31
101012,DEPOSIT,6,1,31,1,11,4,15,1,1,29.01
101056,CUST_SVC,10,1,3,1,7,4,9,3,1,16.7
101012,WITHDRAW,5,1,26,1,8,4,14,5,1,13.98
101045,ACC_OPEN,25,1,1,1,6,4,14,3,1,49.01
101033,CREDIT_CARD,12,1,21,1,6,6,10,1,1,20.17
101056,REMITTANCE,10,1,21,1,7,4,10,4,1,12.43
101056,DEPOSIT,6,0,18,1,13,6,10,1,1,18.2
101078,DEPOSIT,6,0,6,1,5,4,15,2,1,7.12
101056,CUST_SVC,10,0,8,1,12,5,10,2,1,36.6
101033,ONLINE_SUP,12,1,10,1,3,5,11,5,1,7.22
101078,REMITTANCE,10,0,19,1,4,4,14,2,1,7.82
101012,CUST_SVC,10,1,16,1,9,4,15,2,1,31.67
101033,CUST_SVC,10,1,17,1,6,4,9,2,1,11.89
101078,ATM_CDM,8,1,22,1,5,5,11,2,1,8.53
101012,INVEST,22,0,30,1,8,5,11,5,1,41.19
101045,DEPOSIT,6,0,12,1,11,4,15,4,1,16.48
101012,DEPOSIT,6,0,19,1,4,2,13,5,0,11.24
101033,REMITTANCE,10,1,51,1,14,5,15,1,1,38.75
101033,CUST_SVC,10,1,19,1,11,5,10,5,1,35.63
101078,INSURANCE,20,1,9,1,5,6,11,2,1,19.0
101056,BIZ_BANK,18,1,21,1,11,5,14,3,1,27.03
101078,DEPOSIT,6,0,9,1,9,5,14,5,1,13.15
101045,CUST_SVC,10,1,19,1,4,3,16,4,1,10.29
101033,FIXED_DEP,15,1,16,1,5,3,13,2,0,28.4
101056,INVEST,22,1,8,1,5,3,13,3,0,30.84
101078,ATM_CDM,8,0,37,1,12,4,15,1,1,37.12
101012,CUST_SVC,10,0,6,0,8,4,15,5,1,33.15
101056,ACC_OPEN,25,0,20,1,6,4,16,4,1,36.93
101056,ATM_CDM,8,0,30,1,9,6,16,3,1,8.78
101078,FIXED_DEP,15,1,13,1,6,3,12,2,0,23.24
101012,CUST_SVC,10,1,32,1,8,5,10,2,1,8.83
101056,CREDIT_CARD,12,1,3,1,7,6,11,5,1,10.15
101078,FIXED_DEP,15,1,6,1,4,7,9,5,1,10.17
101033,BIZ_BANK,18,1,31,1,8,5,10,3,1,38.74
101045,FIXED_DEP,15,1,6,1,1,2,12,4,0,4.33
101012,DEPOSIT,6,1,23,1,5,5,14,4,1,5.42
101033,ATM_CDM,8,1,19,1,8,5,10,3,1,13.32
101012,REMITTANCE,10,1,36,1,12,2,12,1,0,49.4
101012,CREDIT_CARD,12,1,9,1,9,8,11,3,1,19.44
101033,DEPOSIT,6,0,3,1,6,4,10,3,1,14.92
101012,WITHDRAW,5,1,2,1,7,4,9,4,1,14.05
101033,FIXED_DEP,15,1,13,1,2,4,10,2,1,4.73
101045,DEPOSIT,6,1,6,1,0,3,13,1,0,1.43
101056,ATM_CDM,8,1,9,1,5,5,16,1,1,11.62
101045,CREDIT_CARD,12,1,25,1,6,4,15,1,1,31.78
101045,LOAN,30,1,9,1,5,5,14,5,1,36.81
101045,DEPOSIT,6,0,10,0,2,2,12,1,0,5.38
101056,CUST_SVC,10,0,20,0,5,7,16,4,1,9.9
101045,INSURANCE,20,0,21,1,5,4,11,1,1,23.26
101012,ATM_CDM,8,1,20,1,10,4,16,2,1,9.08
101056,ACC_OPEN,25,1,16,1,10,6,10,4,1,29.26
101033,CREDIT_CARD,12,0,1,1,3,2,13,1,0,15.3
101078,ATM_CDM,8,1,16,1,7,7,14,5,1,10.94
101056,ACC_OPEN,25,1,22,1,12,5,9,1,1,75.02
101012,DEPOSIT,6,1,23,1,8,3,13,5,0,23.46
101033,BIZ_BANK,18,1,17,1,8,6,11,2,1,25.49
101033,CUST_SVC,10,0,16,1,10,6,11,2,1,10.08
101078,ACC_OPEN,25,1,17,1,9,6,9,2,1,36.42
101056,BIZ_BANK,18,0,11,1,4,6,11,2,1,13.44
101033,CREDIT_CARD,12,1,27,1,8,6,10,1,1,14.82
101033,CUST_SVC,10,1,5,1,6,8,11,5,1,9.06
101033,BIZ_BANK,18,1,12,1,4,2,13,1,0,15.53
101033,CREDIT_CARD,12,1,42,1,11,4,9,2,1,53.89
101078,CUST_SVC,10,0,12,1,2,6,15,2,1,5.5
101033,FIXED_DEP,15,0,10,1,8,7,9,4,1,15.7
101056,WITHDRAW,5,1,37,1,11,6,10,1,1,10.2
101056,INVEST,22,1,5,1,12,7,10,1,1,65.71
101078,ONLINE_SUP,12,0,9,1,2,7,14,3,1,4.49
101045,BIZ_BANK,18,1,14,1,6,6,15,1,1,22.86
101012,DEPOSIT,6,0,17,1,10,5,15,3,1,11.53
101078,ACC_OPEN,25,0,7,1,9,7,10,1,1,45.5
101078,ACC_OPEN,25,0,19,1,10,5,16,1,1,41.78
101045,CUST_SVC,10,1,1,1,7,5,10,2,1,12.38
101056,DEPOSIT,6,1,9,1,6,4,10,2,1,10.74
101045,LOAN,30,1,18,1,9,6,15,5,1,49.89
101012,DEPOSIT,6,1,24,1,10,4,11,3,1,26.55
101012,CUST_SVC,10,1,11,1,18,6,14,1,1,39.51
101078,ATM_CDM,8,0,10,1,5,5,14,5,1,8.25
101045,WITHDRAW,5,0,20,1,5,6,9,4,1,3.36
101056,REMITTANCE,10,1,10,1,8,5,14,3,1,23.87
101012,CUST_SVC,10,1,3,1,5,4,14,3,1,9.26
101012,DEPOSIT,6,1,14,1,4,4,10,2,1,3.98
101045,INSURANCE,20,1,26,1,8,7,14,1,1,31.42
101045,CREDIT_CARD,12,1,42,1,12,8,9,5,1,8.39
101012,FIXED_DEP,15,0,1,1,7,5,11,1,1,26.91
101033,INVEST,22,1,13,1,11,8,10,1,1,34.21
101045,CUST_SVC,10,0,23,1,9,6,10,5,1,16.69
101033,CREDIT_CARD,12,0,26,1,8,4,9,1,1,24.8
101056,INSURANCE,20,1,31,1,8,6,10,5,1,35.86
101012,CUST_SVC,10,1,39,1,12,7,10,1,1,22.16
101056,ACC_OPEN,25,1,17,1,6,4,10,4,1,43.81
101056,INVEST,22,1,21,1,5,5,9,1,1,38.9
101078,CREDIT_CARD,12,1,5,1,3,5,11,3,1,10.06
101078,CREDIT_CARD,12,1,9,1,9,6,14,3,1,21.79
101033,ACC_OPEN,25,1,36,1,10,6,15,5,1,47.56
101078,ATM_CDM,8,1,13,1,10,6,11,2,1,16.52
101045,FIXED_DEP,15,1,2,1,11,4,9,2,1,65.45
101012,CUST_SVC,10,1,12,1,5,5,11,3,1,15.57
101056,ATM_CDM,8,0,10,1,1,4,12,1,0,1.67
101033,CUST_SVC,10,1,7,1,4,7,11,4,1,3.76
101045,CUST_SVC,10,1,6,1,0,2,12,2,0,0.51
101078,DEPOSIT,6,0,3,1,5,6,11,2,1,6.23
101078,DEPOSIT,6,1,2,1,8,4,14,5,1,14.31
101033,DEPOSIT,6,1,21,1,4,2,13,4,0,10.65
101078,DEPOSIT,6,1,13,1,3,2,12,3,0,8.46
101078,REMITTANCE,10,1,5,1,6,5,16,5,1,13.35
101045,DEPOSIT,6,1,14,1,4,7,14,2,1,5.62
101033,LOAN,30,0,24,1,6,7,14,3,1,32.54
101045,WITHDRAW,5,0,18,1,3,4,15,2,1,4.92
101056,ACC_OPEN,25,0,15,1,4,7,10,1,1,15.86
101045,BIZ_BANK,18,1,19,1,6,7,10,1,1,10.64
101078,INSURANCE,20,1,15,1,4,4,15,3,1,31.78
101045,CUST_SVC,10,1,5,1,5,5,15,4,1,12.31
101012,CUST_SVC,10,0,21,1,10,6,11,5,1,16.4
101033,REMITTANCE,10,1,10,1,4,4,16,2,1,4.53
101045,BIZ_BANK,18,1,21,1,6,6,15,1,1,19.01
101033,ATM_CDM,8,1,13,1,7,4,10,1,1,19.75
101012,FIXED_DEP,15,1,19,1,5,7,11,3,1,10.9
101012,CREDIT_CARD,12,1,16,1,4,6,14,3,1,7.23
101033,BIZ_BANK,18,1,24,1,8,7,9,1,1,27.34
101033,ATM_CDM,8,1,2,1,5,3,13,5,0,11.33
101045,BIZ_BANK,18,1,24,1,5,7,10,5,1,19.34
101078,CUST_SVC,10,1,2,1,0,4,12,2,0,1.18
101033,ACC_OPEN,25,1,18,1,7,5,16,2,1,65.24
101056,CREDIT_CARD,12,0,13,1,6,7,14,3,1,10.9
101033,CREDIT_CARD,12,1,14,1,18,5,15,1,1,46.11
101012,BIZ_BANK,18,0,21,1,13,6,15,2,1,52.88
101012,DEPOSIT,6,0,9,0,5,5,15,3,1,7.1
101033,CUST_SVC,10,1,4,1,6,7,10,3,1,12.04
101056,WITHDRAW,5,1,41,1,11,6,9,2,1,12.53
101078,ACC_OPEN,25,1,2,1,4,4,14,5,1,32.04
101012,ACC_OPEN,25,1,4,1,4,4,13,1,0,26.55
101033,ATM_CDM,8,1,6,1,12,6,11,1,1,26.01
101045,DEPOSIT,6,1,14,1,5,4,13,4,0,4.54
101012,DEPOSIT,6,0,2,1,7,6,15,4,1,7.55
101078,CUST_SVC,10,1,7,1,7,5,10,3,1,13.86
101078,ATM_CDM,8,1,19,1,6,2,13,2,0,17.56
101056,INSURANCE,20,1,27,1,6,7,15,4,1,15.53
101045,DEPOSIT,6,1,28,1,7,5,9,1,1,10.96
101078,CUST_SVC,10,1,23,1,5,7,16,1,1,9.48
101012,CUST_SVC,10,1,14,1,3,6,11,4,1,6.79
101078,ATM_CDM,8,1,26,1,6,4,16,4,1,15.21
101012,ACC_OPEN,25,0,6,0,14,6,10,2,1,90.0
101078,INSURANCE,20,0,9,1,2,2,12,2,0,17.34
101033,ATM_CDM,8,1,34,1,9,4,10,1,1,29.34
101056,DEPOSIT,6,0,26,1,7,4,15,5,1,13.35
101012,ACC_OPEN,25,0,12,1,12,5,9,2,1,90.0
101045,ACC_OPEN,25,1,22,1,9,5,14,1,1,23.54
101012,BIZ_BANK,18,1,27,1,13,7,10,2,1,64.73
101056,ATM_CDM,8,1,3,1,6,5,9,3,1,9.3
101078,REMITTANCE,10,0,3,1,11,4,15,5,1,24.05
101056,CREDIT_CARD,12,1,26,1,12,8,10,2,1,26.87
101078,DEPOSIT,6,1,38,1,11,5,15,4,1,13.24
101012,CUST_SVC,10,1,15,1,8,3,16,1,1,8.92
101045,ATM_CDM,8,1,14,1,9,5,9,1,1,18.61
101012,INSURANCE,20,0,28,0,9,5,9,2,1,63.7
101045,LOAN,30,1,18,1,4,3,13,5,0,54.7
101056,WITHDRAW,5,1,8,1,7,5,9,2,1,8.95
101078,BIZ_BANK,18,0,7,1,3,5,16,3,1,16.46
101012,DEPOSIT,6,0,8,1,8,5,15,2,1,10.35
101033,DEPOSIT,6,0,21,1,16,7,11,5,1,9.9
101033,REMITTANCE,10,1,12,1,2,3,12,1,0,8.19
101012,DEPOSIT,6,0,22,1,14,4,9,2,1,25.36
101045,LOAN,30,0,2,1,2,5,9,5,1,15.86
101045,BIZ_BANK,18,1,26,1,7,4,14,4,1,36.56
101012,CUST_SVC,10,0,4,1,9,7,9,5,1,10.55
101045,INVEST,22,1,11,1,3,6,11,1,1,14.06
101078,ATM_CDM,8,1,9,1,5,4,10,3,1,10.69
101012,CREDIT_CARD,12,0,19,1,4,4,11,4,1,6.67
101033,ATM_CDM,8,1,21,1,7,6,16,5,1,10.14
101012,DEPOSIT,6,1,7,1,9,5,9,2,1,17.25
101033,CREDIT_CARD,12,0,1,1,6,4,10,3,1,24.13
101078,ONLINE_SUP,12,1,2,1,3,6,16,1,1,7.54
101078,FIXED_DEP,15,0,7,1,3,5,16,5,1,7.86
101033,CUST_SVC,10,0,22,1,5,4,16,5,1,9.98
101045,CUST_SVC,10,1,13,1,4,6,11,1,1,7.44
101078,BIZ_BANK,18,0,7,1,4,6,14,1,1,11.66
101078,ACC_OPEN,25,1,20,1,6,4,12,2,0,24.61
101045,CREDIT_CARD,12,0,7,1,5,4,16,5,1,12.25
101012,DEPOSIT,6,1,5,1,9,8,15,4,1,6.92
101033,CUST_SVC,10,1,17,1,4,6,14,5,1,6.83
101078,ONLINE_SUP,12,1,9,1,3,3,13,3,0,12.26
101045,ATM_CDM,8,1,19,1,4,4,10,5,1,8.43
101012,CREDIT_CARD,12,1,13,1,4,4,13,4,0,6.58
101078,BIZ_BANK,18,1,22,1,8,4,9,5,1,22.6
101078,DEPOSIT,6,0,11,0,4,7,9,5,1,1.46
101045,CUST_SVC,10,1,7,1,3,6,14,2,1,5.64
101012,INSURANCE,20,0,6,1,4,6,9,3,1,12.71
101078,LOAN,30,1,11,1,3,5,15,2,1,21.57
101033,BIZ_BANK,18,1,9,1,7,6,10,4,1,31.38
101045,CUST_SVC,10,1,1,1,5,3,13,3,0,20.88
101012,REMITTANCE,10,0,5,1,6,7,9,2,1,14.65
101033,CUST_SVC,10,1,2,1,8,4,12,1,0,21.49
101033,INSURANCE,20,1,7,1,6,5,11,3,1,17.04
101012,CUST_SVC,10,1,31,1,11,7,10,4,1,19.62
101056,REMITTANCE,10,0,15,1,8,5,15,4,1,16.12
101012,BIZ_BANK,18,1,1,1,5,3,16,3,1,37.57
101045,ATM_CDM,8,1,6,1,4,6,9,3,1,5.02
101012,ATM_CDM,8,1,24,1,7,2,12,1,0,29.06
101078,INSURANCE,20,1,24,1,9,6,11,1,1,45.68
101045,CREDIT_CARD,12,1,5,1,1,7,11,2,1,3.2
101078,BIZ_BANK,18,1,17,1,4,3,13,1,0,10.84
101045,DEPOSIT,6,1,8,1,4,8,14,1,1,5.85
101056,CUST_SVC,10,1,20,1,8,2,13,2,0,17.19
101045,ONLINE_SUP,12,0,9,1,5,3,16,1,1,30.06
101012,INSURANCE,20,1,16,1,6,8,11,1,1,16.13
101078,ACC_OPEN,25,0,13,1,4,7,10,4,1,4.14
101045,DEPOSIT,6,1,39,1,11,6,14,1,1,10.1
101033,REMITTANCE,10,0,20,1,5,2,13,2,0,14.65
101078,INVEST,22,1,13,1,3,6,11,2,1,10.95
101045,INVEST,22,0,14,1,4,3,16,2,1,30.5
101056,DEPOSIT,6,1,8,1,5,7,9,1,1,5.93
101012,CUST_SVC,10,1,11,1,9,5,10,3,1,20.88
101078,DEPOSIT,6,1,17,1,6,3,13,1,0,14.32
101045,INSURANCE,20,1,2,1,2,6,9,4,1,5.21
101078,CREDIT_CARD,12,1,6,1,3,4,9,4,1,10.46
101045,ACC_OPEN,25,0,4,0,10,4,11,1,1,70.17
101012,ACC_OPEN,25,1,14,1,9,4,11,5,1,36.42
101033,INSURANCE,20,1,12,1,5,6,14,2,1,17.87
101045,FIXED_DEP,15,0,3,1,7,5,9,1,1,21.65
101033,CUST_SVC,10,0,19,1,7,5,9,4,1,9.65
101078,BIZ_BANK,18,0,32,1,8,3,13,1,0,30.8
101033,DEPOSIT,6,1,8,1,11,7,15,1,1,11.36
101045,ONLINE_SUP,12,1,12,1,2,3,16,3,1,11.13
101012,CUST_SVC,10,1,1,1,5,5,16,2,1,8.89
101045,ONLINE_SUP,12,0,14,1,2,4,12,2,0,5.81
101078,DEPOSIT,6,1,3,1,5,7,9,3,1,3.29
101012,INVEST,22,1,30,1,7,7,9,5,1,15.5
101056,INSURANCE,20,1,14,1,7,8,10,3,1,23.33
101056,ONLINE_SUP,12,1,8,1,6,8,11,1,1,14.77
101056,BIZ_BANK,18,1,9,1,5,8,14,2,1,8.03
101078,DEPOSIT,6,1,8,1,5,3,16,3,1,14.25
101078,INSURANCE,20,0,5,1,4,6,11,4,1,11.32
101012,REMITTANCE,10,1,5,1,7,6,11,2,1,15.49
101056,DEPOSIT,6,0,17,0,7,6,16,1,1,4.43
101012,REMITTANCE,10,1,23,1,10,6,14,2,1,14.23
101033,INVEST,22,0,26,0,7,2,13,1,0,59.3
101012,ACC_OPEN,25,1,25,1,9,4,10,2,1,51.84
101078,ACC_OPEN,25,1,18,1,7,6,16,2,1,47.15
101045,FIXED_DEP,15,1,15,1,5,4,11,1,1,22.22
101056,INSURANCE,20,1,18,1,9,6,11,1,1,44.26
101078,ACC_OPEN,25,0,15,1,10,4,9,1,1,62.15
101033,BIZ_BANK,18,1,5,1,8,5,16,5,1,42.65
101078,ACC_OPEN,25,1,8,1,3,4,13,1,0,19.76
101045,BIZ_BANK,18,1,6,1,4,4,10,4,1,25.87
101033,ATM_CDM,8,1,13,1,12,4,15,1,1,28.35
101012,CUST_SVC,10,1,28,1,10,4,10,1,1,46.29
101045,ATM_CDM,8,1,14,1,3,7,10,2,1,6.29
101033,DEPOSIT,6,0,10,1,9,6,15,2,1,4.63
101045,LOAN,30,0,7,1,6,7,11,4,1,25.68
101012,DEPOSIT,6,0,28,0,12,4,16,2,1,9.53
101056,INSURANCE,20,1,28,1,10,4,9,3,1,70.66
101056,ONLINE_SUP,12,1,10,1,2,2,12,5,0,11.0
101056,ACC_OPEN,25,1,14,1,6,6,10,5,1,23.4
101078,WITHDRAW,5,0,12,1,4,4,16,3,1,2.4
101045,DEPOSIT,6,1,4,1,3,4,13,4,0,5.73
101056,BIZ_BANK,18,0,1,1,8,5,16,5,1,27.99
101078,CUST_SVC,10,1,14,1,11,5,9,4,1,23.38
101078,REMITTANCE,10,1,11,1,1,4,13,1,0,3.53
101056,CREDIT_CARD,12,1,17,1,7,5,10,2,1,29.28
101033,LOAN,30,1,5,1,7,3,16,1,1,40.02
101045,INVEST,22,0,7,1,2,5,11,1,1,12.88
101012,CREDIT_CARD,12,0,19,1,8,5,15,5,1,17.3
101033,LOAN,30,0,6,1,9,6,11,4,1,28.95
101012,DEPOSIT,6,0,17,1,4,6,9,4,1,5.2
101078,INSURANCE,20,1,33,1,11,6,15,5,1,55.25
101045,ATM_CDM,8,0,11,1,1,3,12,2,0,4.46
101045,LOAN,30,1,24,1,6,6,9,2,1,25.67
101045,BIZ_BANK,18,0,7,1,2,2,12,2,0,20.08
101056,DEPOSIT,6,1,20,1,4,6,10,1,1,5.13
101045,INSURANCE,20,1,1,1,1,8,14,4,1,2.28
101078,CREDIT_CARD,12,1,38,1,10,6,11,2,1,28.55
101056,ONLINE_SUP,12,1,2,1,5,5,9,5,1,11.91
101045,CUST_SVC,10,1,23,1,5,7,9,4,1,7.43
101056,CUST_SVC,10,0,33,1,9,6,16,1,1,11.34
101056,INSURANCE,20,1,20,1,4,4,13,3,0,19.01
101033,ATM_CDM,8,1,12,1,4,4,13,1,0,7.84
101078,CREDIT_CARD,12,1,16,1,3,4,13,5,0,5.25
101078,DEPOSIT,6,1,24,1,8,8,9,5,1,10.33
101078,ATM_CDM,8,1,11,1,2,6,16,4,1,0.48
101078,ATM_CDM,8,0,8,1,0,4,13,2,0,1.26
101033,ONLINE_SUP,12,1,27,1,7,4,13,5,0,23.93
101056,CUST_SVC,10,1,29,1,9,4,16,4,1,23.71
101033,FIXED_DEP,15,1,14,1,11,6,15,1,1,26.3
101045,FIXED_DEP,15,1,2,1,0,3,13,3,0,1.83
101045,ATM_CDM,8,1,2,1,2,4,12,1,0,2.61
101033,CREDIT_CARD,12,1,33,1,8,7,14,3,1,20.23
101012,DEPOSIT,6,1,30,1,14,4,10,4,1,33.98
101033,ATM_CDM,8,0,20,1,9,4,15,1,1,16.26
101056,CUST_SVC,10,1,6,1,4,3,13,4,0,10.46
101056,ATM_CDM,8,0,8,1,6,2,13,5,0,19.55
101078,CREDIT_CARD,12,1,4,1,5,6,14,4,1,13.54
101056,ATM_CDM,8,1,21,1,7,4,11,4,1,18.75
101033,CUST_SVC,10,1,5,1,5,5,11,5,1,15.36
101045,LOAN,30,1,15,1,4,6,15,3,1,25.93
101056,CUST_SVC,10,1,45,1,13,4,10,2,1,33.62
101012,CREDIT_CARD,12,0,22,1,13,4,15,3,1,37.24
101045,BIZ_BANK,18,1,1,1,5,5,11,5,1,22.13
101056,INVEST,22,0,36,1,9,5,16,5,1,37.23
101045,BIZ_BANK,18,0,10,0,1,3,13,1,0,6.04
101078,DEPOSIT,6,1,16,1,6,6,16,5,1,6.27
101045,FIXED_DEP,15,1,24,1,5,6,16,5,1,2.61
101012,ONLINE_SUP,12,1,6,1,6,4,15,4,1,21.01
101012,ONLINE_SUP,12,1,17,1,5,5,11,1,1,12.69
101078,FIXED_DEP,15,1,13,1,9,5,14,5,1,42.04
101078,CUST_SVC,10,0,18,1,4,4,10,2,1,9.9
101033,CREDIT_CARD,12,1,13,1,6,4,14,2,1,13.3
101056,CUST_SVC,10,1,21,1,11,7,15,1,1,23.24
101033,REMITTANCE,10,1,1,1,6,6,10,3,1,10.33
101033,INVEST,22,1,10,1,8,7,14,4,1,19.48
101033,CUST_SVC,10,1,41,1,11,6,9,2,1,10.51
101045,CUST_SVC,10,0,7,1,6,5,10,1,1,15.86
101078,BIZ_BANK,18,1,21,1,6,5,16,1,1,31.44
101078,ACC_OPEN,25,1,31,1,10,5,11,1,1,59.95
101012,CUST_SVC,10,0,3,1,12,8,15,5,1,9.45
101056,DEPOSIT,6,1,4,1,8,4,15,4,1,18.87
101045,BIZ_BANK,18,1,10,1,5,7,15,5,1,16.0
101012,FIXED_DEP,15,1,9,1,6,6,10,1,1,16.6
101033,BIZ_BANK,18,1,12,1,7,4,14,5,1,25.91
101033,ATM_CDM,8,1,3,1,6,6,11,1,1,6.96
101033,ACC_OPEN,25,0,2,1,2,4,13,5,0,5.39
101033,CUST_SVC,10,1,26,1,6,3,12,4,0,22.55
101056,CUST_SVC,10,0,24,0,7,4,12,2,0,9.14
101045,CUST_SVC,10,1,20,1,9,6,15,2,1,16.52
101056,CUST_SVC,10,1,17,1,8,5,16,2,1,18.09
101078,LOAN,30,0,9,1,6,4,14,2,1,16.35
101033,ATM_CDM,8,1,9,1,7,4,16,5,1,22.19
101012,CUST_SVC,10,1,18,1,9,6,11,1,1,16.26
101012,WITHDRAW,5,1,17,1,7,6,15,3,1,7.43
101045,WITHDRAW,5,1,4,1,1,6,11,3,1,0.0
101045,FIXED_DEP,15,1,3,1,6,7,14,2,1,14.98
101033,ACC_OPEN,25,1,15,1,9,2,13,4,0,90.0
101012,INVEST,22,1,10,1,14,4,10,1,1,77.84
101045,CREDIT_CARD,12,1,12,1,7,6,11,3,1,14.54
101056,FIXED_DEP,15,1,2,1,4,2,13,2,0,24.06
101033,DEPOSIT,6,1,10,1,8,6,10,3,1,8.94
101045,DEPOSIT,6,1,20,1,4,6,15,4,1,3.66
101078,CUST_SVC,10,1,16,1,4,4,16,3,1,9.89
101056,LOAN,30,0,26,1,6,5,15,1,1,47.17
101045,CREDIT_CARD,12,1,14,1,3,4,15,3,1,10.19
101045,ACC_OPEN,25,1,10,1,2,4,13,5,0,10.23
101033,INSURANCE,20,0,27,1,7,6,9,4,1,26.75
101056,DEPOSIT,6,1,6,1,4,4,13,4,0,9.22
101033,DEPOSIT,6,0,30,1,8,5,10,1,1,14.73
101078,ONLINE_SUP,12,1,6,1,6,7,15,1,1,16.44
101012,ATM_CDM,8,0,16,0,9,5,14,2,1,14.44
101056,ONLINE_SUP,12,1,16,1,7,6,15,1,1,14.81
101033,DEPOSIT,6,1,5,1,10,3,16,2,1,17.8
101056,DEPOSIT,6,1,15,1,7,7,15,1,1,6.08
101033,DEPOSIT,6,0,42,0,11,4,16,2,1,17.12
101012,CUST_SVC,10,1,13,1,10,5,10,2,1,29.2
101012,ATM_CDM,8,0,13,1,13,4,10,5,1,36.57
101056,DEPOSIT,6,1,15,1,4,4,11,2,1,6.58
101056,CUST_SVC,10,1,29,1,14,6,10,5,1,29.59
101045,CUST_SVC,10,1,7,1,7,6,11,5,1,14.55
101056,ATM_CDM,8,0,26,0,10,6,9,5,1,23.96
101056,INVEST,22,0,12,1,4,3,13,3,0,16.83
101056,CUST_SVC,10,0,48,1,13,8,9,1,1,14.72
101056,ATM_CDM,8,1,25,1,9,6,11,4,1,9.79
101045,DEPOSIT,6,0,21,1,8,4,9,1,1,14.06
101056,LOAN,30,1,13,1,3,4,15,4,1,26.47
101078,BIZ_BANK,18,1,1,1,5,4,14,1,1,33.96
101045,WITHDRAW,5,1,13,1,3,4,11,2,1,3.8
101078,INVEST,22,0,12,0,6,4,15,1,1,33.0
101078,ACC_OPEN,25,0,10,1,2,4,14,5,1,11.27
101045,BIZ_BANK,18,1,9,1,2,2,12,3,0,26.63
101056,REMITTANCE,10,1,26,1,8,8,14,1,1,7.95
101078,WITHDRAW,5,0,8,1,4,4,11,2,1,3.75
101056,INVEST,22,0,2,1,6,4,11,5,1,34.97
101078,ATM_CDM,8,1,25,1,10,5,9,3,1,9.29
101012,INVEST,22,0,1,1,10,3,16,1,1,72.32
101012,DEPOSIT,6,1,11,1,9,6,14,1,1,13.4
101045,CREDIT_CARD,12,1,8,1,7,7,16,5,1,7.39
101045,ATM_CDM,8,1,3,1,4,6,15,3,1,8.33
101078,DEPOSIT,6,1,5,1,6,4,10,2,1,12.02
101056,INVEST,22,1,24,1,7,4,9,1,1,45.36
101078,ACC_OPEN,25,0,7,1,2,2,12,4,0,20.66
101056,ACC_OPEN,25,1,4,1,8,6,15,4,1,43.93
101033,ONLINE_SUP,12,1,3,1,4,4,12,2,0,10.86
101012,BIZ_BANK,18,1,28,1,14,4,10,5,1,85.07
101033,ATM_CDM,8,1,2,1,7,4,13,1,0,3.84
101045,DEPOSIT,6,0,3,1,5,5,9,5,1,6.77
101012,BIZ_BANK,18,1,13,1,14,3,16,2,1,90.0
101045,LOAN,30,1,1,1,2,4,12,2,0,16.97
101012,REMITTANCE,10,0,14,1,3,6,11,3,1,3.53
101056,BIZ_BANK,18,1,5,1,6,4,15,2,1,41.59
101033,CUST_SVC,10,1,17,1,8,4,15,3,1,28.38
101012,CUST_SVC,10,1,24,1,5,3,12,1,0,13.07
101045,INSURANCE,20,1,7,1,9,4,11,2,1,48.81
101045,BIZ_BANK,18,0,8,1,5,6,14,5,1,20.11
101078,ATM_CDM,8,1,16,1,5,3,16,5,1,10.27
101033,CUST_SVC,10,1,20,1,5,6,14,3,1,10.21
101056,ONLINE_SUP,12,1,8,1,7,5,15,3,1,20.3
101045,INSURANCE,20,0,21,1,8,7,15,4,1,24.37
101033,ATM_CDM,8,0,24,1,6,5,9,4,1,6.74
101012,BIZ_BANK,18,0,5,1,8,2,13,4,0,77.24
101078,LOAN,30,0,24,1,7,5,14,2,1,40.08
101045,ATM_CDM,8,1,18,1,3,5,15,4,1,1.49
101056,ATM_CDM,8,0,12,1,3,4,16,2,1,4.34
101045,ACC_OPEN,25,0,8,1,4,4,15,3,1,21.59
101012,BIZ_BANK,18,1,29,1,10,4,14,3,1,51.47
101078,CUST_SVC,10,0,36,0,10,4,9,5,1,40.58
101056,ONLINE_SUP,12,0,35,1,10,4,14,5,1,31.6
101056,FIXED_DEP,15,1,17,1,7,6,15,1,1,26.09
101012,BIZ_BANK,18,1,26,1,8,4,10,2,1,39.94
101056,INVEST,22,1,11,1,5,4,11,4,1,26.75
101078,INSURANCE,20,1,18,1,3,7,15,4,1,5.25
101045,ONLINE_SUP,12,1,32,1,11,7,11,5,1,19.18
101033,REMITTANCE,10,1,19,1,7,7,9,5,1,10.9
101045,CUST_SVC,10,1,11,1,7,5,15,5,1,7.89
101033,LOAN,30,1,1,1,1,4,11,3,1,6.19
101012,CUST_SVC,10,0,4,1,8,6,11,4,1,15.7
101012,CREDIT_CARD,12,1,24,1,5,5,15,4,1,11.46
101012,CUST_SVC,10,0,11,1,2,3,12,5,0,4.75
101033,CUST_SVC,10,0,26,1,7,4,13,4,0,19.45
101012,DEPOSIT,6,1,1,1,6,6,11,5,1,9.24
101078,INSURANCE,20,1,13,1,5,8,15,1,1,15.87
101012,CUST_SVC,10,1,16,1,5,6,11,5,1,12.09
101078,REMITTANCE,10,1,36,1,9,4,10,3,1,28.43
101033,ATM_CDM,8,1,4,1,9,5,10,5,1,14.07
101012,CREDIT_CARD,12,1,12,1,1,5,16,4,1,5.77
101045,DEPOSIT,6,1,7,1,8,8,11,5,1,5.67
101012,ACC_OPEN,25,1,26,1,7,5,9,2,1,38.75
101033,CUST_SVC,10,1,4,1,7,6,14,5,1,14.83
101045,CREDIT_CARD,12,1,13,1,5,5,15,5,1,12.81
101045,BIZ_BANK,18,1,9,1,2,3,16,1,1,12.96
101045,CUST_SVC,10,1,24,1,6,6,15,5,1,12.2
101045,CREDIT_CARD,12,1,6,1,0,4,12,2,0,2.03
101045,BIZ_BANK,18,0,9,1,3,5,14,4,1,7.78
101078,INSURANCE,20,0,12,1,5,7,10,4,1,16.99
101045,ATM_CDM,8,1,2,1,5,8,11,5,1,7.78
101045,DEPOSIT,6,1,17,1,4,4,13,2,0,2.96
101033,DEPOSIT,6,1,45,1,17,6,11,5,1,17.63
101045,ACC_OPEN,25,1,8,1,2,5,11,3,1,12.11
101078,BIZ_BANK,18,1,23,1,8,3,13,1,0,66.55
101056,INSURANCE,20,1,15,1,7,8,15,1,1,18.01
101056,DEPOSIT,6,1,2,1,5,5,9,3,1,7.82
101056,LOAN,30,1,23,1,7,8,11,4,1,32.26
101012,ACC_OPEN,25,1,15,1,5,3,13,4,0,41.5
101056,BIZ_BANK,18,1,8,1,5,5,15,5,1,11.78
101045,FIXED_DEP,15,1,6,1,2,4,15,2,1,9.02
101056,ONLINE_SUP,12,1,4,1,17,6,14,5,1,40.04
101045,CREDIT_CARD,12,1,11,1,2,4,15,1,1,11.4
101056,CREDIT_CARD,12,0,39,1,14,6,16,1,1,38.51
101045,DEPOSIT,6,1,33,1,8,5,11,2,1,6.35
101045,CREDIT_CARD,12,1,30,1,10,6,15,5,1,10.93
101033,CREDIT_CARD,12,1,12,1,8,4,15,1,1,20.4
101033,ATM_CDM,8,1,13,1,8,3,13,2,0,17.3
101056,INVEST,22,0,24,1,6,2,13,1,0,41.75
101078,LOAN,30,0,19,1,5,5,16,5,1,22.85
101012,CUST_SVC,10,1,45,1,13,4,10,1,1,57.01
101033,ACC_OPEN,25,1,21,1,5,4,15,4,1,22.75
101078,LOAN,30,1,8,1,6,4,14,1,1,61.84
101045,BIZ_BANK,18,1,23,1,5,4,15,4,1,18.39
101045,ATM_CDM,8,0,9,1,6,8,15,1,1,5.71
101045,BIZ_BANK,18,1,7,1,7,5,14,5,1,37.24
101078,LOAN,30,1,5,1,4,7,10,1,1,18.87
101078,ACC_OPEN,25,1,12,1,3,6,14,3,1,15.27
101056,INSURANCE,20,1,18,1,8,5,15,3,1,45.86
101045,INSURANCE,20,0,12,0,3,3,12,5,0,32.28
101056,ACC_OPEN,25,0,23,1,7,6,9,5,1,30.49
101045,ACC_OPEN,25,1,17,1,8,4,9,1,1,35.62
101056,CUST_SVC,10,0,9,1,1,2,12,4,0,3.27
101045,DEPOSIT,6,1,15,1,9,6,11,1,1,5.08
101056,BIZ_BANK,18,1,27,1,6,4,10,3,1,36.8
101045,ATM_CDM,8,1,28,1,7,2,13,5,0,31.87
101012,DEPOSIT,6,0,1,0,12,4,14,4,1,11.98
101056,BIZ_BANK,18,1,20,1,10,5,10,1,1,38.96
101045,CREDIT_CARD,12,1,16,1,6,6,14,2,1,11.96
101056,CUST_SVC,10,1,20,1,8,5,15,4,1,18.27
101033,FIXED_DEP,15,0,3,1,5,2,12,4,0,27.55
101056,CREDIT_CARD,12,1,12,1,9,4,9,1,1,47.49
101033,ATM_CDM,8,1,2,1,5,3,13,3,0,11.86
101056,ATM_CDM,8,1,16,1,12,5,9,4,1,22.42
101033,REMITTANCE,10,1,23,1,7,7,9,3,1,12.66
101012,INSURANCE,20,0,7,0,5,6,11,2,1,18.96
101078,FIXED_DEP,15,1,34,1,9,5,10,2,1,45.63
101033,BIZ_BANK,18,0,7,1,12,6,14,5,1,22.53
101033,LOAN,30,1,16,1,3,3,16,3,1,41.23
101012,DEPOSIT,6,1,15,1,4,2,12,5,0,6.65
101012,CUST_SVC,10,1,11,1,1,3,13,4,0,4.21
101012,DEPOSIT,6,1,13,1,6,3,12,1,0,15.22
101012,BIZ_BANK,18,1,29,1,10,7,15,3,1,27.09
101056,DEPOSIT,6,0,15,1,3,3,12,5,0,7.88
101078,ACC_OPEN,25,1,6,1,6,6,14,2,1,34.15
101033,CUST_SVC,10,1,8,1,6,3,16,1,1,24.36
101056,CREDIT_CARD,12,1,9,1,7,8,11,2,1,1.96
101012,DEPOSIT,6,0,14,1,8,5,16,1,1,6.63
101033,INSURANCE,20,1,2,1,3,4,14,4,1,19.62
101045,CREDIT_CARD,12,1,4,1,2,4,16,1,1,6.27
101012,ACC_OPEN,25,1,1,1,1,4,13,3,0,7.76
101078,ATM_CDM,8,1,14,1,5,8,15,3,1,4.21
101045,DEPOSIT,6,0,15,1,6,4,14,1,1,8.21
101045,DEPOSIT,6,1,38,1,12,8,14,1,1,11.02
101078,ATM_CDM,8,1,24,1,5,8,15,4,1,6.03
101078,DEPOSIT,6,1,32,1,9,4,10,2,1,19.67
101012,DEPOSIT,6,0,39,1,13,4,11,1,1,29.28
101012,WITHDRAW,5,1,26,1,8,5,14,3,1,10.99
101045,WITHDRAW,5,1,14,1,3,4,13,2,0,4.67
101045,DEPOSIT,6,0,4,1,0,2,12,3,0,1.37
101078,ATM_CDM,8,0,10,1,6,7,9,2,1,5.61
101012,FIXED_DEP,15,1,9,1,9,5,15,5,1,25.75
101033,CUST_SVC,10,1,18,1,5,7,16,3,1,11.84
101012,FIXED_DEP,15,1,18,1,5,5,14,4,1,23.76
101078,ACC_OPEN,25,0,14,1,6,4,16,1,1,16.91
101045,DEPOSIT,6,1,8,1,0,4,16,3,1,0.22
101056,ATM_CDM,8,1,26,1,6,2,12,1,0,22.31
101045,CREDIT_CARD,12,1,29,1,8,7,10,3,1,19.24
101012,CUST_SVC,10,1,21,1,7,5,14,1,1,20.58
101056,DEPOSIT,6,1,8,1,10,6,14,1,1,11.26
101078,ONLINE_SUP,12,1,3,1,6,4,9,1,1,25.37
101078,DEPOSIT,6,1,3,1,6,4,11,5,1,10.08
101033,REMITTANCE,10,1,10,1,8,7,10,1,1,13.76
101078,CREDIT_CARD,12,1,31,1,11,4,10,1,1,48.2
101045,CREDIT_CARD,12,1,7,1,2,5,15,2,1,7.71
101012,ATM_CDM,8,0,14,1,4,4,14,4,1,9.48
101012,ATM_CDM,8,0,26,1,6,3,16,3,1,13.66
101056,CUST_SVC,10,1,24,1,5,6,9,4,1,5.79
101033,INVEST,22,0,10,1,1,5,15,3,1,6.04
101078,INSURANCE,20,0,14,1,5,6,15,5,1,15.98
101045,CREDIT_CARD,12,1,1,1,4,5,15,3,1,8.52
101078,CUST_SVC,10,1,12,1,8,7,14,4,1,20.97
101056,BIZ_BANK,18,1,18,1,3,6,16,4,1,9.98
101033,DEPOSIT,6,0,5,1,7,4,11,1,1,8.68
101056,REMITTANCE,10,1,24,1,11,6,9,2,1,28.73
101056,LOAN,30,1,18,1,5,4,15,3,1,51.43
101045,CREDIT_CARD,12,1,5,1,2,5,15,3,1,3.94
101012,CREDIT_CARD,12,1,18,1,8,5,9,1,1,31.62
101056,CUST_SVC,10,1,26,1,9,6,14,2,1,14.31
101045,INVEST,22,0,19,1,5,7,9,4,1,9.93
101045,CREDIT_CARD,12,1,20,1,6,6,10,1,1,13.21
101033,REMITTANCE,10,1,5,1,2,4,13,5,0,4.94
101056,BIZ_BANK,18,1,30,1,8,5,10,1,1,59.53
101033,REMITTANCE,10,1,20,1,5,4,16,5,1,14.83
101078,LOAN,30,1,16,1,7,4,14,3,1,44.11
101045,ONLINE_SUP,12,0,2,1,4,7,14,3,1,7.14
101033,DEPOSIT,6,1,45,1,16,4,10,1,1,29.05
101056,CUST_SVC,10,0,23,1,8,6,9,4,1,11.64
101033,LOAN,30,1,17,1,4,4,10,4,1,36.85
101045,ONLINE_SUP,12,1,8,1,2,3,13,5,0,5.08
101078,ACC_OPEN,25,1,12,1,8,7,10,4,1,18.77
101078,ACC_OPEN,25,1,13,1,8,4,15,3,1,36.85
101045,REMITTANCE,10,0,6,1,5,4,14,4,1,17.99
101045,WITHDRAW,5,1,3,1,5,2,13,2,0,15.66
101012,FIXED_DEP,15,1,20,1,6,6,14,1,1,20.57
101078,DEPOSIT,6,1,15,1,9,4,9,5,1,19.21
101045,CREDIT_CARD,12,1,1,1,3,5,9,3,1,6.39
101056,INSURANCE,20,0,25,1,6,4,16,3,1,23.44
101033,ACC_OPEN,25,1,29,1,9,7,14,2,1,42.89
101045,FIXED_DEP,15,1,33,1,10,6,16,2,1,31.21
101033,CUST_SVC,10,1,12,1,4,7,10,3,1,8.41
101012,LOAN,30,0,16,1,12,5,11,1,1,51.58
101045,DEPOSIT,6,0,8,1,9,5,10,3,1,11.86
101056,CUST_SVC,10,0,21,1,5,3,13,5,0,12.69
101056,FIXED_DEP,15,1,40,1,15,6,15,1,1,54.04
101012,FIXED_DEP,15,1,39,1,15,6,15,5,1,35.43
101056,CREDIT_CARD,12,1,9,1,4,6,14,4,1,8.46
101078,INSURANCE,20,1,10,1,5,3,13,1,0,22.21
101056,ACC_OPEN,25,1,27,1,8,5,14,5,1,59.93
101033,CREDIT_CARD,12,0,15,1,2,2,12,4,0,6.57
101012,INSURANCE,20,1,3,1,10,4,14,5,1,84.1
101033,DEPOSIT,6,0,28,1,7,3,16,3,1,7.53
101045,CUST_SVC,10,0,3,1,4,7,15,5,1,1.02
101033,WITHDRAW,5,1,15,1,2,8,11,1,1,2.13
101012,FIXED_DEP,15,0,26,1,11,7,11,5,1,30.31
101012,CUST_SVC,10,1,6,1,10,4,11,1,1,32.97
101078,BIZ_BANK,18,1,5,1,6,8,9,1,1,16.71
101056,INSURANCE,20,1,11,1,5,3,16,4,1,43.17
101012,ATM_CDM,8,0,40,1,12,5,14,5,1,25.43
101012,DEPOSIT,6,1,6,1,10,5,9,5,1,7.21
101056,REMITTANCE,10,1,5,1,7,4,9,5,1,19.0
101045,ATM_CDM,8,0,2,1,4,6,9,4,1,4.39
101078,LOAN,30,1,8,1,2,2,13,2,0,26.21
101078,CUST_SVC,10,0,18,1,4,3,13,4,0,16.67
101033,BIZ_BANK,18,0,17,1,5,4,9,2,1,20.24
101045,CREDIT_CARD,12,0,9,1,1,4,11,1,1,2.76
101045,ACC_OPEN,25,1,27,1,8,6,15,4,1,51.25
101078,FIXED_DEP,15,1,15,1,5,5,11,3,1,19.51
101033,CREDIT_CARD,12,1,22,1,8,5,10,4,1,27.33
101078,ACC_OPEN,25,0,38,1,12,8,11,3,1,24.06
101012,WITHDRAW,5,0,20,1,5,6,16,4,1,1.16
101078,ATM_CDM,8,1,1,1,3,8,15,4,1,3.44
101056,ACC_OPEN,25,1,4,1,2,6,15,3,1,11.42
101045,INSURANCE,20,0,13,1,7,5,15,4,1,24.06
101078,ACC_OPEN,25,1,2,1,2,5,15,3,1,8.23
101033,ACC_OPEN,25,1,11,1,5,5,10,3,1,32.76
101078,ATM_CDM,8,1,8,1,4,4,13,5,0,8.52
101045,DEPOSIT,6,0,14,1,4,5,10,3,1,5.0
101045,DEPOSIT,6,1,1,1,4,2,12,5,0,13.09
101056,LOAN,30,0,15,1,8,5,11,1,1,35.6
101078,ONLINE_SUP,12,0,10,0,12,7,15,5,1,25.53
101056,CUST_SVC,10,1,2,1,10,4,9,4,1,26.21
101045,FIXED_DEP,15,1,11,1,3,5,9,2,1,9.35
101078,LOAN,30,1,16,1,5,6,11,2,1,31.23
101078,CREDIT_CARD,12,1,18,1,5,7,14,3,1,12.13
101045,CREDIT_CARD,12,1,12,1,4,4,13,1,0,9.54
101045,LOAN,30,1,19,1,6,6,11,2,1,24.04
101045,CUST_SVC,10,1,1,1,2,6,14,5,1,3.63
101012,ACC_OPEN,25,0,12,1,9,2,12,1,0,90.0
101056,REMITTANCE,10,0,27,1,6,4,14,3,1,13.68
101045,REMITTANCE,10,1,13,1,2,3,13,4,0,6.95
101045,ACC_OPEN,25,0,4,1,0,4,12,4,0,1.11
101078,DEPOSIT,6,1,13,1,4,4,13,2,0,5.13
101078,CUST_SVC,10,1,15,1,3,6,15,3,1,7.31
101056,REMITTANCE,10,0,14,1,7,6,10,1,1,7.63
101033,CREDIT_CARD,12,1,17,1,8,4,10,3,1,26.06
101056,CUST_SVC,10,0,22,1,6,7,10,2,1,8.39
101078,BIZ_BANK,18,1,11,1,5,7,10,2,1,15.16
101033,ATM_CDM,8,1,8,1,0,3,12,3,0,0.72
101056,CREDIT_CARD,12,0,8,1,7,6,16,1,1,14.44
101078,CREDIT_CARD,12,1,9,1,6,4,14,3,1,34.8
101056,ONLINE_SUP,12,1,11,1,7,6,9,1,1,22.33
101045,LOAN,30,1,3,1,3,2,12,4,0,54.02
101033,ACC_OPEN,25,1,2,1,8,4,9,2,1,67.95
101033,LOAN,30,1,29,1,13,7,15,4,1,82.16
101056,ONLINE_SUP,12,1,20,1,8,7,10,5,1,20.04
101056,CUST_SVC,10,1,6,1,8,4,12,1,0,28.34
101045,DEPOSIT,6,1,14,1,2,5,16,5,1,2.91
101012,BIZ_BANK,18,1,49,1,14,7,14,5,1,41.94
101045,ACC_OPEN,25,1,19,1,7,4,13,5,0,30.5
101078,DEPOSIT,6,1,35,1,12,4,15,2,1,27.26
101012,CUST_SVC,10,1,14,1,8,4,14,5,1,19.02
101056,REMITTANCE,10,1,22,1,7,7,15,1,1,12.65
101033,ACC_OPEN,25,0,24,1,11,8,9,1,1,46.95
101045,CUST_SVC,10,1,8,1,8,6,15,1,1,14.76
101078,DEPOSIT,6,1,12,1,5,6,9,4,1,4.9
101033,ATM_CDM,8,1,27,1,8,6,9,4,1,11.93
101056,ATM_CDM,8,1,3,1,10,3,13,1,0,37.42
101056,REMITTANCE,10,1,3,1,5,4,10,2,1,15.45
101078,CREDIT_CARD,12,1,17,1,4,6,14,3,1,7.3
101033,BIZ_BANK,18,1,2,1,10,7,14,1,1,32.19
101045,CREDIT_CARD,12,1,6,1,0,4,13,4,0,0.13
101012,DEPOSIT,6,0,10,0,6,6,15,4,1,4.93
101045,ACC_OPEN,25,1,20,1,5,5,11,1,1,34.53
101012,ATM_CDM,8,1,16,1,7,6,15,5,1,11.68
101045,LOAN,30,1,18,1,4,4,10,5,1,36.77
101078,REMITTANCE,10,0,27,1,6,7,16,5,1,11.93
101033,FIXED_DEP,15,1,5,1,10,8,15,5,1,20.07
101045,CREDIT_CARD,12,1,15,1,3,3,12,3,0,9.59
101056,ACC_OPEN,25,1,47,1,13,4,9,1,1,58.85
101078,CUST_SVC,10,0,14,1,5,6,15,2,1,9.64
101012,WITHDRAW,5,1,2,1,2,3,13,3,0,0.76
101033,CREDIT_CARD,12,1,10,1,2,4,14,2,1,10.1
101078,CREDIT_CARD,12,0,2,1,4,4,10,3,1,10.65
101045,REMITTANCE,10,0,8,1,4,7,14,3,1,3.27
101056,REMITTANCE,10,1,13,1,5,5,9,2,1,10.03
101045,WITHDRAW,5,1,14,1,5,5,14,1,1,4.97
101045,DEPOSIT,6,1,26,1,7,3,12,1,0,19.96
101078,LOAN,30,1,2,1,4,4,10,4,1,30.29
101056,WITHDRAW,5,0,14,1,9,6,15,5,1,8.29
101012,CREDIT_CARD,12,1,16,1,3,3,13,3,0,7.32
101056,INVEST,22,1,3,1,6,7,14,3,1,26.82
101033,DEPOSIT,6,0,22,0,6,6,9,4,1,6.52
101033,CUST_SVC,10,1,21,1,10,8,14,5,1,16.82
101045,ONLINE_SUP,12,1,5,1,5,4,14,2,1,21.41
101033,DEPOSIT,6,1,14,1,5,4,13,1,0,8.44
101056,DEPOSIT,6,0,13,1,4,6,14,3,1,4.62
101056,ACC_OPEN,25,1,7,1,8,4,9,4,1,40.13
101045,ATM_CDM,8,1,7,1,2,3,12,4,0,5.9
101056,INSURANCE,20,0,7,1,5,4,16,2,1,14.74
101078,ONLINE_SUP,12,0,27,1,8,5,15,4,1,19.86
101078,ONLINE_SUP,12,1,18,1,7,5,14,1,1,15.58
101012,INVEST,22,1,43,1,12,4,12,1,0,46.68
101056,ATM_CDM,8,1,15,1,6,6,15,4,1,9.01
101045,ONLINE_SUP,12,0,1,1,0,3,12,4,0,0.78
101078,INSURANCE,20,0,2,1,5,5,10,2,1,26.81
101078,ONLINE_SUP,12,1,17,1,4,5,9,3,1,13.93
101033,DEPOSIT,6,1,20,1,7,6,16,1,1,4.95
101078,CUST_SVC,10,1,23,1,6,5,15,5,1,13.3
101033,DEPOSIT,6,1,35,1,9,5,10,1,1,7.69
101078,DEPOSIT,6,0,15,1,4,6,14,5,1,2.93
101045,CREDIT_CARD,12,1,12,1,6,6,11,4,1,15.5
101056,LOAN,30,1,23,1,10,7,14,5,1,76.75
101056,CUST_SVC,10,0,4,0,5,7,11,4,1,10.3
101056,CUST_SVC,10,1,3,1,8,5,15,5,1,20.45
101033,LOAN,30,1,4,1,6,7,9,2,1,27.63
101033,CUST_SVC,10,1,16,1,9,5,10,2,1,17.22
101045,WITHDRAW,5,1,25,1,12,4,10,1,1,11.52
101056,REMITTANCE,10,1,2,1,5,6,14,3,1,7.45
101078,LOAN,30,1,18,1,5,5,14,2,1,26.82
101012,ATM_CDM,8,1,29,1,12,7,10,1,1,17.25
101078,DEPOSIT,6,1,17,1,7,6,14,1,1,6.55
101033,DEPOSIT,6,1,4,1,4,5,10,4,1,6.8
101045,FIXED_DEP,15,1,2,1,2,6,14,3,1,7.1
101078,CREDIT_CARD,12,1,9,1,9,4,10,5,1,27.64
101045,FIXED_DEP,15,1,6,1,7,8,10,5,1,15.64
101033,CREDIT_CARD,12,1,11,1,5,5,14,5,1,8.39
101056,INVEST,22,1,11,1,5,7,9,3,1,8.28
101045,BIZ_BANK,18,1,8,1,4,5,9,5,1,10.68
101045,DEPOSIT,6,1,19,1,8,4,10,1,1,14.07
101012,ACC_OPEN,25,1,31,1,17,6,9,1,1,51.74
101078,DEPOSIT,6,1,15,1,11,3,16,4,1,16.31
101012,ACC_OPEN,25,0,7,0,7,5,14,5,1,39.45
101056,CREDIT_CARD,12,1,35,1,13,5,15,1,1,49.75
101078,BIZ_BANK,18,1,11,1,2,6,16,2,1,7.58
101012,LOAN,30,0,14,1,4,2,12,3,0,75.23
101056,FIXED_DEP,15,1,14,1,7,6,9,2,1,23.24
101045,INSURANCE,20,0,20,1,5,6,15,2,1,22.19
101045,CUST_SVC,10,1,13,1,2,5,10,2,1,3.16
101012,DEPOSIT,6,1,21,1,10,7,9,1,1,11.58
101056,LOAN,30,1,32,1,10,7,16,4,1,65.76
101012,CUST_SVC,10,1,25,1,8,5,11,4,1,19.14
101045,DEPOSIT,6,1,10,1,3,6,10,3,1,3.33
101012,INVEST,22,0,16,1,11,4,10,1,1,54.86
101033,CREDIT_CARD,12,1,3,1,8,5,14,2,1,18.67
101078,DEPOSIT,6,1,6,1,9,6,11,5,1,9.21
101033,INSURANCE,20,1,7,1,2,6,10,3,1,7.82
101078,LOAN,30,1,7,1,0,6,14,5,1,0.6
101033,REMITTANCE,10,1,23,1,7,6,10,2,1,15.95
101033,WITHDRAW,5,1,10,1,8,4,9,1,1,6.1
101056,CREDIT_CARD,12,1,3,1,0,4,13,5,0,0.17
101012,DEPOSIT,6,1,15,1,10,3,13,5,0,17.86
101056,ATM_CDM,8,1,2,1,5,3,16,3,1,9.98
101045,DEPOSIT,6,1,47,1,13,7,15,5,1,20.11
101045,CREDIT_CARD,12,1,13,1,8,4,15,2,1,6.84
101033,ACC_OPEN,25,1,21,1,11,5,9,1,1,66.72
101078,DEPOSIT,6,0,15,1,4,2,13,5,0,4.68
101056,CREDIT_CARD,12,1,5,1,7,4,9,2,1,23.18
101033,LOAN,30,1,17,1,4,6,11,5,1,34.39
101033,CREDIT_CARD,12,1,22,1,5,4,11,2,1,11.59
101045,FIXED_DEP,15,1,5,1,4,5,16,1,1,6.52
101033,ACC_OPEN,25,1,5,1,8,4,15,1,1,57.52
101033,WITHDRAW,5,0,9,0,5,4,16,5,1,6.45
101033,CREDIT_CARD,12,0,32,1,8,5,16,1,1,14.65
101078,BIZ_BANK,18,1,5,1,6,5,11,4,1,19.67
101045,CUST_SVC,10,1,26,1,6,6,10,1,1,12.38
101045,DEPOSIT,6,1,28,1,11,7,10,3,1,13.12
101012,CUST_SVC,10,0,30,1,7,4,12,3,0,18.36
101033,BIZ_BANK,18,1,26,1,7,6,14,1,1,26.39
101056,LOAN,30,0,15,1,9,4,9,5,1,67.01
101078,ONLINE_SUP,12,1,25,1,11,6,10,5,1,29.64
101012,CREDIT_CARD,12,1,16,1,10,4,11,1,1,37.5
101045,WITHDRAW,5,1,9,1,10,6,9,5,1,6.46
101056,BIZ_BANK,18,1,26,1,8,3,16,5,1,27.04
101056,CUST_SVC,10,0,2,1,5,2,13,5,0,27.36
101012,FIXED_DEP,15,1,25,1,6,6,11,5,1,21.09
101045,DEPOSIT,6,1,10,1,1,7,9,4,1,0.0
101078,CREDIT_CARD,12,0,37,1,10,4,15,4,1,36.43
101033,DEPOSIT,6,1,5,1,4,6,9,4,1,4.19
101056,ATM_CDM,8,1,2,1,6,6,9,3,1,9.63
101012,CUST_SVC,10,0,31,1,8,7,16,2,1,15.8
101078,CUST_SVC,10,1,12,1,7,4,14,1,1,18.36
101045,DEPOSIT,6,1,14,1,4,8,15,5,1,5.39
101056,WITHDRAW,5,1,28,1,8,7,15,1,1,6.07
101012,CUST_SVC,10,1,41,1,15,7,15,1,1,11.35
101078,LOAN,30,0,35,1,10,5,10,2,1,56.85
101012,ONLINE_SUP,12,0,8,1,5,2,13,4,0,26.31
101056,ONLINE_SUP,12,1,4,1,10,2,13,1,0,72.83
101012,FIXED_DEP,15,1,12,1,9,7,10,4,1,21.99
101078,FIXED_DEP,15,1,14,1,8,5,9,5,1,14.51
101045,LOAN,30,1,27,1,7,4,14,2,1,65.61
101078,REMITTANCE,10,1,1,1,7,5,10,2,1,16.29
101078,CUST_SVC,10,1,5,1,4,6,15,3,1,7.11
101033,DEPOSIT,6,1,9,1,4,5,9,2,1,4.2
101012,ACC_OPEN,25,1,5,1,9,7,10,5,1,25.79
101012,CUST_SVC,10,1,2,1,6,4,10,3,1,15.14
101012,CUST_SVC,10,1,33,1,13,7,15,2,1,25.45
101033,CUST_SVC,10,1,27,1,8,4,14,2,1,19.18
101078,DEPOSIT,6,0,6,1,5,2,12,2,0,13.97
101056,CREDIT_CARD,12,0,48,1,14,6,15,5,1,23.75
101033,CUST_SVC,10,1,4,1,7,3,13,2,0,28.03
101078,INVEST,22,0,16,1,4,4,15,4,1,26.4
101045,CUST_SVC,10,1,2,1,3,3,16,5,1,9.36
101056,ATM_CDM,8,1,32,1,10,6,9,5,1,8.48
101012,REMITTANCE,10,1,13,1,7,5,11,4,1,16.44
101056,BIZ_BANK,18,0,20,1,10,4,11,5,1,59.06
101078,BIZ_BANK,18,1,11,1,11,7,14,3,1,32.91
101078,CREDIT_CARD,12,1,14,1,4,3,12,4,0,10.61
101056,FIXED_DEP,15,0,4,1,0,4,13,4,0,0.68
101056,CUST_SVC,10,1,19,1,8,3,16,3,1,36.51
101078,DEPOSIT,6,1,15,1,10,3,16,1,1,13.57
101012,LOAN,30,1,47,1,13,8,11,3,1,64.0
101012,ACC_OPEN,25,1,27,1,7,5,10,1,1,52.66
101045,FIXED_DEP,15,1,9,1,8,7,9,4,1,15.68
101056,INSURANCE,20,1,5,1,9,7,15,4,1,20.91
101012,INSURANCE,20,1,11,1,8,7,10,1,1,27.21
101078,CUST_SVC,10,0,21,1,5,6,9,3,1,7.48
101078,ATM_CDM,8,1,4,1,0,4,12,2,0,1.12
101056,INSURANCE,20,0,8,1,6,6,15,2,1,21.79
101078,FIXED_DEP,15,1,17,1,10,5,11,1,1,35.46
101078,BIZ_BANK,18,1,24,1,5,5,15,3,1,27.77
101033,DEPOSIT,6,1,1,1,2,3,16,3,1,2.4
101056,CUST_SVC,10,1,8,1,7,6,10,2,1,12.66
101056,BIZ_BANK,18,0,16,1,6,6,16,5,1,24.88
101033,CUST_SVC,10,1,22,1,6,7,9,2,1,6.45
101078,CUST_SVC,10,1,27,1,6,4,13,5,0,20.97
101033,ATM_CDM,8,1,21,1,5,6,15,1,1,9.19
101012,BIZ_BANK,18,1,35,1,10,3,12,2,0,65.4
101045,ATM_CDM,8,1,19,1,4,7,9,5,1,4.86
101056,REMITTANCE,10,0,31,1,8,5,9,5,1,20.54
101078,REMITTANCE,10,1,16,1,5,5,11,1,1,10.72
101012,DEPOSIT,6,1,5,1,7,4,9,4,1,4.61
101078,BIZ_BANK,18,1,2,1,4,2,13,5,0,44.57
101033,FIXED_DEP,15,0,4,1,4,8,10,5,1,9.03
101012,DEPOSIT,6,1,26,1,10,5,9,5,1,19.4
101056,CUST_SVC,10,1,11,1,8,6,15,2,1,13.87
101078,CREDIT_CARD,12,1,9,1,4,4,16,2,1,8.05
101056,DEPOSIT,6,0,28,1,9,4,16,1,1,18.16
101033,CUST_SVC,10,1,7,1,4,6,14,2,1,6.11
101045,DEPOSIT,6,1,17,1,5,4,9,2,1,10.45
101045,WITHDRAW,5,1,38,1,13,6,10,3,1,11.74
101012,DEPOSIT,6,1,23,1,9,4,15,1,1,15.67
101033,CUST_SVC,10,1,2,1,0,6,9,3,1,0.51
101033,DEPOSIT,6,0,11,1,5,2,12,1,0,8.36
101012,INVEST,22,1,30,1,11,5,11,2,1,59.99
101033,DEPOSIT,6,1,15,1,3,5,9,3,1,3.62
101033,ONLINE_SUP,12,1,2,1,6,3,13,1,0,29.66
101056,CUST_SVC,10,1,2,1,4,5,16,3,1,9.29
101056,DEPOSIT,6,1,2,1,4,2,12,3,0,8.17
101078,FIXED_DEP,15,1,1,1,9,7,11,2,1,33.71
101033,CUST_SVC,10,0,22,1,6,4,15,5,1,14.78
101012,CREDIT_CARD,12,1,9,1,6,4,15,4,1,25.31
101045,CREDIT_CARD,12,1,10,1,8,4,15,5,1,24.92
101056,CUST_SVC,10,1,14,1,7,7,11,4,1,13.76
101078,DEPOSIT,6,1,12,1,4,5,16,1,1,4.84
101056,ATM_CDM,8,0,20,1,8,4,10,3,1,10.45
101012,LOAN,30,1,48,1,13,8,9,5,1,80.24
101012,CREDIT_CARD,12,0,1,1,7,4,14,2,1,26.86
101078,CUST_SVC,10,0,16,1,6,4,14,4,1,24.53
101033,CREDIT_CARD,12,0,33,1,9,8,11,5,1,17.21
101045,ACC_OPEN,25,0,24,1,7,5,9,2,1,44.78
101045,LOAN,30,1,29,1,8,6,15,3,1,48.79
101078,LOAN,30,0,23,1,5,3,12,5,0,40.09
101033,DEPOSIT,6,1,21,1,6,2,13,1,0,13.62
101078,ONLINE_SUP,12,1,12,1,11,6,10,1,1,32.17
101045,REMITTANCE,10,1,12,1,5,6,16,1,1,9.37
101033,BIZ_BANK,18,0,12,0,8,5,10,3,1,36.29
101078,ONLINE_SUP,12,1,26,1,6,5,16,5,1,14.93
101056,ONLINE_SUP,12,1,8,1,5,6,15,3,1,15.3
101012,DEPOSIT,6,1,11,1,3,4,16,3,1,7.92
101033,DEPOSIT,6,1,19,1,7,7,10,4,1,4.29
101078,FIXED_DEP,15,0,2,1,3,4,12,4,0,7.66
101056,CUST_SVC,10,0,24,1,5,4,13,4,0,11.62
101056,ATM_CDM,8,1,3,1,15,5,9,1,1,25.45
101056,CREDIT_CARD,12,1,2,1,3,3,13,5,0,8.03
101045,CREDIT_CARD,12,1,7,1,6,6,10,1,1,14.55
101045,DEPOSIT,6,1,9,1,3,7,11,1,1,1.6
101056,WITHDRAW,5,1,20,1,4,8,14,5,1,1.48
101045,INSURANCE,20,0,2,1,8,2,13,1,0,70.81
101012,INSURANCE,20,1,3,1,1,2,13,5,0,13.13
101056,ATM_CDM,8,1,18,1,5,4,16,4,1,15.79
101078,DEPOSIT,6,1,9,1,3,6,14,2,1,5.24
101078,REMITTANCE,10,1,42,1,13,7,10,1,1,28.1
101056,BIZ_BANK,18,1,23,1,8,8,15,5,1,21.47
101056,CREDIT_CARD,12,1,19,1,5,3,12,5,0,23.77
101056,REMITTANCE,10,1,19,1,5,6,11,3,1,9.86
101012,REMITTANCE,10,1,27,1,7,6,11,5,1,19.06
101056,ATM_CDM,8,1,6,1,5,6,11,5,1,8.41
101012,BIZ_BANK,18,1,2,1,2,4,10,2,1,8.95
101045,DEPOSIT,6,0,11,1,5,4,9,3,1,2.67
101078,BIZ_BANK,18,0,16,1,5,5,9,2,1,13.46
101045,FIXED_DEP,15,1,18,1,8,5,9,2,1,24.91
101012,WITHDRAW,5,1,28,1,8,6,10,2,1,6.08
101045,BIZ_BANK,18,1,12,1,8,4,10,4,1,57.36
101078,CREDIT_CARD,12,1,2,1,7,4,12,4,0,21.14
101033,ATM_CDM,8,1,13,1,6,5,15,1,1,10.08
101056,REMITTANCE,10,1,9,1,7,5,11,1,1,19.1
101033,BIZ_BANK,18,1,5,1,1,3,13,1,0,5.89
101012,CUST_SVC,10,0,17,1,15,7,11,2,1,28.02
101012,DEPOSIT,6,1,11,1,1,4,13,2,0,2.97
101056,CREDIT_CARD,12,0,38,1,12,7,10,2,1,17.54
101078,ATM_CDM,8,1,33,1,8,4,10,4,1,9.87
101033,ATM_CDM,8,1,11,1,5,4,10,3,1,7.73
101033,DEPOSIT,6,1,26,1,6,4,14,1,1,7.06
101033,CUST_SVC,10,0,10,1,10,7,10,3,1,22.26
101078,DEPOSIT,6,1,3,1,6,7,10,4,1,4.69
101056,INVEST,22,1,5,1,1,4,13,1,0,8.04
101045,DEPOSIT,6,1,24,1,8,4,16,3,1,15.98
101033,INSURANCE,20,1,4,1,1,3,12,4,0,4.09
101033,DEPOSIT,6,1,2,1,6,7,15,3,1,7.09
101056,BIZ_BANK,18,1,15,1,4,4,14,1,1,27.31
101045,CUST_SVC,10,0,14,1,3,2,13,2,0,14.52
101078,DEPOSIT,6,1,10,1,1,3,13,3,0,1.39
101033,CUST_SVC,10,1,17,1,4,6,14,2,1,7.99
101045,CREDIT_CARD,12,0,17,1,6,8,15,3,1,7.67
101045,CUST_SVC,10,1,12,1,11,7,16,5,1,17.19
101078,LOAN,30,1,6,1,8,4,9,5,1,71.7
101045,CREDIT_CARD,12,1,19,1,6,2,13,3,0,47.56
101033,ATM_CDM,8,1,16,1,5,4,13,5,0,7.38
101033,CUST_SVC,10,0,21,1,8,6,16,1,1,13.57
101078,ONLINE_SUP,12,1,1,1,2,6,16,3,1,4.19
101012,CUST_SVC,10,1,24,1,5,5,16,2,1,11.03
101078,BIZ_BANK,18,0,11,1,5,5,11,5,1,14.56
101033,ATM_CDM,8,1,1,1,6,6,14,3,1,9.66
101056,BIZ_BANK,18,1,19,1,8,4,9,5,1,41.93
101033,DEPOSIT,6,1,50,1,17,4,9,5,1,36.33
101033,REMITTANCE,10,1,1,1,2,4,13,1,0,2.2
101012,ATM_CDM,8,0,28,1,7,4,16,2,1,11.57
101056,BIZ_BANK,18,1,29,1,7,5,11,1,1,37.82
101056,ACC_OPEN,25,0,28,1,7,6,14,2,1,39.76
101033,DEPOSIT,6,0,12,1,3,6,15,2,1,2.06
101045,LOAN,30,0,23,1,10,4,15,1,1,90.0
101078,ATM_CDM,8,0,31,1,9,2,13,2,0,23.43
101012,BIZ_BANK,18,1,12,1,2,3,12,2,0,13.24
101045,ATM_CDM,8,1,29,1,8,6,9,3,1,16.5
101056,ATM_CDM,8,0,33,1,11,6,15,1,1,6.89
101012,REMITTANCE,10,0,14,1,13,6,11,1,1,18.78
101033,CUST_SVC,10,1,11,1,10,4,11,4,1,17.41
101056,WITHDRAW,5,1,20,1,4,3,13,3,0,9.8
101045,CUST_SVC,10,1,9,1,1,3,12,5,0,4.27
101033,FIXED_DEP,15,1,26,1,6,5,16,3,1,20.37
101033,INSURANCE,20,1,52,1,16,6,15,1,1,37.25
101078,LOAN,30,1,7,1,7,4,13,1,0,61.98
101078,CREDIT_CARD,12,1,31,1,9,6,16,1,1,24.81
101033,CREDIT_CARD,12,1,29,1,7,4,16,5,1,13.21
101056,ATM_CDM,8,1,29,1,10,4,14,4,1,36.69
101045,INVEST,22,0,28,1,7,6,14,4,1,24.04
101078,INVEST,22,1,28,1,8,5,9,1,1,36.27
101078,ONLINE_SUP,12,0,4,1,9,6,10,5,1,21.01
101033,CREDIT_CARD,12,1,8,1,5,4,11,4,1,24.32
101078,CUST_SVC,10,0,10,1,1,2,13,1,0,3.87
101045,ATM_CDM,8,0,13,1,2,8,14,1,1,2.15
101056,DEPOSIT,6,1,9,1,4,4,16,2,1,6.93
101045,CREDIT_CARD,12,1,15,1,4,4,16,4,1,13.47
101056,BIZ_BANK,18,1,20,1,9,4,10,5,1,44.46
101012,DEPOSIT,6,1,27,1,9,6,9,1,1,15.7
101078,CUST_SVC,10,1,4,1,6,4,16,2,1,17.89
101045,CUST_SVC,10,1,13,1,7,3,12,3,0,21.83
101045,REMITTANCE,10,1,31,1,9,6,10,1,1,21.09
101033,BIZ_BANK,18,1,17,1,4,4,12,3,0,13.17
101012,CREDIT_CARD,12,1,21,1,9,4,14,3,1,33.44
101056,LOAN,30,1,22,1,7,6,11,2,1,70.07
101078,ATM_CDM,8,1,11,1,3,4,12,2,0,6.92
101056,CREDIT_CARD,12,1,13,1,6,7,9,4,1,5.83
101078,ONLINE_SUP,12,1,20,1,4,5,15,3,1,6.21
101078,BIZ_BANK,18,1,18,1,3,4,12,3,0,11.59
101056,WITHDRAW,5,1,1,1,5,4,9,2,1,10.02
101078,ATM_CDM,8,1,23,1,6,6,10,5,1,10.49
101033,ATM_CDM,8,1,1,1,6,7,14,1,1,4.58
101056,REMITTANCE,10,0,9,1,6,5,11,4,1,9.31
101045,CUST_SVC,10,1,8,1,6,7,10,1,1,10.1
101045,CUST_SVC,10,1,12,1,4,4,16,4,1,7.02
101056,FIXED_DEP,15,0,5,1,4,7,11,3,1,7.68
101078,CREDIT_CARD,12,0,27,0,7,4,14,4,1,29.0
101033,INVEST,22,1,9,1,4,6,10,4,1,20.26
101033,CUST_SVC,10,1,7,1,10,6,9,5,1,31.08
101056,CUST_SVC,10,1,29,1,7,7,14,5,1,10.81
101012,ONLINE_SUP,12,1,10,1,6,6,15,4,1,16.41
101045,INVEST,22,1,6,1,4,2,12,5,0,28.89
101012,REMITTANCE,10,1,48,1,16,5,16,1,1,50.53
101045,CREDIT_CARD,12,1,18,1,12,4,11,3,1,48.85
101078,ATM_CDM,8,1,20,1,9,4,10,5,1,21.39
101078,DEPOSIT,6,1,16,1,7,6,9,2,1,8.7
101056,BIZ_BANK,18,1,28,1,9,5,11,4,1,37.6
101033,ATM_CDM,8,1,14,1,3,3,12,2,0,10.55
101045,INSURANCE,20,1,4,1,0,6,9,3,1,0.31
101056,CUST_SVC,10,1,4,1,5,7,14,1,1,8.47
101033,BIZ_BANK,18,1,26,1,6,4,13,4,0,37.86
101078,BIZ_BANK,18,1,15,1,2,4,16,2,1,10.73
101045,ATM_CDM,8,1,11,1,6,6,11,3,1,11.77
101056,CREDIT_CARD,12,1,36,1,9,5,14,5,1,26.87
101056,BIZ_BANK,18,0,2,1,12,4,15,4,1,37.21
101033,WITHDRAW,5,1,10,1,9,7,14,1,1,7.63
101012,INSURANCE,20,0,35,0,9,6,10,3,1,50.17
101033,ATM_CDM,8,0,14,1,10,5,14,3,1,16.01
101078,LOAN,30,1,18,1,4,4,14,4,1,35.61
101056,WITHDRAW,5,0,3,0,7,7,16,5,1,7.04
101033,ACC_OPEN,25,1,8,1,8,6,10,4,1,48.07
101012,DEPOSIT,6,1,37,1,14,6,14,3,1,7.2
101056,CREDIT_CARD,12,1,21,1,5,7,9,1,1,15.18
101045,ATM_CDM,8,0,8,0,3,4,11,3,1,7.33
101033,ACC_OPEN,25,1,10,1,3,5,16,1,1,17.97
101033,CUST_SVC,10,1,8,1,2,4,13,1,0,6.81
101078,CREDIT_CARD,12,1,40,1,12,4,10,2,1,60.52
101056,CUST_SVC,10,0,40,1,11,5,15,5,1,11.05
101056,CREDIT_CARD,12,1,20,1,4,4,16,2,1,16.51
101078,DEPOSIT,6,1,1,1,7,4,10,2,1,13.43
101078,ATM_CDM,8,0,6,1,7,4,16,4,1,7.92
101045,DEPOSIT,6,0,6,1,4,4,15,1,1,7.63
101045,LOAN,30,1,1,1,6,5,14,5,1,52.67
101033,INSURANCE,20,0,8,1,1,2,13,3,0,12.04
101012,BIZ_BANK,18,1,6,1,1,4,12,2,0,3.81
101045,INVEST,22,1,8,1,3,5,16,4,1,12.68
101045,LOAN,30,1,3,1,5,5,10,2,1,26.67
101045,REMITTANCE,10,1,11,1,2,4,12,2,0,2.07
101078,ATM_CDM,8,1,24,1,8,6,10,2,1,7.49
101078,INSURANCE,20,0,15,1,7,4,14,1,1,36.62
101033,CUST_SVC,10,1,18,1,4,4,16,3,1,18.48
101033,CUST_SVC,10,1,17,1,5,4,15,3,1,15.73
101033,BIZ_BANK,18,0,41,1,11,4,10,1,1,67.36
101045,DEPOSIT,6,1,25,1,7,6,9,3,1,4.91
101056,FIXED_DEP,15,1,1,1,6,5,16,1,1,22.78
101045,CUST_SVC,10,1,8,1,5,5,14,4,1,13.06
101045,ATM_CDM,8,1,6,1,3,5,11,1,1,5.61
101045,LOAN,30,1,25,1,7,5,10,3,1,38.8
101078,CREDIT_CARD,12,1,16,1,8,6,10,5,1,14.89
101045,ACC_OPEN,25,1,10,1,5,5,14,4,1,38.64
101056,FIXED_DEP,15,1,28,1,9,6,9,5,1,16.2
101012,ATM_CDM,8,0,27,1,7,3,13,3,0,15.8
101045,CUST_SVC,10,1,1,1,2,7,14,1,1,2.16
101056,DEPOSIT,6,1,2,1,9,5,11,4,1,16.89
101012,LOAN,30,1,24,1,12,7,15,5,1,81.47
101078,ATM_CDM,8,1,13,1,4,4,12,4,0,4.57
101045,REMITTANCE,10,1,22,1,5,3,16,2,1,20.9
101012,ACC_OPEN,25,1,15,1,9,5,10,2,1,43.22
101078,REMITTANCE,10,1,7,1,7,2,13,1,0,24.14
101078,WITHDRAW,5,1,14,1,11,7,9,4,1,8.32
101045,LOAN,30,1,16,1,3,4,14,2,1,29.38
101078,ONLINE_SUP,12,1,9,1,0,4,12,3,0,0.74
101045,LOAN,30,0,30,1,9,7,10,1,1,68.75
101012,INSURANCE,20,1,6,1,5,3,13,3,0,29.51
101056,INSURANCE,20,0,23,1,15,4,13,1,0,48.79
101033,DEPOSIT,6,1,12,1,1,2,12,3,0,1.83
101056,ATM_CDM,8,0,12,1,6,7,9,4,1,4.32
101033,DEPOSIT,6,0,12,1,4,6,16,4,1,6.12
101033,ATM_CDM,8,1,13,1,3,4,13,3,0,4.37
101056,CUST_SVC,10,1,26,1,6,4,13,1,0,15.98
101078,INSURANCE,20,1,20,1,4,5,11,4,1,26.07
101078,INVEST,22,1,9,1,6,5,10,3,1,40.44
101045,WITHDRAW,5,0,19,1,7,4,10,5,1,9.65
101056,ACC_OPEN,25,1,22,1,6,5,9,1,1,46.19
101056,CUST_SVC,10,1,34,1,11,7,10,5,1,20.93
101012,CREDIT_CARD,12,1,33,1,8,6,9,1,1,20.4
101033,CREDIT_CARD,12,1,17,1,6,5,10,5,1,24.09
101078,ATM_CDM,8,1,16,1,3,7,11,5,1,3.74
101033,FIXED_DEP,15,1,7,1,0,3,12,4,0,0.9
101012,ONLINE_SUP,12,1,35,1,12,5,15,1,1,33.42
101033,BIZ_BANK,18,1,39,1,10,7,10,5,1,29.08
101012,ATM_CDM,8,1,6,1,6,2,12,5,0,25.12
101056,LOAN,30,0,3,1,11,4,9,5,1,44.95
101033,REMITTANCE,10,1,19,1,5,5,11,5,1,15.85
101078,CUST_SVC,10,1,23,1,6,4,14,5,1,20.11
101033,WITHDRAW,5,1,7,1,7,7,14,5,1,7.62
101012,INVEST,22,1,23,1,8,6,11,2,1,28.01
101033,ONLINE_SUP,12,1,17,1,8,8,10,1,1,18.49
101078,INVEST,22,0,10,1,2,6,10,3,1,7.07
101078,ACC_OPEN,25,1,1,1,8,6,11,1,1,47.7
101078,ATM_CDM,8,0,18,1,7,4,15,3,1,11.5
101056,CREDIT_CARD,12,1,3,1,7,6,16,1,1,19.76
101078,CUST_SVC,10,1,12,1,3,3,13,3,0,14.24
101045,ACC_OPEN,25,1,30,1,8,4,11,5,1,62.45
101045,CUST_SVC,10,1,19,1,8,7,9,1,1,15.64
101012,LOAN,30,1,12,1,10,5,10,4,1,73.68
101033,WITHDRAW,5,1,17,1,7,7,14,5,1,7.43
101033,DEPOSIT,6,1,17,1,4,4,9,4,1,4.5
101078,CUST_SVC,10,0,7,1,0,4,12,5,0,0.38
101078,LOAN,30,1,14,1,11,6,15,3,1,74.05
101045,ONLINE_SUP,12,1,7,1,0,2,13,1,0,1.37
101078,CUST_SVC,10,0,7,1,4,6,15,5,1,6.52
101045,INSURANCE,20,0,23,1,12,4,11,5,1,48.59
101078,DEPOSIT,6,1,10,1,5,2,13,4,0,12.65
101056,WITHDRAW,5,1,20,1,9,4,9,5,1,15.15
101056,DEPOSIT,6,1,18,1,3,3,12,3,0,4.12
101078,LOAN,30,0,3,1,7,3,16,5,1,67.89
101012,INSURANCE,20,1,37,1,17,4,10,1,1,90.0
101012,CUST_SVC,10,1,2,1,5,7,14,5,1,8.29
101012,INVEST,22,1,19,1,18,6,10,4,1,60.75
101056,FIXED_DEP,15,1,8,1,11,4,10,1,1,59.26
101033,CREDIT_CARD,12,1,10,1,1,2,12,5,0,5.36
101078,REMITTANCE,10,0,17,1,8,5,9,3,1,16.0
101012,CUST_SVC,10,0,11,1,5,3,12,4,0,10.51
101078,CUST_SVC,10,1,19,1,5,3,16,5,1,23.39
101045,INVEST,22,1,14,1,3,3,16,1,1,36.86
101045,CUST_SVC,10,0,19,0,6,5,16,5,1,9.26
101078,ATM_CDM,8,0,3,1,8,5,14,1,1,9.11
101078,INVEST,22,1,4,1,3,3,16,4,1,21.65
101056,FIXED_DEP,15,1,35,1,9,6,11,3,1,19.66
101012,ATM_CDM,8,0,32,1,13,6,9,3,1,22.5
101056,ONLINE_SUP,12,0,24,0,9,5,10,5,1,18.58
101012,CREDIT_CARD,12,1,44,1,15,6,15,2,1,28.74
101012,DEPOSIT,6,1,21,1,11,6,15,2,1,13.07
101078,CUST_SVC,10,0,15,1,4,8,14,3,1,5.57
101012,ATM_CDM,8,0,25,1,8,4,10,4,1,12.48
101045,BIZ_BANK,18,0,6,1,11,4,15,5,1,60.54
101012,REMITTANCE,10,1,19,1,5,2,12,3,0,13.7
101078,INSURANCE,20,0,10,1,2,6,10,3,1,10.29
101033,CUST_SVC,10,1,13,1,10,4,10,4,1,35.98
101012,DEPOSIT,6,1,34,1,9,4,11,5,1,17.04
101012,ACC_OPEN,25,1,27,1,17,3,16,1,1,90.0
101078,LOAN,30,0,33,1,11,7,14,1,1,50.61
101078,DEPOSIT,6,1,18,1,3,4,10,2,1,4.53
101056,INSURANCE,20,0,1,1,7,8,9,5,1,13.92
101045,FIXED_DEP,15,1,2,1,2,6,10,1,1,6.46
101078,INVEST,22,0,20,0,6,5,14,4,1,17.8
101056,CUST_SVC,10,1,22,1,7,3,13,1,0,15.88
101045,BIZ_BANK,18,0,14,0,4,5,14,5,1,12.6
101012,DEPOSIT,6,1,13,1,5,3,16,2,1,19.84
101012,LOAN,30,1,22,1,13,6,14,1,1,62.33
101045,DEPOSIT,6,1,5,1,5,3,13,3,0,8.97
101078,FIXED_DEP,15,1,16,1,8,5,15,2,1,31.66
101045,ATM_CDM,8,1,28,1,7,4,9,2,1,23.99
101012,ATM_CDM,8,1,6,1,6,6,11,3,1,8.87
101012,CREDIT_CARD,12,1,8,1,7,7,15,3,1,17.24
101078,FIXED_DEP,15,1,12,1,5,6,10,1,1,17.04
101045,CREDIT_CARD,12,0,15,1,8,6,15,5,1,18.42
101045,REMITTANCE,10,1,5,1,8,6,11,2,1,15.68
101056,INSURANCE,20,1,11,1,8,6,14,1,1,35.82
101045,BIZ_BANK,18,1,12,1,5,5,10,5,1,18.99
101056,CUST_SVC,10,1,13,1,4,6,11,2,1,10.51
101012,ATM_CDM,8,1,6,1,6,5,10,5,1,16.82
101033,DEPOSIT,6,0,3,1,7,4,16,1,1,14.06
101012,ONLINE_SUP,12,1,10,1,15,7,9,2,1,23.17
101078,INVEST,22,0,2,1,7,2,13,1,0,71.66
101012,INSURANCE,20,0,17,0,13,5,10,5,1,56.41
101056,ATM_CDM,8,1,10,1,5,4,16,3,1,13.51
101045,LOAN,30,1,7,1,6,5,16,3,1,43.39
101033,ONLINE_SUP,12,1,3,1,7,6,10,3,1,17.76
101056,DEPOSIT,6,1,9,1,2,6,14,3,1,3.61
101012,CUST_SVC,10,0,5,1,4,4,14,4,1,9.48
101033,CREDIT_CARD,12,1,7,1,2,4,12,4,0,8.8
101033,ACC_OPEN,25,0,1,1,5,7,14,4,1,11.13
101056,INVEST,22,0,5,0,0,2,12,4,0,1.32
101012,REMITTANCE,10,1,45,1,12,4,10,1,1,49.99
101078,INVEST,22,0,9,1,1,5,11,4,1,3.22
101078,FIXED_DEP,15,1,8,1,3,4,10,4,1,17.16
101012,FIXED_DEP,15,1,13,1,6,7,14,3,1,16.08
101056,CUST_SVC,10,1,13,1,3,4,13,3,0,5.58
101033,DEPOSIT,6,1,3,1,4,8,14,5,1,4.51
101033,INVEST,22,1,23,1,7,7,11,2,1,37.76
101056,CUST_SVC,10,1,20,1,10,3,16,1,1,35.37
101045,DEPOSIT,6,1,8,1,4,2,12,1,0,10.78
101078,ONLINE_SUP,12,1,7,1,7,3,16,1,1,39.47
101078,CUST_SVC,10,0,4,1,1,5,16,4,1,0.43
101056,BIZ_BANK,18,1,1,1,11,3,16,2,1,73.33
101078,CUST_SVC,10,0,22,1,7,6,9,1,1,18.18
101045,DEPOSIT,6,0,9,1,10,4,10,1,1,16.56
101012,CREDIT_CARD,12,1,18,1,10,5,10,4,1,10.31
101033,CREDIT_CARD,12,1,12,1,1,6,9,1,1,2.07
101056,ONLINE_SUP,12,1,5,1,6,2,13,4,0,35.36
101045,CREDIT_CARD,12,1,13,1,8,7,14,5,1,10.12
101056,REMITTANCE,10,1,1,1,14,8,10,1,1,34.54
101012,CUST_SVC,10,1,1,1,11,5,9,2,1,29.63
101012,CREDIT_CARD,12,1,26,1,10,5,14,3,1,39.4
101033,ATM_CDM,8,1,6,1,1,4,12,2,0,2.11
101056,DEPOSIT,6,0,8,1,6,6,14,2,1,7.03
101056,ATM_CDM,8,1,27,1,7,4,10,3,1,15.54
101045,DEPOSIT,6,0,2,1,3,3,13,3,0,6.4
101056,CUST_SVC,10,1,28,1,8,4,10,2,1,18.37
101012,CUST_SVC,10,0,15,0,8,7,15,3,1,15.39
101078,INSURANCE,20,1,22,1,6,4,14,1,1,41.07
101056,CUST_SVC,10,1,16,1,7,5,15,1,1,12.56
101012,ACC_OPEN,25,1,15,1,12,5,10,2,1,77.32
101078,CUST_SVC,10,1,3,1,5,6,15,1,1,9.69
101033,BIZ_BANK,18,1,14,1,9,6,14,5,1,21.45
101045,CUST_SVC,10,1,38,1,10,3,16,5,1,46.26
101033,CUST_SVC,10,1,15,1,6,6,10,1,1,18.05
101045,CUST_SVC,10,0,11,1,4,4,13,1,0,14.24
101033,LOAN,30,0,20,1,9,8,10,2,1,29.41
101033,ACC_OPEN,25,0,10,1,8,6,11,2,1,15.21
101033,FIXED_DEP,15,1,34,1,9,6,11,4,1,30.13
101056,INSURANCE,20,0,1,1,10,7,10,1,1,28.42
101045,REMITTANCE,10,0,8,1,7,4,10,5,1,19.47
101012,FIXED_DEP,15,0,18,1,5,5,14,4,1,15.38
101012,INVEST,22,1,6,1,6,3,16,3,1,61.86
101012,CUST_SVC,10,1,10,1,9,7,9,1,1,17.17
101078,WITHDRAW,5,1,14,1,6,4,13,4,0,3.98
101012,ACC_OPEN,25,1,4,1,7,5,16,5,1,42.98
101056,INSURANCE,20,1,19,1,8,4,9,3,1,32.98
101056,CUST_SVC,10,0,23,1,6,5,10,3,1,9.99
101056,DEPOSIT,6,1,7,1,3,4,13,4,0,7.37
101033,CUST_SVC,10,1,15,1,12,5,10,1,1,41.67
101045,ATM_CDM,8,1,4,1,7,4,10,5,1,13.37
101056,FIXED_DEP,15,1,1,1,3,4,16,3,1,12.46
101012,ACC_OPEN,25,1,23,1,11,5,9,3,1,90.0
101045,ACC_OPEN,25,1,18,1,4,4,14,1,1,40.79
101045,FIXED_DEP,15,1,6,1,5,5,16,4,1,17.47
101056,INSURANCE,20,1,14,1,12,5,14,1,1,55.21
101078,CREDIT_CARD,12,1,15,1,5,4,10,4,1,14.0
101033,CUST_SVC,10,0,8,1,2,5,10,4,1,5.7
101033,CREDIT_CARD,12,0,32,0,8,7,9,3,1,17.45
101045,DEPOSIT,6,1,10,1,6,6,9,2,1,6.24
101045,ATM_CDM,8,1,2,1,1,2,12,5,0,4.16
101078,CREDIT_CARD,12,1,10,1,7,3,13,2,0,20.18
101056,ATM_CDM,8,1,15,1,8,6,14,1,1,9.21
101012,ATM_CDM,8,0,3,1,9,3,16,1,1,33.58
101078,DEPOSIT,6,0,32,1,10,8,11,1,1,10.61
101012,ACC_OPEN,25,1,48,1,16,6,9,5,1,82.51
101033,CREDIT_CARD,12,1,5,1,2,5,15,3,1,8.23
101012,REMITTANCE,10,1,28,1,8,6,14,3,1,12.64
101012,ATM_CDM,8,1,27,1,11,6,15,2,1,13.58
101045,ATM_CDM,8,0,13,1,4,7,15,3,1,5.82
101012,CUST_SVC,10,1,9,1,7,4,9,5,1,22.33
101033,ACC_OPEN,25,1,15,1,7,5,9,1,1,37.65
101078,DEPOSIT,6,1,23,1,7,7,11,3,1,7.43
101056,CUST_SVC,10,1,5,1,7,5,14,2,1,17.59
101033,ONLINE_SUP,12,0,25,1,8,4,10,1,1,37.84
101045,CUST_SVC,10,1,15,1,2,4,11,3,1,5.63
101045,INSURANCE,20,1,16,1,4,4,10,1,1,11.9
101012,ATM_CDM,8,0,1,1,6,5,16,5,1,10.39
101045,ACC_OPEN,25,1,3,1,2,3,12,1,0,15.88
101078,ATM_CDM,8,1,6,1,6,5,16,2,1,7.38
101033,INSURANCE,20,1,11,1,4,8,14,4,1,9.84
101033,ONLINE_SUP,12,0,9,0,4,4,11,2,1,19.84
101056,CUST_SVC,10,1,19,1,9,7,11,1,1,23.0
101012,CUST_SVC,10,0,41,1,14,6,14,5,1,20.58
101056,ACC_OPEN,25,0,13,1,8,6,9,4,1,27.46
101012,CUST_SVC,10,1,12,1,6,7,14,3,1,9.5
101078,FIXED_DEP,15,1,4,1,7,6,10,1,1,19.35
101033,ATM_CDM,8,1,3,1,4,2,13,1,0,12.8
101033,CREDIT_CARD,12,0,23,1,5,5,10,4,1,9.03
101033,ACC_OPEN,25,1,23,1,8,5,15,1,1,44.78
101078,BIZ_BANK,18,1,17,1,5,4,12,1,0,19.34
101033,INVEST,22,0,16,1,8,4,15,5,1,27.23
101078,FIXED_DEP,15,1,9,1,3,4,12,2,0,11.11
101045,ONLINE_SUP,12,0,18,1,5,3,16,1,1,22.11
101045,CREDIT_CARD,12,1,11,1,5,3,13,5,0,22.81
101056,BIZ_BANK,18,1,18,1,9,7,10,2,1,38.58
101012,LOAN,30,1,8,1,7,5,16,4,1,71.11
101033,CUST_SVC,10,1,37,1,11,7,11,4,1,11.72
101056,ACC_OPEN,25,1,22,1,8,7,14,5,1,39.1
101078,LOAN,30,1,23,1,10,8,11,2,1,51.19
101033,INVEST,22,1,26,1,9,3,16,1,1,67.41
101078,ACC_OPEN,25,0,5,1,5,7,16,4,1,26.3
101012,ACC_OPEN,25,1,3,1,12,5,15,5,1,78.21
101012,CUST_SVC,10,1,16,1,12,4,9,5,1,39.11
101056,ONLINE_SUP,12,0,12,1,12,5,9,5,1,41.53
101078,CUST_SVC,10,1,24,1,6,5,10,2,1,10.32
101078,CREDIT_CARD,12,1,17,1,6,6,9,3,1,8.83
101078,WITHDRAW,5,0,15,1,3,2,13,1,0,8.1
101056,DEPOSIT,6,1,4,1,11,5,9,5,1,18.03
101012,WITHDRAW,5,1,10,1,3,3,12,2,0,4.07
101056,CUST_SVC,10,0,6,1,1,3,12,2,0,4.99
101012,INSURANCE,20,1,6,1,6,2,13,1,0,60.66
101033,CREDIT_CARD,12,1,33,1,8,5,15,1,1,25.95
101033,CREDIT_CARD,12,1,9,1,4,4,11,5,1,16.83
101056,INVEST,22,1,18,1,9,5,11,2,1,47.05
101078,ATM_CDM,8,1,19,1,7,6,14,4,1,10.47
101078,ATM_CDM,8,1,8,1,4,4,10,2,1,7.27
101033,BIZ_BANK,18,1,20,1,12,4,14,2,1,82.86
101056,CREDIT_CARD,12,1,12,1,7,4,14,5,1,18.29
101012,INVEST,22,1,13,1,8,7,11,3,1,15.12
101045,BIZ_BANK,18,1,19,1,8,5,9,3,1,26.1
101056,WITHDRAW,5,0,18,1,3,2,12,4,0,6.37
101078,CUST_SVC,10,1,12,1,9,4,15,1,1,11.5
101012,INVEST,22,0,21,1,5,5,14,1,1,18.34
101012,ACC_OPEN,25,1,52,1,15,4,10,1,1,90.0
101056,ONLINE_SUP,12,1,5,1,8,5,10,4,1,16.27
101045,INVEST,22,1,22,1,5,4,9,1,1,43.56
101045,CUST_SVC,10,1,2,1,1,6,16,2,1,2.44
101056,DEPOSIT,6,0,17,1,4,6,15,2,1,2.27
101056,DEPOSIT,6,1,21,1,4,6,16,4,1,5.13
101012,DEPOSIT,6,1,2,1,5,2,12,5,0,14.76
101033,CREDIT_CARD,12,1,13,1,8,4,9,4,1,27.61
101012,INVEST,22,1,6,1,3,2,13,4,0,42.41
101078,REMITTANCE,10,1,3,1,6,7,10,2,1,14.39
101033,FIXED_DEP,15,1,9,1,4,3,13,5,0,22.56
101045,DEPOSIT,6,1,8,1,2,6,15,4,1,1.58
101078,CUST_SVC,10,1,9,1,6,6,15,2,1,10.32
101078,DEPOSIT,6,1,3,1,2,3,13,1,0,2.68
101012,CUST_SVC,10,1,20,1,6,6,11,5,1,12.68
101012,REMITTANCE,10,1,4,1,12,4,9,1,1,15.87
101078,INSURANCE,20,1,10,1,6,7,10,1,1,25.14
101045,INSURANCE,20,1,14,1,3,4,14,5,1,14.56
101056,ONLINE_SUP,12,0,3,1,3,6,14,1,1,3.15
101078,ONLINE_SUP,12,1,12,1,8,5,11,1,1,13.53
101033,CUST_SVC,10,1,34,1,9,3,13,1,0,33.79
101045,CREDIT_CARD,12,1,14,1,6,4,15,3,1,23.2
101012,INSURANCE,20,1,51,1,14,7,15,1,1,45.2
101045,DEPOSIT,6,0,16,1,3,6,11,4,1,2.87
101033,DEPOSIT,6,0,15,1,6,4,16,1,1,6.21
101056,ATM_CDM,8,0,13,0,6,2,12,4,0,24.57
101056,DEPOSIT,6,0,6,1,3,5,9,4,1,4.44
101078,WITHDRAW,5,1,33,1,9,6,9,3,1,11.53
101045,DEPOSIT,6,1,14,1,3,4,10,2,1,2.23
101078,ATM_CDM,8,1,8,1,3,2,13,1,0,13.52
101033,BIZ_BANK,18,1,5,1,9,7,15,2,1,22.16
101033,DEPOSIT,6,1,10,1,3,2,12,2,0,9.3
101078,CREDIT_CARD,12,1,21,1,8,5,16,1,1,23.09
101056,INSURANCE,20,1,13,1,5,5,16,3,1,27.62
101033,ATM_CDM,8,0,26,1,10,7,16,1,1,12.81
101056,CUST_SVC,10,0,23,1,5,6,10,2,1,9.44
101045,WITHDRAW,5,1,29,1,10,4,11,5,1,16.4
101078,CREDIT_CARD,12,1,12,1,6,5,10,5,1,15.25
101078,DEPOSIT,6,0,5,1,3,2,13,5,0,8.7
101012,DEPOSIT,6,1,6,1,12,4,15,2,1,23.82
101078,CREDIT_CARD,12,1,13,1,11,6,10,1,1,31.11
101078,CREDIT_CARD,12,1,1,1,7,6,15,5,1,7.79
101056,REMITTANCE,10,1,11,1,2,3,13,1,0,8.33
101078,ATM_CDM,8,1,4,1,3,5,15,3,1,6.03
101078,CREDIT_CARD,12,0,15,1,3,5,11,5,1,3.0
101056,INVEST,22,1,14,1,8,4,14,1,1,77.03
101012,CUST_SVC,10,1,27,1,8,6,11,3,1,22.56
101045,DEPOSIT,6,1,1,1,4,2,12,1,0,9.11
101078,LOAN,30,1,20,1,5,5,14,3,1,45.47
101078,ACC_OPEN,25,0,28,1,12,4,15,2,1,53.34
101012,DEPOSIT,6,1,15,1,5,4,11,3,1,8.9
101078,CREDIT_CARD,12,1,1,1,6,5,9,3,1,10.24
101012,ACC_OPEN,25,1,4,1,7,6,14,1,1,31.72
101045,INVEST,22,1,28,1,10,4,15,1,1,34.83
101078,FIXED_DEP,15,1,13,1,6,2,13,4,0,38.03
101056,ACC_OPEN,25,0,14,1,8,4,9,4,1,75.55
101056,INVEST,22,1,26,1,8,5,9,5,1,42.3
101045,ACC_OPEN,25,0,33,1,9,5,10,5,1,32.59
101033,INSURANCE,20,0,15,1,5,4,12,5,0,26.44
101033,CUST_SVC,10,1,2,1,11,6,9,1,1,25.11
101033,DEPOSIT,6,1,7,1,1,3,12,3,0,5.47
101078,DEPOSIT,6,0,3,1,6,4,12,5,0,6.67
101012,DEPOSIT,6,1,10,1,10,5,10,3,1,19.4
101078,CREDIT_CARD,12,1,15,1,7,4,9,1,1,31.76
101056,ACC_OPEN,25,1,13,1,5,4,15,3,1,35.52
101045,REMITTANCE,10,1,11,1,2,6,15,1,1,3.08
101078,INVEST,22,1,23,1,5,2,12,5,0,48.81
101056,FIXED_DEP,15,1,5,1,9,2,13,2,0,75.74
101012,CREDIT_CARD,12,0,14,1,8,7,9,3,1,22.82
101012,INSURANCE,20,1,18,1,8,7,15,2,1,23.0
101033,DEPOSIT,6,1,4,1,6,2,12,2,0,11.71
101033,CREDIT_CARD,12,1,3,1,6,4,12,3,0,11.71
101078,REMITTANCE,10,1,36,1,13,4,10,5,1,46.5
101012,CUST_SVC,10,0,20,1,7,3,16,1,1,19.6
101056,CUST_SVC,10,1,1,1,7,5,15,5,1,18.55
101056,CUST_SVC,10,0,9,0,12,7,10,4,1,18.1
101078,ACC_OPEN,25,0,3,0,8,7,9,4,1,38.34
101045,DEPOSIT,6,1,27,1,6,6,10,2,1,6.62
101012,CUST_SVC,10,1,15,1,3,2,13,3,0,12.41
101056,BIZ_BANK,18,1,27,1,6,7,10,5,1,16.92
101078,CREDIT_CARD,12,1,9,1,8,6,16,3,1,16.82
101056,ACC_OPEN,25,0,8,1,4,5,16,3,1,35.54
101056,ONLINE_SUP,12,0,30,1,9,5,14,1,1,16.2
101033,ATM_CDM,8,1,2,1,0,3,12,3,0,1.22
101012,ATM_CDM,8,0,35,1,9,7,15,1,1,6.08
101045,CUST_SVC,10,0,26,1,7,8,10,4,1,8.59
101056,LOAN,30,0,22,1,7,4,12,3,0,46.73
101045,BIZ_BANK,18,1,6,1,8,6,14,3,1,38.39
101033,ATM_CDM,8,0,14,1,6,8,9,4,1,2.86
101056,CUST_SVC,10,1,45,1,12,4,11,1,1,24.05
101045,CREDIT_CARD,12,0,18,1,3,3,13,2,0,11.92
101033,CREDIT_CARD,12,1,24,1,8,5,16,5,1,22.21
101056,DEPOSIT,6,0,2,1,5,6,14,2,1,6.52
101012,DEPOSIT,6,1,7,1,3,6,15,5,1,4.35
101012,CUST_SVC,10,0,3,1,8,6,15,3,1,13.79
101033,CUST_SVC,10,1,20,1,8,7,10,5,1,14.01
101045,WITHDRAW,5,1,4,1,7,7,15,1,1,7.01
101033,ATM_CDM,8,1,24,1,7,5,14,3,1,12.6
101012,CREDIT_CARD,12,1,28,1,8,3,16,5,1,41.49
101033,DEPOSIT,6,1,14,1,3,7,10,3,1,2.96
101045,DEPOSIT,6,1,21,1,11,6,14,5,1,14.66
101012,CUST_SVC,10,1,32,1,13,5,10,3,1,38.57
101033,DEPOSIT,6,1,22,1,9,8,11,2,1,5.6
101033,DEPOSIT,6,1,19,1,8,5,14,1,1,10.35
101045,ACC_OPEN,25,0,14,1,6,7,15,1,1,17.78
101033,CREDIT_CARD,12,0,6,1,5,3,13,5,0,13.98
101033,DEPOSIT,6,1,11,1,3,4,15,2,1,6.77
101045,ONLINE_SUP,12,1,8,1,1,5,9,2,1,2.92
101012,ATM_CDM,8,1,32,1,8,6,16,4,1,9.54
101078,FIXED_DEP,15,1,30,1,8,5,11,1,1,32.98
101056,BIZ_BANK,18,1,15,1,3,3,13,1,0,7.95
101012,BIZ_BANK,18,1,17,1,3,8,10,4,1,4.43
101012,REMITTANCE,10,1,21,1,7,3,13,3,0,36.03
101012,DEPOSIT,6,0,7,1,12,6,10,2,1,9.3
101012,INVEST,22,1,11,1,2,4,12,5,0,12.22
101078,INVEST,22,0,16,1,5,6,11,3,1,21.06
101033,FIXED_DEP,15,1,4,1,4,6,11,4,1,17.11
101078,WITHDRAW,5,1,6,1,2,2,12,5,0,5.11
101056,CREDIT_CARD,12,1,1,1,4,5,16,2,1,12.03
101045,BIZ_BANK,18,1,12,1,10,4,9,1,1,56.21
101045,ATM_CDM,8,1,4,1,5,4,11,5,1,14.13
101012,CUST_SVC,10,1,29,1,9,4,9,3,1,24.71
101045,ONLINE_SUP,12,0,13,1,9,6,15,5,1,9.49
101033,CUST_SVC,10,1,3,1,7,6,14,3,1,11.94
101045,CUST_SVC,10,1,11,1,5,6,10,4,1,11.65
101045,BIZ_BANK,18,1,8,1,6,4,14,5,1,31.98
101045,ATM_CDM,8,1,21,1,9,7,14,3,1,9.54
101056,DEPOSIT,6,1,16,1,7,7,15,5,1,7.07
101045,DEPOSIT,6,1,14,1,5,8,9,5,1,3.85
101078,FIXED_DEP,15,1,13,1,12,6,10,4,1,36.12
101078,REMITTANCE,10,1,11,1,8,7,14,2,1,15.92
101033,BIZ_BANK,18,1,26,1,9,5,10,5,1,26.21
101045,CUST_SVC,10,1,2,1,3,3,12,4,0,7.96
101033,INVEST,22,1,34,1,10,7,9,1,1,43.31
101078,WITHDRAW,5,1,37,1,11,5,10,1,1,17.06
101045,CUST_SVC,10,1,1,1,10,4,9,1,1,34.68
101045,ATM_CDM,8,1,3,1,3,4,15,3,1,6.58
101045,CUST_SVC,10,1,27,1,7,3,16,1,1,25.05
101045,INSURANCE,20,1,15,1,5,6,9,4,1,14.65
101078,ACC_OPEN,25,1,27,1,6,7,10,4,1,22.98
101012,CUST_SVC,10,1,22,1,11,5,10,3,1,40.92
101045,LOAN,30,0,30,1,9,5,15,5,1,28.65
101033,REMITTANCE,10,1,30,1,10,4,15,1,1,27.71
101045,INSURANCE,20,1,6,1,3,7,16,1,1,7.19
101078,CREDIT_CARD,12,0,4,1,2,2,13,4,0,7.86
101045,REMITTANCE,10,0,6,1,6,5,10,1,1,11.8
101078,ATM_CDM,8,1,5,1,5,5,10,1,1,13.66
101078,CUST_SVC,10,1,15,1,8,8,11,2,1,13.62
101033,DEPOSIT,6,1,1,1,9,4,11,2,1,15.52
101045,DEPOSIT,6,1,7,1,7,6,14,4,1,7.86
101045,LOAN,30,0,12,1,7,7,9,5,1,37.35
101056,DEPOSIT,6,1,35,1,15,6,9,3,1,18.69
101033,DEPOSIT,6,1,11,1,3,2,13,2,0,10.8
101012,CREDIT_CARD,12,0,3,0,8,3,12,5,0,43.21
101045,CUST_SVC,10,1,6,1,0,2,12,3,0,0.27
101056,ONLINE_SUP,12,0,16,1,6,2,12,5,0,34.68
101056,ACC_OPEN,25,1,10,1,1,2,13,4,0,7.01
101056,INSURANCE,20,1,10,1,4,5,9,5,1,20.5
101045,INSURANCE,20,1,15,1,3,6,11,3,1,15.92
101045,CREDIT_CARD,12,0,17,1,5,6,9,1,1,12.92
101012,CUST_SVC,10,1,16,1,14,8,9,3,1,21.41
101033,ACC_OPEN,25,0,8,1,7,7,9,2,1,19.57
101056,BIZ_BANK,18,1,11,1,4,7,11,1,1,9.86
101056,ATM_CDM,8,1,10,1,10,4,14,5,1,10.22
101045,ATM_CDM,8,0,19,1,5,4,10,4,1,11.99
101078,INVEST,22,1,18,1,6,8,15,2,1,18.09
101012,CREDIT_CARD,12,0,16,1,15,6,10,5,1,28.31
101078,ACC_OPEN,25,1,22,1,9,2,13,3,0,90.0
101078,DEPOSIT,6,0,5,1,3,7,15,4,1,1.8
101033,FIXED_DEP,15,1,2,1,0,2,12,5,0,1.15
101033,REMITTANCE,10,1,3,1,11,4,10,1,1,26.44
101078,INVEST,22,0,7,1,5,4,14,2,1,41.78
101012,CREDIT_CARD,12,1,17,1,3,2,12,1,0,22.25
101045,LOAN,30,1,9,1,9,5,15,1,1,58.27
101033,BIZ_BANK,18,1,9,1,1,6,14,4,1,2.8
101045,CREDIT_CARD,12,0,1,1,6,5,10,1,1,15.82
101033,DEPOSIT,6,1,4,1,11,4,9,1,1,18.9
101056,REMITTANCE,10,0,19,1,12,5,9,5,1,18.93
101078,FIXED_DEP,15,1,11,1,5,2,12,2,0,45.97
101045,CUST_SVC,10,1,11,1,3,4,16,2,1,7.84
101045,DEPOSIT,6,0,5,1,5,6,14,5,1,5.45
101045,DEPOSIT,6,1,5,1,5,5,10,3,1,6.47
101045,DEPOSIT,6,1,18,1,4,4,16,1,1,6.11
101045,CREDIT_CARD,12,1,12,1,2,4,14,2,1,7.6
101045,CUST_SVC,10,0,12,1,6,5,15,5,1,13.86
101045,BIZ_BANK,18,1,15,1,8,4,11,2,1,47.65
101033,ATM_CDM,8,1,13,1,5,4,16,4,1,11.39
101045,BIZ_BANK,18,1,17,1,3,6,15,1,1,8.36
101033,ATM_CDM,8,1,20,1,9,4,15,1,1,28.14
101056,DEPOSIT,6,0,15,1,9,5,15,2,1,8.82
101056,BIZ_BANK,18,1,22,1,6,6,11,5,1,15.18
101056,REMITTANCE,10,0,18,1,3,3,12,3,0,13.54
101012,INVEST,22,1,5,1,10,4,15,3,1,86.7
101045,CREDIT_CARD,12,1,39,1,11,7,9,5,1,11.69
101033,INVEST,22,1,9,1,6,4,13,5,0,35.4
101033,LOAN,30,1,34,1,9,4,11,3,1,80.81
101045,DEPOSIT,6,1,7,1,3,5,15,3,1,4.85
101056,ACC_OPEN,25,0,35,1,10,8,10,1,1,31.87
101045,ACC_OPEN,25,1,39,1,10,6,15,3,1,26.01
101033,DEPOSIT,6,0,18,0,11,6,14,1,1,8.58
101033,INSURANCE,20,1,20,1,6,7,11,2,1,20.04
101033,INSURANCE,20,1,15,1,9,5,10,5,1,42.46
101078,FIXED_DEP,15,1,18,1,8,7,15,5,1,5.67
101078,FIXED_DEP,15,1,4,1,1,7,11,3,1,0.65
101012,CREDIT_CARD,12,0,3,1,11,5,9,2,1,20.9
101045,DEPOSIT,6,1,13,1,4,6,10,3,1,2.39
101012,BIZ_BANK,18,1,1,1,6,6,15,5,1,22.97
101045,CUST_SVC,10,1,10,1,2,6,16,5,1,5.31
101033,ONLINE_SUP,12,0,25,1,6,4,10,4,1,25.64
101012,CUST_SVC,10,1,29,1,9,5,9,4,1,17.91
101033,CREDIT_CARD,12,1,30,1,8,4,10,5,1,28.21
101012,ATM_CDM,8,1,20,1,9,6,14,5,1,15.36
101045,DEPOSIT,6,1,8,1,10,5,15,2,1,14.06
101078,CUST_SVC,10,1,22,1,7,2,13,1,0,35.84
101078,ONLINE_SUP,12,1,9,1,12,6,10,2,1,17.04
101033,LOAN,30,1,14,1,6,5,14,3,1,34.49
101078,DEPOSIT,6,0,15,1,5,5,11,2,1,4.74
101033,ATM_CDM,8,0,24,1,7,5,9,2,1,11.13
101056,INSURANCE,20,1,22,1,8,5,9,1,1,39.07
101056,BIZ_BANK,18,1,33,1,8,6,10,4,1,35.74
101012,CUST_SVC,10,1,15,1,11,5,15,5,1,37.03
101078,ACC_OPEN,25,0,22,1,5,4,13,3,0,28.4
101045,CREDIT_CARD,12,1,16,1,12,7,10,5,1,32.65
101033,CREDIT_CARD,12,1,14,1,4,7,9,5,1,7.9
101012,CREDIT_CARD,12,0,39,1,17,5,10,2,1,58.79
101012,INSURANCE,20,1,5,1,6,2,13,1,0,66.77
101045,BIZ_BANK,18,1,1,1,2,5,10,4,1,13.08
101033,DEPOSIT,6,0,12,1,4,2,13,5,0,7.95
101045,ACC_OPEN,25,0,23,1,6,4,13,1,0,34.87
101045,CUST_SVC,10,1,1,1,5,7,15,4,1,13.63
101056,CUST_SVC,10,1,29,1,7,7,15,4,1,12.42
101033,CUST_SVC,10,1,15,1,7,3,12,1,0,25.38
101045,ATM_CDM,8,0,8,1,2,4,9,3,1,5.12
101078,DEPOSIT,6,1,2,1,6,7,11,4,1,5.39
101045,ATM_CDM,8,1,4,1,3,4,11,1,1,8.31
101056,CUST_SVC,10,0,8,1,2,2,13,4,0,5.77
101012,CUST_SVC,10,1,2,1,1,8,9,4,1,1.54
101012,DEPOSIT,6,1,57,1,18,5,10,2,1,27.31
101078,INVEST,22,1,9,1,5,4,14,2,1,35.9
101045,CUST_SVC,10,1,20,1,9,5,14,1,1,17.92
101045,CUST_SVC,10,1,8,1,4,3,12,3,0,10.95
101033,INSURANCE,20,1,2,1,11,6,15,3,1,59.1
101056,LOAN,30,0,15,1,3,4,12,2,0,20.56
101078,ACC_OPEN,25,1,7,1,1,3,12,2,0,10.95
101056,ATM_CDM,8,0,19,1,5,5,9,5,1,4.71
101078,CUST_SVC,10,1,22,1,7,8,14,2,1,8.95
101045,BIZ_BANK,18,1,9,1,2,6,11,3,1,9.19
101078,DEPOSIT,6,1,16,1,8,6,11,2,1,11.17
101056,CREDIT_CARD,12,1,6,1,7,4,14,2,1,20.54
101056,CUST_SVC,10,0,33,1,10,7,11,1,1,15.23
101056,DEPOSIT,6,1,8,1,1,2,13,5,0,2.68
101078,BIZ_BANK,18,0,18,0,4,6,9,4,1,10.52
101078,DEPOSIT,6,1,12,1,5,4,9,1,1,14.92
101012,REMITTANCE,10,1,2,1,1,4,14,4,1,3.99
101045,ATM_CDM,8,0,17,0,6,6,11,5,1,9.09
101078,ACC_OPEN,25,1,15,1,3,6,11,2,1,11.14
101033,ATM_CDM,8,1,10,1,11,5,9,2,1,20.6
101078,BIZ_BANK,18,1,14,1,6,4,11,1,1,28.07
101033,CUST_SVC,10,1,15,1,3,4,12,4,0,9.46
101045,ATM_CDM,8,1,13,1,3,4,11,3,1,6.81
101045,DEPOSIT,6,1,16,1,3,7,16,2,1,0.37
101033,ATM_CDM,8,0,11,1,9,7,9,3,1,5.45
101078,BIZ_BANK,18,1,3,1,2,8,9,5,1,5.51
101033,FIXED_DEP,15,0,10,0,4,4,12,2,0,17.71
101045,INVEST,22,1,8,1,5,4,16,4,1,25.18
101012,CUST_SVC,10,1,27,1,6,5,16,2,1,11.14
101056,INVEST,22,1,15,1,10,4,14,1,1,54.91
101045,CREDIT_CARD,12,1,10,1,5,4,16,1,1,11.36
101045,REMITTANCE,10,1,12,1,1,4,13,1,0,2.73
101033,BIZ_BANK,18,0,23,1,10,4,13,1,0,53.27
101012,BIZ_BANK,18,0,7,1,11,6,14,1,1,29.74
101012,ATM_CDM,8,1,5,1,7,5,9,4,1,11.66
101012,INSURANCE,20,1,20,1,13,4,10,4,1,85.68
101078,CUST_SVC,10,1,16,1,6,2,13,3,0,39.96
101012,CUST_SVC,10,1,19,1,6,4,16,3,1,18.97
101012,BIZ_BANK,18,0,3,1,1,4,12,5,0,3.22
101056,CUST_SVC,10,0,10,1,9,4,16,5,1,29.95
101045,REMITTANCE,10,0,23,1,6,5,11,1,1,17.59
101078,FIXED_DEP,15,1,5,1,5,4,16,4,1,17.48
101078,FIXED_DEP,15,1,4,1,7,5,14,2,1,33.72
101078,CREDIT_CARD,12,1,6,1,4,4,9,2,1,15.2
101033,CUST_SVC,10,1,14,1,4,7,9,4,1,5.74
101033,DEPOSIT,6,1,6,1,4,4,16,3,1,5.24
101012,ATM_CDM,8,0,10,1,1,4,13,4,0,2.12
101033,INVEST,22,1,2,1,5,6,14,4,1,25.16
101078,BIZ_BANK,18,1,2,1,9,4,9,3,1,43.19
101033,FIXED_DEP,15,1,15,1,5,2,13,1,0,14.02
101056,BIZ_BANK,18,1,13,1,10,6,10,5,1,23.25
101012,ATM_CDM,8,1,28,1,8,7,11,2,1,13.93
101033,LOAN,30,1,8,1,4,3,13,1,0,44.06
101012,INSURANCE,20,1,21,1,11,8,9,5,1,34.76
101056,INVEST,22,1,30,1,7,7,15,4,1,18.92
101033,INSURANCE,20,1,34,1,13,4,9,1,1,88.07
101056,ONLINE_SUP,12,1,5,1,4,5,10,2,1,9.6
101045,CREDIT_CARD,12,0,11,1,6,6,10,1,1,12.45
101078,ACC_OPEN,25,1,2,1,2,4,11,3,1,13.79
101078,ACC_OPEN,25,1,5,1,0,7,15,3,1,0.78
101012,INSURANCE,20,1,8,1,2,3,12,3,0,5.27
101012,DEPOSIT,6,0,37,1,10,4,15,3,1,17.66
101033,LOAN,30,0,27,1,11,7,15,5,1,30.08
101012,DEPOSIT,6,1,11,1,11,7,10,2,1,6.8
101078,INSURANCE,20,1,14,1,8,5,10,2,1,43.94
101078,FIXED_DEP,15,0,18,1,7,6,10,4,1,13.1
101012,CUST_SVC,10,1,8,1,13,5,9,2,1,33.09
101056,CUST_SVC,10,1,19,1,9,6,9,1,1,28.41
101056,INVEST,22,0,4,1,8,7,9,4,1,18.21
101078,FIXED_DEP,15,1,25,1,6,5,14,1,1,23.62
101056,ACC_OPEN,25,0,9,1,1,5,11,4,1,5.88
101078,CREDIT_CARD,12,1,18,1,9,5,14,1,1,37.94
101045,CREDIT_CARD,12,1,31,1,8,7,10,1,1,13.38
101012,CREDIT_CARD,12,1,21,1,10,6,11,5,1,20.99
101012,ACC_OPEN,25,1,19,1,9,5,9,4,1,47.53
101078,INVEST,22,1,10,1,3,6,9,1,1,5.77
101056,INSURANCE,20,1,21,1,5,7,10,3,1,13.98
101012,LOAN,30,1,43,1,16,4,15,1,1,90.0
101045,WITHDRAW,5,0,14,0,5,6,9,5,1,2.81
101012,CUST_SVC,10,1,9,1,14,7,15,1,1,27.63
101056,INSURANCE,20,0,15,1,9,5,9,1,1,12.41
101056,BIZ_BANK,18,0,1,1,10,6,10,5,1,31.13
101012,DEPOSIT,6,0,12,1,6,7,9,1,1,7.48
101056,ACC_OPEN,25,0,18,1,12,5,9,1,1,67.24
101056,CUST_SVC,10,0,11,1,4,4,9,1,1,11.28
101045,ACC_OPEN,25,0,4,1,0,2,13,3,0,1.24
101033,REMITTANCE,10,1,3,1,4,6,10,3,1,7.09
101078,REMITTANCE,10,0,7,1,8,4,15,5,1,27.33
101033,BIZ_BANK,18,0,25,1,11,4,14,5,1,41.84
101045,FIXED_DEP,15,0,18,1,9,3,16,2,1,76.78
101045,DEPOSIT,6,1,9,1,1,4,14,4,1,1.74
101033,DEPOSIT,6,0,20,1,4,7,15,2,1,3.5
101078,CUST_SVC,10,1,3,1,3,5,14,2,1,5.1
101033,REMITTANCE,10,1,8,1,8,4,16,3,1,20.53
101045,ATM_CDM,8,1,14,1,5,5,11,2,1,4.88
101012,DEPOSIT,6,1,36,1,12,5,10,3,1,15.39
101056,REMITTANCE,10,1,19,1,6,7,10,3,1,7.28
101078,ONLINE_SUP,12,0,11,1,6,3,16,1,1,19.74
101045,BIZ_BANK,18,1,14,1,3,6,14,3,1,10.65
101078,DEPOSIT,6,1,18,1,3,5,9,2,1,3.86
101045,LOAN,30,1,16,1,9,7,16,2,1,16.18
101012,CUST_SVC,10,0,8,1,8,5,15,4,1,13.84
101033,BIZ_BANK,18,1,21,1,9,5,11,1,1,21.25
101078,CUST_SVC,10,1,19,1,4,5,9,2,1,11.5
101012,BIZ_BANK,18,0,13,0,8,4,13,2,0,45.44
101045,CREDIT_CARD,12,0,14,1,4,7,11,1,1,6.02
101045,FIXED_DEP,15,1,11,1,5,5,16,3,1,27.06
101056,INSURANCE,20,0,19,1,6,7,16,3,1,11.73
101045,DEPOSIT,6,1,31,1,8,5,15,1,1,6.73
101012,INVEST,22,0,35,1,10,4,15,3,1,52.78
101056,CREDIT_CARD,12,0,41,0,13,4,10,1,1,60.0
101033,ACC_OPEN,25,0,10,1,3,6,14,4,1,8.79
101078,ACC_OPEN,25,1,1,1,0,2,12,5,0,0.18
101056,BIZ_BANK,18,0,2,1,8,7,11,1,1,7.71
101078,ACC_OPEN,25,0,14,0,2,7,10,2,1,9.11
101033,LOAN,30,1,12,1,10,5,15,1,1,62.93
101056,ACC_OPEN,25,1,1,1,1,3,16,3,1,12.88
101056,BIZ_BANK,18,1,22,1,5,3,12,3,0,34.97
101012,LOAN,30,0,35,1,9,6,15,4,1,38.48
101045,BIZ_BANK,18,1,14,1,4,5,10,3,1,16.61
101012,INVEST,22,1,19,1,8,6,9,5,1,36.65
101045,CREDIT_CARD,12,0,27,1,7,4,10,2,1,30.87
101033,WITHDRAW,5,1,9,1,11,5,9,1,1,10.6
101078,LOAN,30,1,11,1,5,5,11,2,1,34.62
101078,CUST_SVC,10,0,9,1,7,5,10,1,1,17.74
101012,REMITTANCE,10,1,9,1,5,4,10,2,1,23.3
101033,CREDIT_CARD,12,0,9,1,4,6,16,2,1,8.27
101012,FIXED_DEP,15,0,44,1,17,5,10,5,1,42.19
101045,ATM_CDM,8,0,27,1,6,4,12,2,0,11.79
101056,DEPOSIT,6,1,17,1,11,6,9,1,1,20.27
101033,DEPOSIT,6,0,6,0,9,7,11,1,1,9.86
101078,DEPOSIT,6,1,11,1,12,4,10,1,1,20.62
101045,ATM_CDM,8,1,15,1,3,3,16,4,1,9.92
101012,ONLINE_SUP,12,0,10,1,8,7,14,3,1,11.56
101033,CREDIT_CARD,12,1,7,1,8,8,9,2,1,8.92
101012,LOAN,30,1,3,1,4,4,14,3,1,41.74
101078,REMITTANCE,10,0,15,1,4,3,16,5,1,15.88
101045,CUST_SVC,10,1,14,1,7,4,11,2,1,30.16
101078,FIXED_DEP,15,1,40,1,13,7,14,1,1,28.85
101078,DEPOSIT,6,1,8,1,4,4,13,3,0,4.36
101045,DEPOSIT,6,1,3,1,5,6,14,4,1,4.07
101012,DEPOSIT,6,1,27,1,6,3,13,4,0,16.07
101012,DEPOSIT,6,0,33,1,8,2,12,2,0,25.4
101012,ATM_CDM,8,1,18,1,5,7,14,2,1,7.11
101078,FIXED_DEP,15,1,1,1,7,7,15,5,1,14.09
101033,CUST_SVC,10,0,14,1,8,3,16,4,1,21.11
101033,DEPOSIT,6,1,22,1,7,6,10,1,1,8.15
101078,ONLINE_SUP,12,1,11,1,6,4,15,5,1,14.84
101078,BIZ_BANK,18,0,9,1,4,5,14,2,1,4.77
101056,INSURANCE,20,0,19,1,5,3,12,1,0,32.59
101045,INSURANCE,20,1,7,1,3,4,15,4,1,18.0
101012,CREDIT_CARD,12,1,5,1,6,2,12,5,0,47.98
101045,REMITTANCE,10,1,2,1,4,4,10,2,1,15.42
101078,ATM_CDM,8,1,7,1,4,6,14,2,1,7.62
101078,REMITTANCE,10,0,22,1,5,5,11,2,1,7.04
101012,INSURANCE,20,0,14,0,5,4,14,3,1,13.6
101033,LOAN,30,1,19,1,5,6,14,5,1,29.66
101078,CUST_SVC,10,1,2,1,7,6,11,1,1,8.05
101045,LOAN,30,1,3,1,10,3,16,5,1,90.0
101078,ACC_OPEN,25,1,5,1,1,4,13,1,0,8.62
101012,DEPOSIT,6,1,20,1,6,3,12,5,0,12.4
101045,ACC_OPEN,25,1,13,1,3,3,12,4,0,22.66
101012,BIZ_BANK,18,0,13,1,14,5,10,1,1,41.62
101078,WITHDRAW,5,0,9,1,7,4,9,1,1,10.77
101056,ONLINE_SUP,12,1,3,1,3,4,14,4,1,17.35
101045,BIZ_BANK,18,1,17,1,8,4,10,1,1,43.04
101056,CUST_SVC,10,1,41,1,19,5,10,1,1,44.71
101056,CUST_SVC,10,1,4,1,11,5,10,2,1,19.72
101078,LOAN,30,0,24,1,5,7,15,2,1,14.84
101078,ACC_OPEN,25,1,12,1,7,4,10,3,1,46.69
101045,FIXED_DEP,15,1,22,1,7,5,9,1,1,16.75
101056,BIZ_BANK,18,1,12,1,5,4,14,3,1,20.87
101045,INVEST,22,1,14,1,5,5,10,2,1,38.64
101012,BIZ_BANK,18,1,27,1,16,6,10,1,1,58.76
101056,ATM_CDM,8,1,18,1,8,2,12,1,0,38.8
101078,CREDIT_CARD,12,1,16,1,6,3,13,3,0,26.83
101033,REMITTANCE,10,0,2,1,8,5,15,1,1,12.5
101012,INSURANCE,20,1,15,1,3,2,13,2,0,33.64
101012,DEPOSIT,6,1,27,1,15,4,16,1,1,10.42
101033,INSURANCE,20,1,28,1,10,4,11,1,1,75.7
101056,DEPOSIT,6,1,5,1,5,5,15,2,1,6.1
101078,ONLINE_SUP,12,1,1,1,12,4,14,1,1,39.77
101033,LOAN,30,1,7,1,3,4,16,2,1,18.76
101056,ATM_CDM,8,0,21,1,4,6,11,3,1,7.18
101056,LOAN,30,0,12,1,13,4,10,1,1,90.0
101045,REMITTANCE,10,0,11,1,1,4,12,2,0,1.92
101045,INSURANCE,20,1,30,1,8,8,14,4,1,23.15
101056,REMITTANCE,10,1,26,1,13,4,10,2,1,28.67
101056,ATM_CDM,8,1,13,1,5,5,9,2,1,7.23
101033,FIXED_DEP,15,1,25,1,8,7,10,3,1,17.58
101045,FIXED_DEP,15,1,23,1,5,4,13,1,0,19.77
101078,INVEST,22,1,4,1,5,3,16,3,1,35.08
101033,DEPOSIT,6,0,15,1,9,5,9,3,1,7.89
101078,LOAN,30,1,1,1,2,5,15,2,1,13.72
101056,WITHDRAW,5,1,32,1,9,7,15,5,1,11.1
101078,DEPOSIT,6,0,30,1,8,7,10,5,1,9.11
101078,LOAN,30,1,21,1,10,4,9,5,1,90.0
101078,CREDIT_CARD,12,0,1,1,3,4,14,5,1,8.83
101012,INSURANCE,20,0,4,1,8,3,13,4,0,45.07
101033,ATM_CDM,8,1,25,1,9,4,9,3,1,22.19
101045,CREDIT_CARD,12,1,13,1,3,4,14,4,1,11.9
101033,ONLINE_SUP,12,0,5,1,4,5,16,1,1,9.66
101045,ONLINE_SUP,12,1,25,1,8,5,9,1,1,27.17
101045,CREDIT_CARD,12,0,5,1,5,7,11,2,1,10.85
101033,ATM_CDM,8,1,9,1,4,6,15,4,1,3.27
101078,LOAN,30,1,3,1,2,7,10,3,1,11.32
101012,CUST_SVC,10,0,23,1,5,5,10,2,1,8.38
101033,CUST_SVC,10,1,24,1,5,3,16,1,1,16.79
101045,CREDIT_CARD,12,1,9,1,5,6,10,3,1,15.1
101045,ATM_CDM,8,1,27,1,15,8,10,5,1,16.44
101056,CREDIT_CARD,12,1,26,1,6,7,14,3,1,11.93
101033,INSURANCE,20,1,16,1,8,6,10,3,1,17.72
101012,INVEST,22,1,13,1,6,3,12,1,0,36.0
101045,INVEST,22,1,12,1,5,4,16,3,1,34.08
101012,DEPOSIT,6,1,1,1,3,6,16,2,1,4.7
101056,CUST_SVC,10,1,16,1,7,5,14,1,1,17.67
101045,ONLINE_SUP,12,1,2,1,7,6,15,4,1,18.22
101045,BIZ_BANK,18,0,10,1,1,3,16,2,1,8.37
101078,CREDIT_CARD,12,0,3,1,4,2,12,3,0,13.06
101033,CREDIT_CARD,12,0,3,1,6,5,9,5,1,11.3
101056,INSURANCE,20,0,5,1,0,4,12,1,0,1.12
101078,REMITTANCE,10,1,4,1,7,8,11,1,1,9.62
101045,CREDIT_CARD,12,1,7,1,4,8,11,5,1,8.77
101056,BIZ_BANK,18,1,7,1,5,5,15,3,1,26.45
101033,ONLINE_SUP,12,1,5,1,7,5,9,2,1,21.84
101045,INSURANCE,20,1,12,1,3,5,11,1,1,17.51
101078,BIZ_BANK,18,1,10,1,5,6,11,2,1,17.3
101012,CREDIT_CARD,12,0,33,1,9,5,15,1,1,21.45
101056,INSURANCE,20,1,4,1,4,5,15,2,1,23.1
101056,DEPOSIT,6,1,12,1,6,5,15,4,1,10.81
101078,ONLINE_SUP,12,0,8,0,6,5,15,1,1,17.35
101033,ATM_CDM,8,0,5,1,7,5,14,5,1,5.76
101033,FIXED_DEP,15,0,16,1,10,6,10,1,1,29.29
101012,ATM_CDM,8,1,29,1,9,5,9,5,1,18.96
101012,FIXED_DEP,15,1,20,1,6,3,12,4,0,21.79
101056,ACC_OPEN,25,1,27,1,7,3,16,5,1,63.85
101078,INSURANCE,20,1,3,1,7,7,10,2,1,18.63
101078,REMITTANCE,10,1,8,1,4,4,13,1,0,7.98
101045,ONLINE_SUP,12,1,14,1,5,3,13,3,0,20.73
101078,DEPOSIT,6,1,8,1,2,4,15,4,1,3.14
101078,BIZ_BANK,18,0,2,1,2,5,10,2,1,6.91
101045,FIXED_DEP,15,1,19,1,4,3,16,5,1,25.2
101056,CUST_SVC,10,0,6,1,3,4,14,2,1,4.25
101033,ATM_CDM,8,1,20,1,7,5,9,1,1,20.3
101012,DEPOSIT,6,1,19,1,4,3,12,1,0,10.6
101033,WITHDRAW,5,1,11,1,10,6,16,1,1,10.87
101012,FIXED_DEP,15,1,19,1,13,7,15,1,1,35.97
101056,CREDIT_CARD,12,1,24,1,6,5,14,5,1,10.47
101078,CUST_SVC,10,0,29,1,8,5,16,5,1,19.64
101045,FIXED_DEP,15,0,13,0,2,6,14,2,1,6.42
101033,ATM_CDM,8,1,13,1,2,4,12,3,0,5.75
101033,CUST_SVC,10,0,2,1,8,5,9,4,1,12.07
101056,CUST_SVC,10,1,12,1,4,6,15,5,1,3.13
101045,CREDIT_CARD,12,0,18,1,5,6,10,3,1,15.23
101033,CREDIT_CARD,12,1,1,1,5,6,11,1,1,10.16
101045,BIZ_BANK,18,1,9,1,6,4,16,2,1,33.13
101033,ACC_OPEN,25,0,10,1,8,3,16,1,1,65.73
101012,BIZ_BANK,18,1,28,1,10,7,10,4,1,31.7
101056,CUST_SVC,10,1,4,1,11,4,13,1,0,24.32
101056,ACC_OPEN,25,1,39,1,10,5,16,1,1,53.77
101012,CREDIT_CARD,12,1,11,1,11,4,11,5,1,41.58
101056,DEPOSIT,6,1,17,1,12,5,10,2,1,22.35
101056,CREDIT_CARD,12,1,3,1,7,6,14,5,1,18.71
101078,WITHDRAW,5,1,4,1,4,3,13,5,0,5.2
101012,ATM_CDM,8,1,12,1,9,4,14,2,1,23.7
101012,LOAN,30,1,16,1,5,3,13,4,0,35.64
101012,INSURANCE,20,0,19,0,5,2,12,3,0,43.95
101012,REMITTANCE,10,1,8,1,11,4,10,2,1,26.91
101045,FIXED_DEP,15,1,13,1,4,7,11,5,1,11.13
101033,CUST_SVC,10,0,21,1,12,5,9,1,1,10.76
101078,ATM_CDM,8,1,29,1,7,5,15,5,1,18.26
101056,CUST_SVC,10,0,11,1,7,4,13,4,0,14.0
101078,BIZ_BANK,18,1,23,1,5,6,16,4,1,12.8
101056,BIZ_BANK,18,0,20,1,9,5,16,3,1,49.36
101045,CUST_SVC,10,1,3,1,2,2,13,3,0,8.47
101056,ATM_CDM,8,0,27,1,6,4,11,2,1,12.24
101056,FIXED_DEP,15,1,36,1,9,6,9,3,1,25.33
101056,LOAN,30,1,17,1,3,4,15,4,1,12.02
101056,LOAN,30,1,22,1,9,4,9,5,1,49.32
101033,ACC_OPEN,25,0,1,0,5,7,9,2,1,29.88
101045,ONLINE_SUP,12,1,10,1,8,5,9,2,1,24.14
101033,ONLINE_SUP,12,0,12,1,6,5,15,2,1,13.68
101045,INSURANCE,20,1,23,1,5,4,16,1,1,32.32
101033,ATM_CDM,8,1,5,1,6,4,12,1,0,11.76
101045,CUST_SVC,10,0,18,1,5,6,16,5,1,10.49
101056,ATM_CDM,8,1,36,1,10,6,11,3,1,19.82
101045,ACC_OPEN,25,0,15,1,3,4,14,4,1,13.0
101033,LOAN,30,0,13,1,6,6,10,5,1,38.39
101056,BIZ_BANK,18,1,11,1,8,8,14,2,1,22.74
101045,BIZ_BANK,18,1,13,1,5,5,9,3,1,14.74
101078,BIZ_BANK,18,0,8,0,1,3,16,3,1,10.55
101078,CREDIT_CARD,12,1,10,1,6,7,9,2,1,13.22
101078,FIXED_DEP,15,1,19,1,6,4,11,5,1,13.7
101045,ATM_CDM,8,1,36,1,10,5,9,5,1,28.19
101012,DEPOSIT,6,1,13,1,15,8,10,3,1,7.18
101056,ATM_CDM,8,1,26,1,9,4,15,1,1,16.46
101012,FIXED_DEP,15,1,9,1,10,4,13,1,0,34.58
101078,INSURANCE,20,1,17,1,7,6,11,5,1,22.81
101078,REMITTANCE,10,0,12,0,1,6,15,3,1,2.98
101045,CUST_SVC,10,0,7,1,8,4,14,1,1,17.95
101012,LOAN,30,1,2,1,6,6,16,4,1,20.79
101056,ATM_CDM,8,1,28,1,8,4,15,2,1,21.44
101012,ONLINE_SUP,12,1,15,1,9,6,15,5,1,17.14
101012,CREDIT_CARD,12,0,4,1,8,5,15,1,1,14.39
101056,REMITTANCE,10,1,14,1,14,4,10,1,1,60.24
101078,CUST_SVC,10,0,17,1,11,4,14,2,1,27.04
101033,FIXED_DEP,15,1,6,1,2,3,13,3,0,12.02
101045,DEPOSIT,6,1,6,1,6,5,15,5,1,8.34
101033,BIZ_BANK,18,1,10,1,3,4,15,2,1,10.55
101012,FIXED_DEP,15,0,14,1,8,4,16,5,1,21.12
101033,ACC_OPEN,25,1,6,1,5,2,13,3,0,52.07
101033,DEPOSIT,6,1,4,1,7,4,10,2,1,13.33
101033,LOAN,30,1,6,1,11,7,10,2,1,71.0
101078,INSURANCE,20,1,24,1,9,6,10,4,1,9.34
101078,CUST_SVC,10,1,4,1,8,6,14,4,1,10.77
101012,CUST_SVC,10,1,8,1,9,4,11,2,1,15.54
101012,DEPOSIT,6,1,24,1,5,5,9,3,1,7.5
101045,WITHDRAW,5,0,4,1,4,4,13,5,0,6.21
101012,BIZ_BANK,18,1,25,1,7,4,15,5,1,18.92
101078,INSURANCE,20,0,5,1,6,2,12,2,0,48.08
101033,ONLINE_SUP,12,0,12,0,8,6,10,4,1,21.37
101045,ATM_CDM,8,1,18,1,4,3,13,5,0,10.45
101078,ATM_CDM,8,0,7,1,7,4,15,2,1,7.56
101012,LOAN,30,0,7,1,4,4,11,2,1,41.61
101056,INVEST,22,1,20,1,14,6,9,1,1,88.25
101045,ATM_CDM,8,1,7,1,3,4,12,1,0,5.22
101012,INSURANCE,20,0,30,1,9,4,10,5,1,18.81
101045,CUST_SVC,10,1,11,1,4,3,13,2,0,16.36
101056,BIZ_BANK,18,1,16,1,3,4,11,5,1,6.55
101078,DEPOSIT,6,1,8,1,1,4,12,4,0,0.19
101012,CUST_SVC,10,1,1,1,3,2,12,4,0,13.62
101045,LOAN,30,1,9,1,2,3,12,5,0,26.66
101012,DEPOSIT,6,0,31,0,9,4,16,1,1,15.39
101078,CREDIT_CARD,12,0,3,1,3,3,12,4,0,11.06
101056,DEPOSIT,6,1,24,1,8,4,16,5,1,16.98
101012,FIXED_DEP,15,0,23,0,6,4,12,1,0,23.36
101012,BIZ_BANK,18,1,20,1,8,4,9,3,1,40.26
101033,ATM_CDM,8,0,3,1,6,5,10,5,1,8.49
101012,DEPOSIT,6,1,11,1,8,5,9,2,1,17.22
101045,CUST_SVC,10,1,19,1,5,7,11,3,1,6.21
101012,BIZ_BANK,18,0,6,0,5,3,12,1,0,17.54
101033,REMITTANCE,10,0,20,1,5,5,16,5,1,11.8
101033,ATM_CDM,8,1,37,1,11,6,10,1,1,15.02
101078,CUST_SVC,10,0,37,1,10,5,11,4,1,21.29
101033,ATM_CDM,8,0,14,0,2,6,10,5,1,3.13
101056,ACC_OPEN,25,1,20,1,8,4,13,1,0,58.74
101045,CUST_SVC,10,1,2,1,5,8,9,5,1,11.27
101056,CREDIT_CARD,12,1,13,1,4,4,12,1,0,10.49
101033,ACC_OPEN,25,0,24,1,8,3,13,1,0,29.73
101078,CUST_SVC,10,0,5,1,8,4,16,5,1,15.18
101045,LOAN,30,1,12,1,2,4,12,1,0,10.74
101012,REMITTANCE,10,1,4,1,6,3,12,5,0,19.17
101078,DEPOSIT,6,1,11,1,4,3,16,1,1,5.98
101045,INSURANCE,20,1,29,1,7,4,16,2,1,43.95
101033,CUST_SVC,10,1,9,1,3,3,13,4,0,12.28
101045,BIZ_BANK,18,0,9,0,8,5,16,5,1,36.1
101056,INSURANCE,20,1,22,1,14,8,10,1,1,59.84
101012,DEPOSIT,6,0,56,1,17,6,10,1,1,15.3
101045,CUST_SVC,10,1,13,1,3,3,12,2,0,14.96
101078,CUST_SVC,10,0,8,1,4,3,12,1,0,15.48
101012,ACC_OPEN,25,1,12,1,11,5,14,3,1,55.01
101033,CUST_SVC,10,0,7,1,4,6,14,1,1,9.87
101012,BIZ_BANK,18,1,33,1,11,6,10,2,1,27.17
101033,ATM_CDM,8,0,8,1,7,5,14,4,1,14.94
101033,LOAN,30,1,3,1,8,5,15,2,1,56.81
101078,WITHDRAW,5,1,15,1,8,6,15,2,1,6.41
101012,INVEST,22,0,16,0,9,4,16,3,1,48.38
101012,CUST_SVC,10,0,6,1,3,3,13,4,0,9.1
101056,REMITTANCE,10,0,23,1,6,5,9,1,1,5.86
101078,DEPOSIT,6,1,15,1,2,4,9,4,1,1.77
101012,ATM_CDM,8,1,15,1,9,6,14,2,1,14.18
101045,LOAN,30,1,24,1,9,6,10,4,1,62.06
101056,BIZ_BANK,18,1,40,1,11,5,15,5,1,56.6
101056,FIXED_DEP,15,1,34,1,11,5,16,2,1,51.36
101056,ONLINE_SUP,12,1,18,1,9,6,11,2,1,24.15
101078,CUST_SVC,10,1,4,1,12,6,15,5,1,13.31
101012,ATM_CDM,8,1,28,1,8,6,10,1,1,14.88
101056,BIZ_BANK,18,1,29,1,7,5,15,1,1,34.66
101056,ACC_OPEN,25,1,28,1,9,7,14,5,1,49.4
101056,LOAN,30,0,10,1,9,8,15,1,1,36.5
101056,WITHDRAW,5,1,20,1,10,7,15,3,1,9.35
101033,CREDIT_CARD,12,0,23,1,7,4,16,5,1,10.17
101056,INVEST,22,1,26,1,6,6,16,5,1,22.58
101033,FIXED_DEP,15,1,19,1,4,6,15,4,1,12.79
101012,ACC_OPEN,25,0,37,1,12,4,13,1,0,72.31
101033,DEPOSIT,6,1,16,1,5,7,10,4,1,4.12
101056,ACC_OPEN,25,0,1,1,9,6,15,5,1,39.68
101045,FIXED_DEP,15,1,25,1,7,4,12,1,0,34.94
101056,INVEST,22,0,20,1,4,3,13,5,0,23.01
101045,BIZ_BANK,18,1,8,1,10,4,10,1,1,49.14
101078,LOAN,30,1,21,1,10,6,9,5,1,62.73
101033,CUST_SVC,10,1,23,1,9,5,16,5,1,28.15
101033,LOAN,30,0,2,1,6,6,14,1,1,30.0
101012,CUST_SVC,10,1,16,1,7,4,13,2,0,19.75
101033,CUST_SVC,10,1,13,1,7,4,9,4,1,12.49
101045,DEPOSIT,6,1,29,1,9,7,16,5,1,10.43
101045,CUST_SVC,10,1,20,1,6,6,15,4,1,12.41
101012,DEPOSIT,6,0,28,0,8,5,14,2,1,12.57
101012,WITHDRAW,5,1,21,1,8,5,9,3,1,5.96
101056,CUST_SVC,10,1,21,1,8,7,15,3,1,15.0
101056,BIZ_BANK,18,1,27,1,8,4,15,3,1,34.18
101078,ONLINE_SUP,12,1,17,1,9,6,10,1,1,29.96
101033,DEPOSIT,6,1,2,1,7,2,13,5,0,20.15
101033,ATM_CDM,8,1,23,1,7,4,11,2,1,8.4
101078,ATM_CDM,8,1,17,1,5,6,15,4,1,7.28
101056,CUST_SVC,10,0,1,1,15,4,11,1,1,28.54
101078,ACC_OPEN,25,1,3,1,5,5,14,4,1,18.33
101078,ATM_CDM,8,1,20,1,4,3,13,3,0,12.03
101033,INSURANCE,20,1,20,1,12,6,10,1,1,41.16
101078,CREDIT_CARD,12,1,8,1,7,4,15,4,1,10.7
101056,WITHDRAW,5,1,13,1,7,6,9,3,1,9.29
101045,LOAN,30,1,16,1,4,5,9,2,1,17.28
101012,CREDIT_CARD,12,1,12,1,5,4,9,5,1,20.49
101078,CUST_SVC,10,1,25,1,6,5,11,4,1,13.15
101078,BIZ_BANK,18,1,9,1,1,4,9,3,1,8.35
101078,ATM_CDM,8,0,26,1,11,5,14,1,1,14.13
101012,DEPOSIT,6,1,12,1,7,3,16,5,1,21.81
101045,CUST_SVC,10,1,10,1,7,6,11,1,1,7.39
101012,REMITTANCE,10,0,29,1,7,4,14,5,1,16.87
101045,INSURANCE,20,1,15,1,4,7,15,5,1,14.3
101012,LOAN,30,1,4,1,5,6,9,4,1,42.03
101056,ACC_OPEN,25,1,4,1,7,6,14,1,1,37.0
101078,FIXED_DEP,15,1,17,1,5,4,16,3,1,8.65
101012,CUST_SVC,10,0,23,1,19,5,9,5,1,30.84
101078,DEPOSIT,6,0,7,1,2,4,11,3,1,2.03
101012,FIXED_DEP,15,0,33,1,8,7,15,3,1,25.67
101045,DEPOSIT,6,1,2,1,4,8,11,4,1,4.33
101012,CREDIT_CARD,12,1,12,1,8,4,11,5,1,20.03
101078,REMITTANCE,10,1,8,1,4,7,15,3,1,6.84
101033,BIZ_BANK,18,1,12,1,7,5,15,4,1,38.15
101033,CUST_SVC,10,1,14,1,7,7,11,1,1,12.16
101033,WITHDRAW,5,1,7,1,9,7,16,5,1,6.11
101012,CREDIT_CARD,12,1,3,1,5,2,13,1,0,37.25
101078,FIXED_DEP,15,1,5,1,5,4,14,1,1,17.32
101045,LOAN,30,1,11,1,7,4,13,2,0,38.99
101056,ACC_OPEN,25,0,14,1,6,7,14,1,1,24.87
101045,ATM_CDM,8,1,4,1,7,4,10,5,1,17.17
101033,LOAN,30,1,9,1,3,4,9,3,1,27.83
101033,ATM_CDM,8,1,1,1,9,4,15,2,1,22.08
101045,LOAN,30,0,3,1,5,6,10,2,1,24.98
101012,CUST_SVC,10,1,12,1,13,7,10,1,1,26.3
101012,CREDIT_CARD,12,0,47,1,13,4,10,1,1,34.46
101012,DEPOSIT,6,1,30,1,8,4,9,2,1,16.63
101078,LOAN,30,1,18,1,3,4,9,4,1,24.02
101033,ATM_CDM,8,1,13,1,6,3,12,2,0,24.27
101056,LOAN,30,0,18,1,8,6,15,2,1,36.06
101078,CREDIT_CARD,12,0,11,1,3,3,13,1,0,12.46
101012,INSURANCE,20,0,9,1,6,4,15,5,1,32.17
101078,ONLINE_SUP,12,0,17,1,7,7,15,1,1,13.61
101033,CUST_SVC,10,1,3,1,5,7,10,2,1,8.74
101045,ATM_CDM,8,1,13,1,3,5,15,5,1,6.95
101033,FIXED_DEP,15,0,22,1,5,4,13,4,0,18.37
101078,FIXED_DEP,15,0,28,1,9,7,14,5,1,14.26
101078,DEPOSIT,6,0,4,1,8,6,14,2,1,7.12
101045,FIXED_DEP,15,1,13,1,6,5,15,2,1,18.73
101012,ONLINE_SUP,12,1,1,1,7,5,9,4,1,33.02
101033,BIZ_BANK,18,1,13,1,5,5,16,5,1,21.85
101045,WITHDRAW,5,0,12,1,3,7,14,5,1,2.55
101033,FIXED_DEP,15,0,18,1,11,7,15,5,1,34.93
101078,ACC_OPEN,25,0,27,1,8,4,15,2,1,48.16
101033,DEPOSIT,6,0,16,1,4,5,11,3,1,4.98
101045,ONLINE_SUP,12,0,1,1,8,5,10,5,1,12.38
101012,ATM_CDM,8,1,14,1,3,5,11,3,1,4.55
101012,DEPOSIT,6,1,28,1,11,4,9,2,1,19.88
101078,CUST_SVC,10,0,2,1,2,6,15,5,1,5.67
101012,CREDIT_CARD,12,1,42,1,15,7,15,5,1,17.72
101078,BIZ_BANK,18,1,6,1,2,2,12,4,0,20.34
101078,INSURANCE,20,1,36,1,10,5,14,3,1,45.55
101012,ATM_CDM,8,1,20,1,7,6,14,3,1,17.53
101056,FIXED_DEP,15,1,8,1,6,8,15,3,1,14.09
101045,INSURANCE,20,1,24,1,8,4,11,1,1,52.77
101045,ATM_CDM,8,0,9,1,3,5,9,2,1,6.42
101033,CUST_SVC,10,0,27,1,11,6,9,1,1,23.82
101045,ACC_OPEN,25,1,25,1,6,3,12,3,0,41.29
101045,DEPOSIT,6,0,16,1,4,6,10,1,1,4.21
101056,INVEST,22,0,20,1,6,6,15,1,1,27.85
101056,FIXED_DEP,15,0,22,1,11,6,10,1,1,36.81
101078,LOAN,30,0,20,0,8,2,12,5,0,90.0
101045,DEPOSIT,6,1,6,1,0,4,13,1,0,1.64
101012,DEPOSIT,6,0,13,1,3,2,13,4,0,6.28
101056,ATM_CDM,8,1,30,1,10,7,9,1,1,13.02
101056,DEPOSIT,6,1,16,1,5,2,12,5,0,10.04
101045,DEPOSIT,6,1,2,1,4,4,13,3,0,3.7
101056,CUST_SVC,10,1,16,1,9,6,9,2,1,16.54
101033,DEPOSIT,6,1,8,1,3,2,13,4,0,10.45
101056,DEPOSIT,6,1,15,1,9,5,10,4,1,10.93
101078,ATM_CDM,8,1,20,1,6,5,11,1,1,14.32
101045,CUST_SVC,10,1,8,1,4,4,12,1,0,11.99
101012,INVEST,22,0,14,1,8,3,13,5,0,11.72
101033,CREDIT_CARD,12,1,11,1,8,4,10,4,1,33.72
101045,FIXED_DEP,15,0,7,1,7,4,15,3,1,18.8
101078,BIZ_BANK,18,1,20,1,9,8,10,2,1,24.76
101078,ACC_OPEN,25,1,8,1,7,5,10,4,1,40.43
101056,CUST_SVC,10,1,39,1,12,4,15,2,1,49.71
101056,FIXED_DEP,15,1,9,1,9,4,11,3,1,54.01
101012,CUST_SVC,10,1,3,1,6,4,16,2,1,16.93
101056,DEPOSIT,6,0,8,1,6,5,10,5,1,6.01
101056,CUST_SVC,10,0,3,1,3,4,13,2,0,6.09
101056,INSURANCE,20,1,4,1,4,3,12,2,0,23.35
101045,CUST_SVC,10,0,13,1,2,5,16,2,1,2.67
101045,CUST_SVC,10,1,14,1,6,4,14,2,1,17.23
101012,CUST_SVC,10,0,26,1,17,5,11,1,1,22.2
101045,ONLINE_SUP,12,1,10,1,5,6,14,2,1,12.26
101056,ACC_OPEN,25,0,27,0,9,8,15,2,1,31.03
101078,ATM_CDM,8,1,20,1,4,2,12,2,0,19.52
101033,INSURANCE,20,1,1,1,8,3,13,1,0,63.04
101033,CREDIT_CARD,12,1,32,1,9,3,16,5,1,37.08
101056,ATM_CDM,8,1,4,1,6,4,9,3,1,19.38
101012,CUST_SVC,10,1,14,1,5,4,13,2,0,15.41
101056,CUST_SVC,10,1,20,1,4,5,14,1,1,8.37
101033,BIZ_BANK,18,0,23,1,10,7,10,1,1,38.12
101033,ACC_OPEN,25,1,9,1,6,5,15,1,1,26.83
101033,CUST_SVC,10,0,7,1,11,7,14,2,1,16.56
101056,CREDIT_CARD,12,1,24,1,10,4,16,1,1,32.36
101012,CUST_SVC,10,1,17,1,4,2,13,1,0,28.0
101045,INVEST,22,1,16,1,10,8,15,1,1,25.2
101045,LOAN,30,1,19,1,12,5,9,5,1,90.0
101033,ACC_OPEN,25,1,3,1,3,3,16,4,1,26.01
101033,ATM_CDM,8,1,28,1,7,5,16,2,1,13.0
101012,DEPOSIT,6,0,11,0,4,2,13,5,0,11.18
101045,CUST_SVC,10,1,2,1,4,7,16,3,1,10.24
101078,WITHDRAW,5,1,31,1,11,6,10,1,1,12.73
101078,ONLINE_SUP,12,0,3,1,4,6,16,1,1,13.39
101056,LOAN,30,1,5,1,6,4,15,2,1,34.46
101056,ATM_CDM,8,0,28,1,11,5,10,2,1,16.89
101033,INSURANCE,20,1,43,1,12,5,10,2,1,28.94
101078,ATM_CDM,8,1,10,1,9,6,10,3,1,7.85
101078,BIZ_BANK,18,1,21,1,10,7,10,5,1,31.09
101012,ATM_CDM,8,1,10,1,7,3,13,1,0,16.96
101056,CUST_SVC,10,1,18,1,4,3,13,2,0,9.31
101012,DEPOSIT,6,1,32,1,8,5,11,4,1,14.26
101056,ATM_CDM,8,1,5,1,4,5,9,4,1,5.18
101056,DEPOSIT,6,1,13,1,3,5,15,5,1,6.52
101056,ACC_OPEN,25,0,1,1,7,4,10,1,1,43.6
101045,FIXED_DEP,15,1,2,1,3,6,11,4,1,12.34
101033,CUST_SVC,10,1,15,1,5,5,9,1,1,11.46
101033,CUST_SVC,10,1,3,1,6,6,11,4,1,15.01
101045,ATM_CDM,8,1,14,1,4,6,11,3,1,2.54
101012,CREDIT_CARD,12,1,19,1,7,5,9,1,1,18.77
101078,INVEST,22,1,15,1,11,4,9,1,1,90.0
101033,DEPOSIT,6,1,25,1,11,6,15,2,1,14.01
101033,BIZ_BANK,18,1,14,1,6,7,11,2,1,22.67
101078,INSURANCE,20,1,6,1,5,2,13,5,0,71.9
101012,ATM_CDM,8,1,7,1,11,8,11,5,1,15.52
101056,CREDIT_CARD,12,1,20,1,7,4,15,4,1,21.42
101012,ATM_CDM,8,1,5,1,7,5,11,5,1,9.75
101078,ACC_OPEN,25,1,32,1,12,6,14,1,1,28.03
101078,CREDIT_CARD,12,0,24,1,10,4,15,4,1,28.4
101045,CREDIT_CARD,12,1,11,1,6,7,16,2,1,14.37
101078,LOAN,30,0,17,1,4,7,10,4,1,10.25
101045,ATM_CDM,8,1,9,1,4,4,15,1,1,11.51
101056,WITHDRAW,5,1,15,1,2,4,11,4,1,0.5
101033,REMITTANCE,10,1,3,1,4,5,9,5,1,8.05
101045,WITHDRAW,5,1,4,1,2,3,12,2,0,2.96
101045,REMITTANCE,10,1,10,1,2,6,9,1,1,2.82
101012,ATM_CDM,8,1,8,1,10,4,10,3,1,19.01
101033,REMITTANCE,10,0,21,1,6,7,11,2,1,9.88
101078,BIZ_BANK,18,1,6,1,1,6,15,2,1,3.0
101033,ATM_CDM,8,1,35,1,12,6,10,5,1,19.06
101033,DEPOSIT,6,0,12,1,7,6,11,1,1,6.61
101012,ATM_CDM,8,1,7,1,8,8,10,3,1,12.48
101078,DEPOSIT,6,1,24,1,12,7,15,5,1,9.66
101056,ATM_CDM,8,0,22,1,5,4,15,1,1,8.28
101033,LOAN,30,1,3,1,10,4,16,3,1,90.0
101078,DEPOSIT,6,0,30,1,8,5,9,1,1,11.21
101012,FIXED_DEP,15,1,9,1,1,5,14,4,1,1.6
101012,CUST_SVC,10,1,14,1,9,3,16,4,1,36.77
101056,CREDIT_CARD,12,1,22,1,5,4,14,4,1,19.23
101078,INSURANCE,20,1,13,1,2,5,10,3,1,6.19
101045,BIZ_BANK,18,1,1,1,7,5,10,1,1,38.9
101012,ATM_CDM,8,1,15,1,8,6,9,1,1,11.87
101033,INSURANCE,20,1,23,1,6,3,16,5,1,50.45
101033,ATM_CDM,8,0,9,1,2,7,14,4,1,2.96
101045,ACC_OPEN,25,0,7,1,6,7,9,1,1,30.72
101045,CUST_SVC,10,1,2,1,1,4,12,1,0,1.3
101078,ATM_CDM,8,0,24,1,6,4,12,5,0,4.96
101056,CUST_SVC,10,1,23,1,7,4,15,5,1,20.64
101012,BIZ_BANK,18,0,17,1,3,5,11,4,1,12.49
101078,BIZ_BANK,18,0,9,1,4,5,10,1,1,19.59
101078,INSURANCE,20,1,12,1,4,4,16,1,1,16.72
101056,CUST_SVC,10,1,5,1,5,2,13,3,0,26.18
101056,DEPOSIT,6,1,22,1,6,3,12,1,0,13.72
101045,ATM_CDM,8,0,29,1,7,7,9,3,1,8.3
101012,ONLINE_SUP,12,0,34,1,12,5,14,1,1,27.34
101045,LOAN,30,1,11,1,6,4,16,3,1,64.22
101056,ONLINE_SUP,12,1,14,1,6,5,11,5,1,17.71
101033,CREDIT_CARD,12,0,29,1,11,8,11,2,1,18.48
101056,CUST_SVC,10,1,2,1,0,5,11,4,1,1.59
101045,DEPOSIT,6,0,5,1,3,6,16,4,1,2.85
101012,LOAN,30,0,20,1,10,4,15,2,1,90.0
101045,WITHDRAW,5,1,15,1,6,6,9,5,1,5.75
101045,LOAN,30,0,11,1,8,5,16,5,1,64.99
101078,CREDIT_CARD,12,1,7,1,4,4,12,2,0,12.84
101078,INSURANCE,20,1,23,1,5,7,14,1,1,17.77
101012,WITHDRAW,5,0,1,1,11,5,14,5,1,10.84
101045,ATM_CDM,8,0,4,1,7,7,9,3,1,8.34
101033,ONLINE_SUP,12,1,18,1,8,3,12,5,0,25.35
101012,LOAN,30,1,14,1,3,5,10,2,1,20.16
101056,REMITTANCE,10,1,21,1,4,3,13,4,0,11.4
101033,ONLINE_SUP,12,0,10,1,12,5,10,2,1,24.88
101078,REMITTANCE,10,1,14,1,5,4,13,5,0,8.02
101012,INSURANCE,20,1,23,1,12,8,10,4,1,38.58
101033,CREDIT_CARD,12,1,10,1,6,8,15,2,1,9.32
101045,DEPOSIT,6,1,13,1,4,6,11,2,1,5.75
101045,FIXED_DEP,15,1,16,1,4,4,9,2,1,18.11
101056,DEPOSIT,6,0,28,0,7,6,10,4,1,7.35
101045,ACC_OPEN,25,1,22,1,8,7,14,2,1,38.65
101045,CUST_SVC,10,1,2,1,3,3,12,3,0,11.49
101056,ATM_CDM,8,1,18,1,19,5,14,5,1,30.74
101056,REMITTANCE,10,1,60,1,17,5,15,1,1,39.87
101056,CUST_SVC,10,0,4,1,8,6,15,4,1,7.35
101045,ONLINE_SUP,12,1,14,1,14,7,10,1,1,53.41
101045,ACC_OPEN,25,0,11,1,1,4,11,2,1,7.01
101056,BIZ_BANK,18,1,4,1,5,6,9,5,1,11.07
101078,REMITTANCE,10,1,2,1,1,2,13,3,0,5.1
101056,WITHDRAW,5,1,19,1,5,7,10,4,1,2.32
101078,ONLINE_SUP,12,0,4,1,10,3,13,2,0,46.21
101033,CUST_SVC,10,0,23,1,6,8,11,1,1,10.29
101033,BIZ_BANK,18,1,16,1,7,7,11,5,1,31.73
101012,DEPOSIT,6,0,25,1,7,4,14,2,1,15.73
101078,ACC_OPEN,25,1,5,1,1,6,15,2,1,4.11
101045,BIZ_BANK,18,1,13,1,4,4,15,3,1,16.65
101056,ACC_OPEN,25,1,32,1,11,4,10,1,1,83.71
101056,WITHDRAW,5,1,26,1,9,4,14,5,1,15.37
101078,BIZ_BANK,18,1,21,1,6,6,15,2,1,21.86
101012,ACC_OPEN,25,1,17,1,7,3,16,4,1,73.34
101056,ATM_CDM,8,1,14,1,15,6,10,1,1,24.44
101012,LOAN,30,0,44,1,12,5,9,5,1,36.14
101078,CREDIT_CARD,12,0,20,1,9,8,10,2,1,17.49
101033,DEPOSIT,6,1,16,1,5,6,14,4,1,4.55
101012,BIZ_BANK,18,1,2,1,8,4,10,2,1,37.07
101033,ONLINE_SUP,12,1,26,1,8,4,16,5,1,25.7
101012,ATM_CDM,8,0,4,1,3,4,9,2,1,8.41
101045,ATM_CDM,8,0,4,1,2,3,13,1,0,3.08
101045,INSURANCE,20,1,15,1,6,6,11,2,1,21.52
101045,INVEST,22,1,27,1,6,7,14,5,1,28.01
101078,ATM_CDM,8,1,21,1,4,3,12,2,0,15.88
101033,CUST_SVC,10,1,22,1,7,4,10,4,1,21.73
101033,CUST_SVC,10,0,9,0,8,4,15,2,1,25.32
101033,DEPOSIT,6,1,2,1,3,5,16,3,1,4.51
101056,LOAN,30,1,26,1,10,6,10,3,1,61.26
101078,INSURANCE,20,1,12,1,4,4,10,3,1,33.26
101012,CUST_SVC,10,1,16,1,3,3,13,1,0,7.19
101012,LOAN,30,1,21,1,8,7,11,5,1,37.85
101078,FIXED_DEP,15,0,28,1,7,4,9,1,1,38.26
101045,ATM_CDM,8,1,11,1,7,3,16,2,1,31.01
101033,ATM_CDM,8,1,1,1,6,4,9,4,1,14.68
101056,ACC_OPEN,25,0,20,1,10,7,15,1,1,44.46
101078,CUST_SVC,10,0,4,1,1,2,13,5,0,5.07
101056,CUST_SVC,10,1,1,1,7,6,9,2,1,13.85
101056,ATM_CDM,8,1,23,1,6,4,14,5,1,12.49
101012,LOAN,30,1,18,1,10,6,9,1,1,66.19
101012,DEPOSIT,6,1,14,1,5,4,10,3,1,8.21
101056,WITHDRAW,5,1,2,1,2,7,10,3,1,1.59
101056,BIZ_BANK,18,0,21,1,8,6,16,1,1,20.24
101012,WITHDRAW,5,1,15,1,8,2,13,5,0,18.7
101056,CREDIT_CARD,12,1,26,1,6,7,15,4,1,8.32
101056,WITHDRAW,5,0,21,1,11,6,11,1,1,8.02
101033,ACC_OPEN,25,1,22,1,8,4,15,1,1,42.7
101045,CUST_SVC,10,1,21,1,8,8,10,4,1,14.77
101056,ATM_CDM,8,1,10,1,13,4,10,4,1,31.03
101045,CUST_SVC,10,1,10,1,5,4,9,2,1,19.47
101045,DEPOSIT,6,1,9,1,7,7,10,1,1,8.43
101033,ACC_OPEN,25,0,22,1,14,5,11,5,1,80.83
101078,CUST_SVC,10,1,3,1,4,4,13,2,0,6.96
101012,ACC_OPEN,25,1,19,1,9,4,13,5,0,37.05
101056,ATM_CDM,8,1,10,1,8,4,10,2,1,23.19
101045,ATM_CDM,8,0,10,1,3,6,10,2,1,4.26
101033,CUST_SVC,10,0,16,1,9,7,11,4,1,8.48
101045,CUST_SVC,10,0,16,1,9,2,13,1,0,21.29
101056,ACC_OPEN,25,1,3,1,10,6,11,1,1,37.81
101045,DEPOSIT,6,0,24,1,7,5,14,5,1,10.09
101033,DEPOSIT,6,1,12,1,5,4,9,3,1,7.25
101056,DEPOSIT,6,1,16,1,4,2,12,2,0,11.46
101078,ATM_CDM,8,1,29,1,8,4,15,5,1,14.53
101012,WITHDRAW,5,1,1,1,9,6,11,5,1,8.49
101012,CUST_SVC,10,1,16,1,4,7,14,5,1,9.13
101012,CUST_SVC,10,1,26,1,7,8,11,4,1,10.08
101012,ATM_CDM,8,0,30,0,9,8,10,3,1,10.75
101033,INVEST,22,1,19,1,4,4,12,3,0,24.58
101012,FIXED_DEP,15,0,18,0,4,4,13,1,0,15.8
101033,ACC_OPEN,25,1,1,1,9,3,13,1,0,61.54
101078,DEPOSIT,6,1,35,1,9,4,10,1,1,17.44
101045,DEPOSIT,6,1,24,1,6,4,14,5,1,14.99
101056,CUST_SVC,10,0,18,1,5,2,12,2,0,23.65
101012,CUST_SVC,10,1,27,1,9,5,11,1,1,27.88
101012,CUST_SVC,10,1,5,1,3,3,13,1,0,7.14
101033,INSURANCE,20,1,10,1,3,2,12,5,0,25.35
101045,DEPOSIT,6,1,2,1,5,8,11,1,1,5.03
101045,CUST_SVC,10,1,14,1,5,7,15,5,1,7.05
101056,REMITTANCE,10,0,14,1,8,6,14,3,1,15.22
101045,ACC_OPEN,25,0,7,1,4,7,11,3,1,11.86
101012,DEPOSIT,6,0,1,0,11,7,10,2,1,3.6
101045,BIZ_BANK,18,1,23,1,8,6,9,4,1,29.14
101078,CUST_SVC,10,1,2,1,5,6,16,4,1,12.62
101033,BIZ_BANK,18,1,23,1,6,2,13,3,0,47.61
101033,ATM_CDM,8,0,31,1,8,4,10,5,1,13.74
101012,ATM_CDM,8,0,16,0,13,7,10,1,1,21.41
101012,ATM_CDM,8,1,25,1,10,4,15,4,1,26.87
101033,CREDIT_CARD,12,0,23,0,7,5,14,2,1,18.16
101056,DEPOSIT,6,1,44,1,12,5,15,3,1,23.85
101045,ATM_CDM,8,1,20,1,7,5,15,1,1,14.38
101012,ATM_CDM,8,1,29,1,18,7,9,5,1,22.08
101056,ACC_OPEN,25,1,16,1,3,6,10,2,1,18.34
101045,CREDIT_CARD,12,0,20,1,5,6,10,5,1,10.22
101078,CREDIT_CARD,12,1,2,1,2,2,12,2,0,15.47
101056,ATM_CDM,8,1,19,1,13,4,16,1,1,24.71
101078,ATM_CDM,8,0,3,1,1,2,12,1,0,3.93
101078,ATM_CDM,8,0,11,1,8,4,11,2,1,18.49
101056,CREDIT_CARD,12,1,25,1,11,7,9,5,1,16.04
101045,REMITTANCE,10,1,10,1,2,5,10,4,1,3.3
101033,WITHDRAW,5,1,13,1,4,6,11,3,1,3.69
101056,DEPOSIT,6,0,22,1,15,7,9,1,1,17.89
101056,CREDIT_CARD,12,0,6,0,7,7,16,5,1,10.11
101056,CUST_SVC,10,1,3,1,5,6,10,3,1,10.56
101078,BIZ_BANK,18,0,31,1,8,5,10,2,1,25.3
101078,ACC_OPEN,25,0,4,1,5,4,12,2,0,23.22
101045,REMITTANCE,10,0,7,1,4,4,14,2,1,7.56
101012,LOAN,30,1,15,1,6,5,16,5,1,49.82
101045,CUST_SVC,10,1,14,1,3,3,12,2,0,13.68
101056,LOAN,30,1,3,1,4,4,15,2,1,41.07
101033,CUST_SVC,10,1,22,1,5,4,9,1,1,11.51
101056,INSURANCE,20,1,13,1,6,4,9,3,1,46.14
101033,ATM_CDM,8,1,13,1,6,4,13,4,0,17.59
101045,CUST_SVC,10,1,4,1,3,3,13,3,0,7.12
101033,CUST_SVC,10,1,28,1,9,5,15,1,1,21.28
101056,CUST_SVC,10,1,24,1,10,3,12,5,0,45.33
101078,INSURANCE,20,1,1,1,2,4,11,5,1,11.79
101012,ATM_CDM,8,0,24,1,12,4,15,1,1,14.21
101033,ATM_CDM,8,1,32,1,13,6,9,1,1,30.0
101078,DEPOSIT,6,1,11,1,9,5,10,4,1,10.7
101033,INSURANCE,20,0,12,1,4,4,9,3,1,10.52
101012,CREDIT_CARD,12,1,5,1,11,6,15,3,1,24.57
101033,DEPOSIT,6,1,18,1,4,4,14,5,1,7.86
101012,DEPOSIT,6,1,2,1,9,4,10,1,1,22.27
101056,ATM_CDM,8,1,7,1,7,6,11,5,1,13.15
101045,WITHDRAW,5,0,3,1,3,4,14,3,1,5.97
101045,BIZ_BANK,18,1,9,1,1,2,12,2,0,11.17
101045,CREDIT_CARD,12,1,17,1,11,6,15,1,1,38.97
101045,CUST_SVC,10,1,9,1,3,3,13,2,0,8.87
101012,INVEST,22,0,11,1,10,6,10,2,1,47.47
101012,REMITTANCE,10,1,18,1,11,6,11,1,1,12.03
101045,INSURANCE,20,0,13,1,6,4,12,1,0,30.14
101012,ATM_CDM,8,1,12,1,5,4,13,3,0,6.9
101045,FIXED_DEP,15,1,18,1,4,5,15,5,1,6.8
101033,ACC_OPEN,25,1,12,1,2,2,12,1,0,34.91
101056,CUST_SVC,10,1,24,1,10,4,13,1,0,12.08
101045,REMITTANCE,10,1,3,1,6,2,12,2,0,34.89
101033,CUST_SVC,10,1,5,1,5,8,9,1,1,5.71
101078,CREDIT_CARD,12,0,11,0,3,4,15,3,1,9.69
101045,CREDIT_CARD,12,1,2,1,1,2,13,5,0,5.55
101078,INVEST,22,1,24,1,5,2,12,3,0,70.43
101056,DEPOSIT,6,1,27,1,11,6,10,4,1,15.74
101056,FIXED_DEP,15,0,7,1,6,8,10,1,1,6.94
101033,ATM_CDM,8,0,18,1,5,4,14,1,1,9.59
101033,ATM_CDM,8,1,12,1,3,5,16,4,1,4.0
101078,ATM_CDM,8,0,1,1,2,2,12,2,0,6.83
101056,LOAN,30,0,34,0,10,5,16,5,1,77.09
101045,LOAN,30,0,3,0,4,4,12,5,0,31.78
101033,REMITTANCE,10,1,5,1,1,2,12,4,0,4.08
101012,DEPOSIT,6,1,4,1,2,4,15,4,1,3.73
101012,INSURANCE,20,1,13,1,6,4,9,2,1,18.86
101012,DEPOSIT,6,1,11,1,7,4,12,4,0,15.46
101056,BIZ_BANK,18,0,17,1,9,7,9,2,1,34.35
101033,CUST_SVC,10,0,20,1,9,7,10,5,1,16.56
101045,ONLINE_SUP,12,1,10,1,6,6,10,3,1,12.72
101045,CREDIT_CARD,12,1,4,1,5,7,10,4,1,8.02
101012,CREDIT_CARD,12,1,36,1,12,6,10,5,1,22.36
101078,CREDIT_CARD,12,1,19,1,4,5,16,3,1,6.52
101078,CREDIT_CARD,12,1,2,1,6,7,9,5,1,7.36
101045,REMITTANCE,10,1,11,1,9,4,9,2,1,41.15
101012,ATM_CDM,8,0,27,1,13,5,10,4,1,18.31
101045,DEPOSIT,6,1,4,1,4,5,9,1,1,9.1
101078,INSURANCE,20,0,23,1,9,8,15,1,1,27.7
101033,ACC_OPEN,25,1,23,1,7,5,10,1,1,41.26
101033,LOAN,30,1,33,1,13,5,9,5,1,90.0
101045,CUST_SVC,10,1,3,1,0,5,10,5,1,1.02
101056,ACC_OPEN,25,0,10,1,11,6,10,1,1,42.82
101033,INVEST,22,1,7,1,9,4,11,4,1,77.82
101078,FIXED_DEP,15,1,21,1,6,6,9,4,1,15.0
101045,BIZ_BANK,18,0,21,1,6,6,11,4,1,16.06
101012,CREDIT_CARD,12,1,29,1,19,5,15,5,1,15.55
101056,ATM_CDM,8,1,2,1,9,4,13,2,0,21.65
101012,CUST_SVC,10,1,3,1,7,4,10,4,1,21.61
101012,INSURANCE,20,0,27,1,8,5,9,4,1,47.64
101012,ATM_CDM,8,1,25,1,6,4,15,2,1,12.96
101078,INVEST,22,1,8,1,8,6,10,2,1,40.32
101045,FIXED_DEP,15,0,15,1,4,3,16,4,1,15.3
101056,INSURANCE,20,1,14,1,5,7,10,3,1,13.23
101056,BIZ_BANK,18,1,20,1,5,6,14,4,1,19.98
101078,LOAN,30,1,20,1,6,5,11,2,1,34.4
101078,DEPOSIT,6,1,14,1,3,7,10,3,1,1.47
101078,CREDIT_CARD,12,1,7,1,3,3,12,3,0,18.11
101012,ATM_CDM,8,0,4,1,6,4,10,4,1,15.48
101078,INSURANCE,20,0,5,0,4,8,9,1,1,10.79
101056,ACC_OPEN,25,0,1,1,5,6,9,2,1,14.75
101056,ACC_OPEN,25,1,4,1,4,2,12,1,0,54.01
101056,DEPOSIT,6,1,32,1,9,7,10,4,1,6.06
101033,LOAN,30,1,10,1,3,8,10,3,1,13.9
101033,INSURANCE,20,0,7,1,10,6,16,1,1,45.6
101056,ATM_CDM,8,0,26,1,9,5,11,2,1,11.69
101012,WITHDRAW,5,1,14,1,9,5,9,3,1,5.64
101078,LOAN,30,1,17,1,9,5,10,4,1,85.82
101033,REMITTANCE,10,1,3,1,7,4,13,1,0,16.58
101078,LOAN,30,0,2,1,3,4,11,4,1,23.36
101056,ATM_CDM,8,1,6,1,11,6,10,1,1,17.39
101033,ACC_OPEN,25,1,5,1,3,2,13,3,0,45.55
101045,DEPOSIT,6,1,23,1,6,4,15,2,1,6.46
101033,ATM_CDM,8,0,2,0,3,6,11,1,1,3.4
101012,ATM_CDM,8,0,32,1,9,7,11,4,1,12.3
101033,ACC_OPEN,25,1,2,1,4,5,10,4,1,18.96
101078,ATM_CDM,8,1,14,1,6,6,10,2,1,10.37
101033,INVEST,22,0,10,1,12,8,14,1,1,37.49
101056,CUST_SVC,10,0,14,1,2,5,16,2,1,5.33
101033,CREDIT_CARD,12,1,31,1,9,5,10,1,1,31.53
101045,INSURANCE,20,1,4,1,9,4,10,4,1,52.92
101045,REMITTANCE,10,1,10,1,4,4,11,3,1,13.75
101056,CREDIT_CARD,12,0,6,1,2,2,12,2,0,10.0
101012,CUST_SVC,10,1,23,1,6,7,11,4,1,11.96
101045,BIZ_BANK,18,1,14,1,4,6,15,4,1,13.99
101012,DEPOSIT,6,1,8,1,4,4,16,5,1,7.84
101056,CUST_SVC,10,1,12,1,4,2,12,3,0,21.98
101078,FIXED_DEP,15,1,18,1,10,6,9,4,1,40.24
101045,CREDIT_CARD,12,1,30,1,8,4,10,3,1,33.02
101012,BIZ_BANK,18,0,51,1,15,3,16,1,1,90.0
101056,INSURANCE,20,1,11,1,4,4,14,5,1,20.11
101033,INSURANCE,20,1,12,1,4,2,13,1,0,44.88
101056,REMITTANCE,10,1,5,1,9,5,9,3,1,17.18
101033,INSURANCE,20,0,13,1,3,5,9,3,1,12.37
101045,CUST_SVC,10,0,23,1,10,4,15,1,1,35.85
101056,WITHDRAW,5,1,42,1,11,6,9,5,1,11.03
101078,LOAN,30,1,13,1,4,6,15,3,1,19.44
101045,CUST_SVC,10,0,1,1,0,4,9,3,1,1.28
101056,INSURANCE,20,1,2,1,2,3,12,5,0,21.61
101056,CUST_SVC,10,1,6,1,5,3,13,4,0,14.11
101045,CUST_SVC,10,1,21,1,8,5,11,1,1,24.44
101045,ACC_OPEN,25,1,6,1,4,5,10,3,1,18.42
101056,FIXED_DEP,15,1,21,1,5,6,14,1,1,16.89
101033,DEPOSIT,6,0,23,1,5,3,16,1,1,8.13
101056,FIXED_DEP,15,0,13,0,3,7,14,4,1,4.0
101056,LOAN,30,1,2,1,7,5,10,2,1,49.13
101033,CREDIT_CARD,12,1,25,1,11,6,14,1,1,22.48
101012,BIZ_BANK,18,0,5,1,2,5,14,4,1,6.22
101078,CUST_SVC,10,1,11,1,1,2,13,3,0,6.76
101012,INVEST,22,1,23,1,6,5,9,3,1,19.91
101033,BIZ_BANK,18,1,17,1,3,4,9,3,1,20.71
101033,CREDIT_CARD,12,1,6,1,0,5,14,3,1,1.18
101012,INSURANCE,20,1,23,1,5,6,11,3,1,15.64
101078,INVEST,22,0,11,1,8,7,10,1,1,39.81
101033,CREDIT_CARD,12,1,4,1,7,5,16,5,1,15.32
101045,LOAN,30,1,21,1,5,4,13,1,0,28.79
101033,CUST_SVC,10,0,15,1,6,3,16,1,1,17.17
101045,ACC_OPEN,25,0,15,1,2,4,13,5,0,11.32
101012,CREDIT_CARD,12,0,5,1,15,5,11,1,1,24.56
101033,ACC_OPEN,25,0,8,1,1,4,13,3,0,5.28
101033,LOAN,30,0,17,1,4,4,15,2,1,29.45
101056,CUST_SVC,10,1,5,1,9,4,10,5,1,24.86
101012,DEPOSIT,6,1,2,1,2,4,13,2,0,2.61
101033,DEPOSIT,6,1,17,1,3,4,15,4,1,0.84
101078,CUST_SVC,10,0,1,1,1,2,12,4,0,4.76
101045,REMITTANCE,10,1,18,1,9,7,9,4,1,18.8
101045,REMITTANCE,10,1,3,1,5,7,9,2,1,5.38
101078,CUST_SVC,10,1,27,1,7,4,16,3,1,18.2
101012,ONLINE_SUP,12,1,11,1,4,2,12,4,0,31.86
101012,FIXED_DEP,15,1,18,1,3,3,12,2,0,14.41
101045,ATM_CDM,8,0,27,1,8,2,13,5,0,41.82
101033,CREDIT_CARD,12,1,17,1,6,3,13,5,0,11.75
101045,CUST_SVC,10,1,19,1,4,3,13,1,0,16.5
101078,WITHDRAW,5,1,3,1,2,2,12,3,0,7.82
101078,DEPOSIT,6,1,11,1,2,6,9,5,1,3.08
101045,CREDIT_CARD,12,1,23,1,6,4,16,1,1,19.14
101078,CREDIT_CARD,12,1,4,1,3,5,16,2,1,11.08
101012,ATM_CDM,8,1,8,1,8,4,10,4,1,22.02
101078,ONLINE_SUP,12,1,3,1,1,4,14,3,1,2.48
101056,ATM_CDM,8,1,13,1,11,6,15,2,1,22.13
101045,BIZ_BANK,18,1,6,1,1,7,15,3,1,3.43
101078,FIXED_DEP,15,1,3,1,4,7,9,4,1,12.65
101045,ATM_CDM,8,0,13,1,3,6,15,5,1,3.61
101078,ACC_OPEN,25,1,4,1,3,6,16,3,1,16.64
101078,CUST_SVC,10,0,3,1,5,6,14,3,1,4.22
101078,CREDIT_CARD,12,1,4,1,3,4,12,2,0,6.06
101045,LOAN,30,0,7,1,7,4,14,1,1,36.39
101078,REMITTANCE,10,0,4,1,2,3,13,2,0,4.08
101045,ATM_CDM,8,1,18,1,4,2,12,5,0,17.39
101033,ONLINE_SUP,12,1,20,1,5,4,12,1,0,20.2
101033,ONLINE_SUP,12,1,27,1,8,6,11,2,1,20.81
101045,CUST_SVC,10,1,40,1,11,4,11,2,1,34.96
101056,DEPOSIT,6,0,7,1,4,3,13,5,0,4.96
101033,ACC_OPEN,25,0,21,1,8,6,10,3,1,44.41
101056,ATM_CDM,8,0,14,1,12,5,10,3,1,26.47
101078,ONLINE_SUP,12,1,17,1,3,8,15,5,1,5.98
101045,LOAN,30,1,2,1,1,6,11,2,1,9.18
101056,DEPOSIT,6,1,9,1,8,6,16,2,1,5.91
101012,FIXED_DEP,15,1,24,1,9,7,16,2,1,31.74
101033,DEPOSIT,6,1,5,1,3,7,11,2,1,4.41
101012,CREDIT_CARD,12,0,34,1,15,6,11,5,1,18.21
101012,INSURANCE,20,0,10,1,2,3,12,3,0,4.94
101045,ONLINE_SUP,12,0,9,1,3,5,10,4,1,6.3
101012,DEPOSIT,6,1,49,1,14,5,10,5,1,14.43
101033,ACC_OPEN,25,1,14,1,6,4,10,4,1,47.16
101033,DEPOSIT,6,1,9,1,5,6,9,4,1,4.95
101045,CREDIT_CARD,12,0,23,1,6,5,16,3,1,10.69
101045,ACC_OPEN,25,0,7,1,5,7,11,5,1,22.48
101045,WITHDRAW,5,1,14,1,4,6,14,2,1,3.18
101078,CUST_SVC,10,1,9,1,10,6,15,4,1,18.53
101012,CUST_SVC,10,1,7,1,7,7,10,1,1,11.58
101033,FIXED_DEP,15,1,6,1,7,3,12,1,0,30.74
101078,DEPOSIT,6,0,18,0,6,3,16,1,1,14.47
101012,REMITTANCE,10,1,21,1,12,4,10,2,1,34.79
101012,REMITTANCE,10,1,20,1,11,7,11,5,1,7.76
101012,ATM_CDM,8,1,11,1,11,7,10,5,1,19.32
101078,ACC_OPEN,25,1,16,1,6,3,13,3,0,44.69
101056,CREDIT_CARD,12,1,22,1,7,5,10,3,1,18.18
101056,BIZ_BANK,18,1,3,1,7,4,11,2,1,27.2
101056,INSURANCE,20,0,13,1,7,4,16,1,1,37.44
101056,ATM_CDM,8,1,26,1,16,6,10,1,1,35.07
101078,ACC_OPEN,25,1,17,1,4,8,9,3,1,6.97
101056,ONLINE_SUP,12,1,14,1,8,8,11,4,1,14.72
101033,CREDIT_CARD,12,0,9,1,10,5,10,2,1,24.34
101078,WITHDRAW,5,0,14,1,4,5,10,5,1,2.32
101078,LOAN,30,0,14,1,8,4,11,2,1,80.96
101078,CREDIT_CARD,12,1,13,1,8,4,15,1,1,33.77
101056,FIXED_DEP,15,1,12,1,9,2,13,1,0,52.48
101078,CREDIT_CARD,12,0,11,1,8,4,9,4,1,22.22
101045,CREDIT_CARD,12,0,18,1,10,4,14,1,1,33.76
101078,CREDIT_CARD,12,1,26,1,6,8,9,2,1,9.92
101056,INSURANCE,20,1,3,1,3,4,15,2,1,15.16
101045,DEPOSIT,6,1,9,1,5,4,16,3,1,8.26
101012,CUST_SVC,10,1,30,1,17,5,11,3,1,51.1
101033,INVEST,22,1,19,1,6,7,10,2,1,30.36
101033,ACC_OPEN,25,0,34,1,10,3,16,5,1,81.64
101012,CUST_SVC,10,1,9,1,17,6,15,5,1,38.09
101045,BIZ_BANK,18,1,20,1,9,4,13,5,0,34.88
101033,WITHDRAW,5,1,6,1,5,6,15,5,1,7.27
101078,LOAN,30,1,20,1,10,5,15,1,1,90.0
101045,ACC_OPEN,25,1,11,1,4,3,16,3,1,41.67
101078,INVEST,22,0,9,1,8,5,10,5,1,37.82
101045,DEPOSIT,6,0,43,0,12,5,10,1,1,25.4
101045,CUST_SVC,10,1,2,1,6,6,9,1,1,14.47
101033,DEPOSIT,6,1,3,1,2,6,14,4,1,3.62
101033,ONLINE_SUP,12,1,1,1,6,7,10,1,1,14.3
101033,CUST_SVC,10,0,15,1,2,6,9,2,1,3.48
101056,CUST_SVC,10,1,2,1,4,3,12,3,0,12.35
101045,CUST_SVC,10,1,15,1,3,3,16,5,1,9.16
101078,ACC_OPEN,25,0,14,1,4,2,12,1,0,31.6
101078,BIZ_BANK,18,0,2,1,2,2,13,2,0,20.76
101056,CUST_SVC,10,1,17,1,5,4,14,2,1,12.44
101078,CUST_SVC,10,0,15,1,3,3,16,2,1,9.06
101033,CREDIT_CARD,12,1,24,1,8,5,9,1,1,34.89
101056,FIXED_DEP,15,1,20,1,5,7,10,3,1,9.61
101078,CUST_SVC,10,1,25,1,6,4,14,5,1,11.84
101012,WITHDRAW,5,0,25,1,7,3,13,2,0,9.49
101045,CUST_SVC,10,0,13,1,4,3,16,5,1,10.22
101056,CREDIT_CARD,12,1,32,1,8,7,15,1,1,13.28
101012,DEPOSIT,6,1,27,1,6,3,12,5,0,10.9
101045,FIXED_DEP,15,1,15,1,5,2,12,4,0,37.88
101078,CUST_SVC,10,1,20,1,7,4,11,1,1,17.82
101045,DEPOSIT,6,1,5,1,5,3,16,4,1,8.32
101012,INSURANCE,20,1,33,1,11,5,15,3,1,62.55
101078,DEPOSIT,6,1,7,1,2,4,16,4,1,2.05
101033,CREDIT_CARD,12,0,28,1,9,4,10,5,1,29.2
101045,ATM_CDM,8,1,16,1,5,7,14,5,1,7.07
101033,ATM_CDM,8,0,10,1,6,5,16,1,1,6.27
101012,LOAN,30,1,16,1,16,5,16,2,1,85.18
101078,BIZ_BANK,18,0,21,1,7,5,9,5,1,18.69
101012,CUST_SVC,10,1,21,1,9,4,10,2,1,28.79
101056,LOAN,30,0,35,1,9,2,13,4,0,90.0
101056,INVEST,22,1,25,1,8,7,15,3,1,24.67
101056,CUST_SVC,10,1,2,1,7,4,10,5,1,23.34
101056,ATM_CDM,8,1,34,1,9,4,15,1,1,28.3
101012,INVEST,22,0,31,1,15,4,15,1,1,90.0
101056,ACC_OPEN,25,1,44,1,13,7,15,2,1,36.92
101045,CREDIT_CARD,12,1,1,1,5,5,14,5,1,11.0
101078,CREDIT_CARD,12,1,4,1,2,6,9,3,1,1.33
101078,REMITTANCE,10,1,2,1,4,2,13,1,0,16.36
101045,INSURANCE,20,1,2,1,6,3,13,4,0,26.19
101012,ATM_CDM,8,1,34,1,9,6,14,1,1,12.1
101012,ACC_OPEN,25,0,30,1,13,4,9,2,1,49.27
101033,ATM_CDM,8,0,5,1,3,4,16,2,1,5.85
101045,REMITTANCE,10,0,26,1,6,5,14,1,1,14.71
101078,DEPOSIT,6,1,42,1,12,7,10,1,1,17.7
101056,CUST_SVC,10,1,4,1,5,7,14,5,1,11.14
101078,ATM_CDM,8,1,29,1,7,7,9,3,1,4.45
101078,LOAN,30,1,1,1,4,3,16,3,1,50.57
101033,ACC_OPEN,25,1,13,1,4,4,10,2,1,33.49
101045,CREDIT_CARD,12,0,20,0,5,5,15,1,1,18.15
101012,CUST_SVC,10,1,8,1,3,4,12,3,0,10.35
101045,DEPOSIT,6,1,32,1,10,6,15,2,1,7.09
101045,ONLINE_SUP,12,0,9,1,5,5,9,1,1,17.07
101033,ACC_OPEN,25,1,1,1,9,6,15,3,1,57.99
101033,FIXED_DEP,15,0,18,1,7,6,15,1,1,11.98
101012,CUST_SVC,10,1,17,1,13,6,14,2,1,27.6
101056,ATM_CDM,8,1,11,1,7,3,13,2,0,20.06
101012,DEPOSIT,6,0,22,1,8,5,15,4,1,12.13
101078,CUST_SVC,10,1,13,1,3,3,16,3,1,10.66
101078,BIZ_BANK,18,0,3,1,7,6,14,4,1,23.4
101012,DEPOSIT,6,1,15,1,8,6,10,4,1,10.42
101045,LOAN,30,1,25,1,8,4,15,4,1,57.46
101033,CREDIT_CARD,12,0,19,0,7,7,9,1,1,15.03
101056,REMITTANCE,10,0,13,1,4,2,12,5,0,14.02
101012,LOAN,30,1,22,1,11,6,14,2,1,49.17
101045,BIZ_BANK,18,1,15,1,9,6,10,3,1,34.33
101033,CUST_SVC,10,1,1,1,4,3,16,2,1,24.03
101056,ATM_CDM,8,1,29,1,7,6,15,3,1,12.42
101045,INSURANCE,20,1,21,1,8,7,10,1,1,27.87
101078,ACC_OPEN,25,0,15,0,5,6,9,2,1,21.65
101078,FIXED_DEP,15,0,27,1,6,5,10,5,1,17.28
101078,WITHDRAW,5,1,4,1,1,4,13,1,0,0.0
101012,DEPOSIT,6,0,22,1,9,5,9,5,1,9.33
101012,CREDIT_CARD,12,0,53,1,15,7,10,1,1,16.91
101033,ACC_OPEN,25,1,10,1,9,5,11,2,1,64.44
101012,ONLINE_SUP,12,0,17,0,7,7,9,1,1,14.55
101078,WITHDRAW,5,1,12,1,2,8,11,4,1,1.67
101078,ACC_OPEN,25,1,10,1,7,5,9,1,1,68.61
101078,CUST_SVC,10,0,5,1,9,6,14,4,1,12.21
101012,DEPOSIT,6,1,15,1,9,6,11,3,1,5.83
101056,LOAN,30,0,15,1,6,2,13,5,0,77.01
101078,CUST_SVC,10,1,12,1,9,4,14,3,1,26.15
101078,DEPOSIT,6,0,4,0,8,7,11,3,1,8.13
101078,CUST_SVC,10,1,14,1,7,6,10,3,1,9.25
101033,BIZ_BANK,18,0,28,1,7,4,12,1,0,27.05
101033,CUST_SVC,10,0,6,1,8,3,13,2,0,16.73
101056,DEPOSIT,6,1,2,1,7,4,16,2,1,11.3
101078,REMITTANCE,10,0,14,1,4,5,14,3,1,9.09
101045,REMITTANCE,10,1,2,1,10,4,15,5,1,26.86
101045,LOAN,30,1,4,1,5,5,10,4,1,52.25
101033,INVEST,22,1,17,1,12,6,16,1,1,31.07
101056,ATM_CDM,8,0,37,1,12,5,15,1,1,6.98
101078,LOAN,30,1,17,1,3,4,14,4,1,37.8
101045,INSURANCE,20,0,18,0,4,7,11,1,1,11.65
101045,ATM_CDM,8,1,13,1,3,3,16,1,1,5.4
101033,ACC_OPEN,25,1,2,1,3,4,13,5,0,25.02
101045,BIZ_BANK,18,1,1,1,3,6,9,3,1,15.68
101012,CUST_SVC,10,0,8,1,2,4,12,2,0,1.28
101078,WITHDRAW,5,1,16,1,6,6,11,4,1,5.65
101012,CUST_SVC,10,0,2,1,1,3,12,3,0,2.46
101078,ATM_CDM,8,0,13,0,6,5,11,4,1,18.95
101078,ATM_CDM,8,1,8,1,0,2,13,1,0,0.97
101033,ATM_CDM,8,1,25,1,7,5,16,5,1,10.03
101045,CREDIT_CARD,12,1,13,1,6,5,16,2,1,17.55
101078,ACC_OPEN,25,0,3,0,9,7,15,2,1,24.83
101033,CREDIT_CARD,12,1,3,1,1,2,12,5,0,4.01
101045,ONLINE_SUP,12,1,24,1,5,6,14,2,1,13.95
101033,CUST_SVC,10,0,25,1,11,5,11,1,1,30.09
101045,WITHDRAW,5,1,27,1,7,8,9,5,1,5.44
101033,ATM_CDM,8,1,19,1,6,4,14,1,1,13.72
101045,CREDIT_CARD,12,0,4,1,4,6,9,2,1,9.53
101033,ATM_CDM,8,1,12,1,8,5,16,2,1,7.79
101045,ATM_CDM,8,1,12,1,7,5,10,4,1,15.93
101012,ACC_OPEN,25,1,25,1,6,6,14,3,1,22.79
101078,DEPOSIT,6,1,6,1,6,5,10,4,1,6.55
101033,DEPOSIT,6,1,7,1,5,7,9,5,1,3.44
101012,INSURANCE,20,0,7,0,5,8,11,1,1,21.24
101033,INSURANCE,20,0,22,1,8,6,10,5,1,21.1
101045,CUST_SVC,10,0,18,1,4,4,15,4,1,10.01
101056,LOAN,30,1,15,1,10,6,11,1,1,28.34
101012,CUST_SVC,10,1,9,1,2,2,13,2,0,8.09
101078,LOAN,30,1,19,1,8,6,15,1,1,65.19
101056,CUST_SVC,10,0,14,1,3,4,12,2,0,2.19
101056,CUST_SVC,10,1,19,1,5,5,11,4,1,13.27
101056,DEPOSIT,6,1,41,1,12,5,10,5,1,19.18
101012,ACC_OPEN,25,1,41,1,12,7,15,4,1,59.06
101045,DEPOSIT,6,1,10,1,4,4,12,5,0,6.44
101045,ACC_OPEN,25,1,17,1,10,7,15,2,1,42.53
101078,FIXED_DEP,15,1,9,1,3,3,12,1,0,14.27
101012,INSURANCE,20,1,19,1,5,4,13,1,0,23.47
101078,CUST_SVC,10,0,15,0,7,4,14,1,1,6.97
101078,BIZ_BANK,18,1,3,1,6,7,14,2,1,19.77
101056,DEPOSIT,6,0,2,1,10,6,10,1,1,10.31
101012,CUST_SVC,10,0,1,1,3,3,13,1,0,9.63
101045,ATM_CDM,8,1,14,1,2,6,14,4,1,2.02
101033,REMITTANCE,10,1,18,1,3,6,11,1,1,6.35
101056,ACC_OPEN,25,1,8,1,6,4,11,3,1,31.03
101056,INVEST,22,1,22,1,7,6,9,4,1,37.25
101012,ATM_CDM,8,1,18,1,10,4,9,2,1,11.43
101078,LOAN,30,1,34,1,14,4,10,1,1,90.0
101056,CUST_SVC,10,0,1,1,2,2,13,4,0,8.92
101078,BIZ_BANK,18,1,20,1,4,4,10,5,1,22.49
101045,CUST_SVC,10,1,18,1,14,6,15,2,1,27.8
101056,ATM_CDM,8,1,25,1,8,4,10,4,1,20.81
101045,ONLINE_SUP,12,1,26,1,7,4,15,4,1,22.86
101012,INSURANCE,20,1,32,1,10,6,9,5,1,53.63
101078,ATM_CDM,8,0,1,1,11,5,10,1,1,19.55
101012,DEPOSIT,6,1,23,1,8,6,10,1,1,15.07
101056,ATM_CDM,8,0,18,1,7,5,14,2,1,13.97
101045,CUST_SVC,10,1,36,1,11,7,9,1,1,24.87
101033,FIXED_DEP,15,1,13,1,4,4,10,3,1,15.82
101033,CUST_SVC,10,1,9,1,4,4,12,1,0,12.57
101012,DEPOSIT,6,1,5,1,9,3,13,2,0,17.83
101033,CUST_SVC,10,1,27,1,6,6,10,1,1,15.67
101012,INSURANCE,20,1,8,1,10,6,10,2,1,28.69
101012,ATM_CDM,8,1,8,1,0,4,9,4,1,1.37
101033,FIXED_DEP,15,1,15,1,6,6,9,2,1,18.9
101056,INVEST,22,1,16,1,3,4,16,4,1,10.09
101078,ACC_OPEN,25,1,7,1,4,2,12,5,0,56.37
101033,BIZ_BANK,18,1,23,1,8,6,15,2,1,27.87
101033,INSURANCE,20,1,36,1,9,5,10,1,1,47.3
101012,WITHDRAW,5,1,19,1,7,4,14,1,1,13.0
101078,DEPOSIT,6,0,7,1,7,4,10,4,1,14.88
101056,INSURANCE,20,1,17,1,7,4,11,5,1,45.85
101078,CREDIT_CARD,12,1,17,1,4,4,9,3,1,12.25
101045,ATM_CDM,8,1,8,1,8,6,15,5,1,17.69
101045,CUST_SVC,10,1,12,1,8,5,10,2,1,16.06
101012,CUST_SVC,10,1,7,1,7,4,10,4,1,21.03
101012,REMITTANCE,10,1,38,1,10,5,10,3,1,20.92
101078,CUST_SVC,10,1,15,1,9,5,15,1,1,14.28
101078,ONLINE_SUP,12,1,23,1,10,6,15,1,1,21.61
101033,ATM_CDM,8,1,22,1,8,5,11,1,1,19.38
101078,ATM_CDM,8,1,22,1,7,3,12,2,0,7.01
101078,REMITTANCE,10,1,29,1,8,6,9,3,1,15.04
101056,ATM_CDM,8,1,27,1,8,7,14,4,1,11.82
101045,DEPOSIT,6,0,13,1,4,4,14,4,1,3.52
101012,ATM_CDM,8,1,34,1,9,6,15,5,1,15.5
101056,LOAN,30,0,26,1,7,5,11,1,1,57.83
101045,ATM_CDM,8,1,13,1,6,6,10,1,1,10.71
101033,CREDIT_CARD,12,1,25,1,6,6,10,2,1,15.17
101012,DEPOSIT,6,1,8,1,1,3,12,2,0,1.32
101012,FIXED_DEP,15,1,21,1,10,6,10,4,1,31.16
101045,ACC_OPEN,25,1,11,1,1,3,16,3,1,7.32
101056,DEPOSIT,6,1,19,1,13,7,10,2,1,18.7
101012,ATM_CDM,8,1,9,1,2,3,13,5,0,3.89
101078,ATM_CDM,8,0,8,1,2,8,15,4,1,1.92
101033,INSURANCE,20,1,22,1,7,5,14,2,1,36.15
101012,ATM_CDM,8,0,25,0,10,6,9,4,1,14.25
101012,CREDIT_CARD,12,1,20,1,5,6,11,2,1,14.17
101078,ATM_CDM,8,1,9,1,8,7,15,2,1,10.84
101033,CREDIT_CARD,12,0,14,0,3,6,9,3,1,9.45
101078,ATM_CDM,8,1,8,1,5,2,12,5,0,22.34
101078,ATM_CDM,8,1,32,1,8,3,13,5,0,17.3
101045,ACC_OPEN,25,1,8,1,5,6,10,2,1,28.96
101012,BIZ_BANK,18,1,10,1,1,2,13,3,0,10.88
101045,LOAN,30,0,9,0,6,6,9,1,1,35.45
101056,BIZ_BANK,18,1,22,1,8,5,15,2,1,25.07
101078,CREDIT_CARD,12,1,22,1,5,8,14,3,1,14.34
101033,CUST_SVC,10,1,29,1,8,6,11,1,1,16.7
101045,CREDIT_CARD,12,1,19,1,6,7,9,4,1,14.59
101078,WITHDRAW,5,1,7,1,4,8,11,3,1,2.45
101033,FIXED_DEP,15,1,15,1,6,6,11,2,1,28.2
101056,INSURANCE,20,1,4,1,13,5,11,2,1,89.08
101045,ACC_OPEN,25,1,5,1,2,3,13,1,0,14.32
101045,ONLINE_SUP,12,0,16,1,10,6,11,3,1,19.26
101056,REMITTANCE,10,1,22,1,8,5,14,2,1,16.56
101045,INSURANCE,20,1,3,1,5,6,9,4,1,20.17
101045,INSURANCE,20,1,9,1,1,2,12,4,0,7.88
101033,ATM_CDM,8,1,20,1,7,6,9,3,1,11.19
101033,INVEST,22,0,46,1,14,6,15,1,1,47.41
101078,ATM_CDM,8,1,11,1,10,5,10,1,1,25.88
101045,DEPOSIT,6,1,12,1,6,6,11,4,1,8.89
101056,ONLINE_SUP,12,1,7,1,7,6,9,4,1,13.12
101045,REMITTANCE,10,1,12,1,8,5,9,3,1,15.17
101056,DEPOSIT,6,0,7,1,6,6,10,2,1,5.32
101033,DEPOSIT,6,1,11,1,11,6,10,5,1,18.29
101045,CUST_SVC,10,1,2,1,4,5,14,2,1,5.66
101078,CREDIT_CARD,12,0,24,1,5,6,15,5,1,10.7
101078,ATM_CDM,8,1,8,1,4,3,13,3,0,12.07
101012,WITHDRAW,5,1,9,1,8,4,11,3,1,13.68
101045,DEPOSIT,6,0,24,0,7,4,9,1,1,9.97
101056,CREDIT_CARD,12,1,20,1,7,4,13,2,0,23.41
101045,CUST_SVC,10,0,9,1,5,4,13,4,0,11.13
101033,CUST_SVC,10,1,17,1,4,2,12,3,0,24.44
101045,BIZ_BANK,18,0,3,1,3,8,15,4,1,3.34
101056,DEPOSIT,6,0,8,0,9,7,11,1,1,9.58
101033,LOAN,30,1,20,1,7,8,10,3,1,22.65
101078,LOAN,30,1,12,1,5,5,11,1,1,34.02
101012,ACC_OPEN,25,1,13,1,18,6,10,1,1,90.0
101012,LOAN,30,1,24,1,8,5,15,3,1,30.06
101012,INSURANCE,20,1,16,1,7,6,11,2,1,32.98
101012,ONLINE_SUP,12,0,29,0,7,7,14,5,1,10.75
101033,CUST_SVC,10,0,22,1,10,5,10,5,1,12.75
101033,DEPOSIT,6,1,11,1,6,4,9,4,1,11.16
101012,BIZ_BANK,18,1,10,1,11,5,10,1,1,28.54
101033,CUST_SVC,10,1,17,1,3,4,14,4,1,7.26
101056,CREDIT_CARD,12,0,9,1,3,3,13,2,0,11.84
101033,ATM_CDM,8,0,4,1,9,6,15,1,1,6.73
101056,LOAN,30,0,3,1,7,6,11,1,1,42.63
101045,CUST_SVC,10,1,28,1,15,5,16,5,1,47.79
101012,CUST_SVC,10,1,23,1,9,6,16,4,1,19.65
101012,WITHDRAW,5,0,28,1,7,6,16,1,1,4.28
101056,DEPOSIT,6,0,10,1,6,6,10,3,1,5.16
101045,DEPOSIT,6,1,11,1,3,2,12,3,0,11.36
101012,INVEST,22,1,12,1,9,5,9,1,1,61.2
101045,CUST_SVC,10,1,1,1,2,2,12,1,0,9.92
101033,FIXED_DEP,15,0,6,0,5,2,12,1,0,30.55
101056,ATM_CDM,8,0,5,1,8,7,10,2,1,9.44
101045,CUST_SVC,10,1,33,1,8,8,10,1,1,5.41
101033,INVEST,22,0,10,1,4,4,14,4,1,23.73
101045,ATM_CDM,8,1,21,1,4,4,12,4,0,6.7
101012,ONLINE_SUP,12,1,24,1,6,2,12,1,0,19.22
101033,DEPOSIT,6,1,8,1,7,4,16,1,1,12.65
101078,DEPOSIT,6,0,14,1,2,3,13,3,0,2.43
101056,DEPOSIT,6,0,18,1,6,6,14,3,1,6.63
101056,CUST_SVC,10,1,13,1,9,6,14,3,1,11.56
101012,CREDIT_CARD,12,1,16,1,4,7,14,4,1,10.53
101012,ATM_CDM,8,1,29,1,9,4,10,3,1,21.66
101078,REMITTANCE,10,1,22,1,5,2,12,1,0,12.19
101045,ACC_OPEN,25,1,33,1,11,5,11,1,1,69.26
101045,CUST_SVC,10,1,24,1,5,7,15,3,1,10.14
101056,INVEST,22,1,8,1,10,5,14,1,1,64.17
101056,LOAN,30,1,4,1,5,2,13,1,0,82.98
101033,DEPOSIT,6,1,2,1,5,3,16,5,1,10.04
101012,CREDIT_CARD,12,1,16,1,5,8,15,4,1,9.95
101056,LOAN,30,1,5,1,3,4,12,2,0,15.53
101078,CUST_SVC,10,1,7,1,5,5,15,1,1,12.23
101033,CUST_SVC,10,0,11,0,13,2,13,1,0,52.96
101045,DEPOSIT,6,1,1,1,0,6,16,3,1,0.79
101045,DEPOSIT,6,0,7,1,4,5,9,4,1,6.43
101012,ACC_OPEN,25,1,42,1,12,6,10,1,1,51.74
101033,ATM_CDM,8,1,17,1,10,5,11,2,1,12.47
101033,ATM_CDM,8,1,3,1,3,4,9,4,1,9.55
101033,FIXED_DEP,15,1,4,1,6,2,13,2,0,51.19
101012,DEPOSIT,6,1,19,1,6,3,13,1,0,13.46
101045,CUST_SVC,10,1,7,1,4,5,11,1,1,8.86
101012,ATM_CDM,8,1,7,1,5,4,14,5,1,4.78
101045,LOAN,30,1,33,1,8,5,9,4,1,54.4
101045,DEPOSIT,6,1,17,1,10,5,15,3,1,6.33
101056,LOAN,30,1,4,1,8,4,10,5,1,90.0
101012,CUST_SVC,10,1,3,1,9,5,14,2,1,21.94
101045,REMITTANCE,10,0,5,0,2,3,13,4,0,7.31
101033,DEPOSIT,6,1,13,1,5,2,13,4,0,7.36
101056,DEPOSIT,6,0,38,1,10,8,9,1,1,8.94
101012,INSURANCE,20,1,26,1,9,5,16,5,1,21.84
101056,INSURANCE,20,1,16,1,4,3,12,2,0,25.17
101078,BIZ_BANK,18,1,10,1,7,6,11,3,1,11.45
101078,DEPOSIT,6,1,22,1,10,4,15,1,1,17.39
101045,REMITTANCE,10,0,5,1,9,6,14,1,1,10.7
101078,DEPOSIT,6,1,11,1,3,3,13,4,0,2.94
101033,LOAN,30,0,2,1,1,3,13,2,0,6.26
101033,WITHDRAW,5,1,34,1,9,5,10,2,1,12.97
101078,ATM_CDM,8,1,5,1,2,5,15,4,1,4.04
101045,ATM_CDM,8,1,6,1,7,8,9,3,1,7.34
101056,LOAN,30,0,25,1,10,8,9,1,1,20.8
101045,ATM_CDM,8,1,17,1,4,3,13,2,0,9.55
101078,BIZ_BANK,18,0,2,1,6,5,11,3,1,20.82
101078,DEPOSIT,6,1,24,1,7,5,10,3,1,7.22
101056,CUST_SVC,10,1,21,1,9,4,16,5,1,26.39
101033,CREDIT_CARD,12,1,12,1,2,4,10,2,1,9.68
101033,BIZ_BANK,18,1,30,1,8,5,11,5,1,29.41
101056,DEPOSIT,6,1,1,1,7,5,11,1,1,11.62
101045,ACC_OPEN,25,0,11,1,4,8,14,2,1,13.61
101033,REMITTANCE,10,1,24,1,6,8,10,3,1,11.8
101012,DEPOSIT,6,1,15,1,3,7,9,4,1,3.67
101033,ATM_CDM,8,1,15,1,3,4,11,2,1,7.36
101012,INSURANCE,20,1,21,1,4,2,13,4,0,34.31
101012,DEPOSIT,6,0,36,0,11,4,16,5,1,22.79
101078,CUST_SVC,10,1,8,1,5,4,11,4,1,12.79
101012,ONLINE_SUP,12,1,14,1,8,5,10,5,1,22.88
101012,CREDIT_CARD,12,1,25,1,16,6,10,5,1,42.79
101078,FIXED_DEP,15,1,2,1,6,7,14,2,1,12.33
101012,ATM_CDM,8,0,5,1,8,7,10,5,1,5.02
101045,ATM_CDM,8,1,18,1,3,4,9,1,1,8.33
101056,DEPOSIT,6,1,16,1,5,4,13,4,0,5.56
101033,BIZ_BANK,18,1,25,1,6,6,14,3,1,12.28
101012,ATM_CDM,8,1,34,1,14,5,10,5,1,33.1
101078,ATM_CDM,8,1,5,1,6,5,9,2,1,8.75
101078,LOAN,30,0,4,0,3,5,10,1,1,25.32
101012,DEPOSIT,6,1,35,1,9,6,16,1,1,11.76
101012,CUST_SVC,10,0,20,1,6,6,11,1,1,9.96
101012,CUST_SVC,10,1,21,1,6,5,14,3,1,13.85
101012,BIZ_BANK,18,1,26,1,8,5,16,4,1,14.78
101012,CREDIT_CARD,12,0,3,1,9,6,11,5,1,14.09
101045,ATM_CDM,8,1,13,1,3,7,9,5,1,4.76
101078,CREDIT_CARD,12,1,14,1,9,8,15,2,1,11.12
101045,LOAN,30,1,14,1,12,7,10,5,1,60.09
101012,ATM_CDM,8,1,11,1,11,6,15,1,1,17.65
101012,CUST_SVC,10,1,25,1,6,4,16,2,1,21.75
101012,LOAN,30,0,18,1,9,7,14,1,1,21.31
101033,INSURANCE,20,0,9,1,5,6,14,5,1,10.97
101012,BIZ_BANK,18,1,21,1,20,7,15,1,1,39.21
101033,BIZ_BANK,18,0,17,1,7,4,12,1,0,31.25
101056,CUST_SVC,10,1,24,1,10,4,15,3,1,17.04
101012,BIZ_BANK,18,0,5,0,15,5,14,2,1,86.8
101012,BIZ_BANK,18,1,1,1,3,6,14,3,1,8.43
101056,CREDIT_CARD,12,1,46,1,15,7,10,1,1,29.79
101056,WITHDRAW,5,1,19,1,10,5,9,2,1,10.38
101045,BIZ_BANK,18,1,17,1,5,5,11,1,1,19.81
101078,CUST_SVC,10,1,27,1,6,6,16,1,1,18.01
101056,CREDIT_CARD,12,1,7,1,12,7,10,4,1,29.22
101045,DEPOSIT,6,1,20,1,4,6,16,2,1,4.7
101033,BIZ_BANK,18,1,18,1,5,4,13,4,0,30.56
101045,FIXED_DEP,15,0,8,1,2,3,12,1,0,6.86
101056,WITHDRAW,5,1,4,1,17,6,15,1,1,21.61
101078,CUST_SVC,10,1,24,1,5,7,10,5,1,6.42
101033,ONLINE_SUP,12,1,18,1,7,7,14,5,1,17.57
101056,INSURANCE,20,0,30,1,7,6,10,3,1,19.54
101012,FIXED_DEP,15,0,8,1,8,4,16,3,1,32.26
101056,LOAN,30,1,18,1,12,4,13,5,0,90.0
101056,FIXED_DEP,15,1,11,1,9,7,16,3,1,15.25
101045,BIZ_BANK,18,0,10,1,5,6,15,5,1,15.16
101056,CUST_SVC,10,0,18,1,8,8,14,4,1,6.84
101045,ONLINE_SUP,12,1,6,1,5,5,11,4,1,12.88
101078,REMITTANCE,10,1,24,1,10,4,10,3,1,38.31
101056,BIZ_BANK,18,1,29,1,9,8,11,2,1,17.28
101078,ONLINE_SUP,12,0,23,1,8,6,11,1,1,19.36
101045,CREDIT_CARD,12,0,7,1,1,5,11,4,1,3.05
101012,WITHDRAW,5,1,25,1,9,6,9,4,1,7.91
101033,INVEST,22,1,22,1,11,6,10,1,1,61.36
101012,ACC_OPEN,25,1,16,1,7,4,10,2,1,30.99
101078,REMITTANCE,10,1,21,1,6,4,9,5,1,17.69
101056,ACC_OPEN,25,1,5,1,4,3,12,1,0,34.01
101033,CREDIT_CARD,12,0,1,0,1,4,16,2,1,5.83
101056,FIXED_DEP,15,1,11,1,6,5,14,5,1,16.46
101045,LOAN,30,0,18,1,4,5,11,3,1,21.82
101012,ATM_CDM,8,0,7,1,8,4,10,4,1,12.42
101045,ONLINE_SUP,12,0,17,1,3,3,12,2,0,10.72
101033,DEPOSIT,6,1,21,1,8,4,16,4,1,13.68
101056,ATM_CDM,8,0,27,1,6,5,16,2,1,6.51
101056,LOAN,30,1,13,1,8,2,12,1,0,90.0
101033,ATM_CDM,8,1,10,1,8,3,12,1,0,14.03
101045,ACC_OPEN,25,0,12,1,1,4,13,3,0,3.07
101078,BIZ_BANK,18,1,20,1,5,6,11,5,1,16.89
101033,ONLINE_SUP,12,1,29,1,8,6,16,5,1,25.84
101045,FIXED_DEP,15,0,10,1,6,3,13,1,0,16.44
101033,CUST_SVC,10,0,19,0,11,7,15,4,1,18.08
101045,FIXED_DEP,15,0,18,1,5,7,9,4,1,11.24
101012,DEPOSIT,6,1,10,1,5,4,16,1,1,10.07
101078,ATM_CDM,8,0,8,1,1,3,12,3,0,3.4
101045,CREDIT_CARD,12,0,26,1,9,6,16,1,1,18.92
101012,CUST_SVC,10,1,8,1,9,3,13,1,0,32.07
101045,DEPOSIT,6,0,20,0,5,5,10,5,1,8.0
101056,ATM_CDM,8,0,16,1,6,3,13,2,0,15.05
101056,ATM_CDM,8,1,1,1,6,2,12,3,0,32.46
101045,CREDIT_CARD,12,1,18,1,3,4,10,2,1,15.22
101078,CUST_SVC,10,1,28,1,10,5,9,5,1,22.71
101033,DEPOSIT,6,1,6,1,9,8,9,3,1,10.72
101045,REMITTANCE,10,0,1,1,2,3,13,4,0,5.94
101045,DEPOSIT,6,1,1,1,7,6,9,1,1,6.74
101078,FIXED_DEP,15,1,10,1,10,6,16,2,1,27.14
101033,LOAN,30,0,27,1,7,5,15,5,1,34.8
101056,ATM_CDM,8,0,6,1,6,6,15,2,1,8.48
101033,ONLINE_SUP,12,0,13,1,3,3,13,1,0,8.81
101012,CREDIT_CARD,12,1,25,1,13,7,15,3,1,26.27
101045,INSURANCE,20,0,28,1,7,4,14,1,1,24.31
101078,BIZ_BANK,18,1,19,1,8,4,15,1,1,23.35
101012,CREDIT_CARD,12,1,6,1,4,4,13,2,0,11.23
101078,ATM_CDM,8,1,7,1,3,4,14,5,1,10.07
101033,CREDIT_CARD,12,0,38,1,11,5,10,4,1,29.93
101033,CUST_SVC,10,1,7,1,5,4,10,2,1,7.79
101012,REMITTANCE,10,1,21,1,7,4,13,1,0,22.42
101033,CUST_SVC,10,1,9,1,7,4,15,4,1,22.69
101056,ATM_CDM,8,0,23,1,5,3,13,2,0,11.05
101012,ATM_CDM,8,0,2,0,9,7,15,2,1,7.82
101045,ACC_OPEN,25,1,22,1,6,6,10,4,1,15.14
101012,DEPOSIT,6,0,7,0,9,5,11,1,1,9.15
101078,CREDIT_CARD,12,1,6,1,3,4,11,3,1,9.47
101012,ATM_CDM,8,1,8,1,10,3,16,3,1,26.24
101078,LOAN,30,1,12,1,5,4,13,1,0,51.3
101045,CREDIT_CARD,12,1,17,1,13,8,15,5,1,21.77
101033,DEPOSIT,6,0,2,1,3,5,16,3,1,3.64
101033,CUST_SVC,10,1,5,1,6,4,16,1,1,22.24
101045,ACC_OPEN,25,0,4,1,1,6,10,2,1,2.36
101078,ATM_CDM,8,1,3,1,5,6,11,2,1,10.42
101033,CUST_SVC,10,1,26,1,7,5,15,2,1,20.49
101012,DEPOSIT,6,1,34,1,15,6,9,5,1,18.36
101012,LOAN,30,1,35,1,11,6,11,4,1,87.7
101033,LOAN,30,1,5,1,3,4,9,5,1,22.31
101056,REMITTANCE,10,0,13,1,8,4,16,1,1,18.58
101056,LOAN,30,1,11,1,6,5,15,2,1,47.08
101078,DEPOSIT,6,1,14,1,5,5,9,1,1,4.8
101012,FIXED_DEP,15,1,16,1,9,4,10,1,1,45.51
101033,CUST_SVC,10,1,4,1,10,4,13,5,0,28.82
101078,DEPOSIT,6,0,1,1,6,5,9,1,1,6.99
101056,INVEST,22,1,4,1,3,2,13,2,0,19.2
101078,INVEST,22,1,9,1,4,5,9,5,1,12.4
101045,ATM_CDM,8,1,6,1,6,3,16,1,1,16.41
101012,ATM_CDM,8,1,33,1,10,7,9,5,1,12.88
101033,CREDIT_CARD,12,1,31,1,10,5,16,1,1,26.33
101045,INVEST,22,0,5,1,4,4,11,5,1,17.12
101045,CUST_SVC,10,0,14,1,10,6,9,1,1,12.72
101045,CUST_SVC,10,1,18,1,5,6,15,1,1,9.73
101078,INSURANCE,20,1,1,1,2,4,16,3,1,7.19
101056,DEPOSIT,6,1,15,1,7,4,9,3,1,9.87
101078,CUST_SVC,10,1,3,1,8,6,9,3,1,16.23
101056,ACC_OPEN,25,1,28,1,7,6,14,4,1,52.56
101033,CUST_SVC,10,1,31,1,10,5,10,4,1,25.32
101012,BIZ_BANK,18,0,1,1,4,4,9,4,1,17.72
101078,INSURANCE,20,1,9,1,4,5,9,4,1,15.58
101045,DEPOSIT,6,1,16,1,8,6,10,1,1,4.78
101033,DEPOSIT,6,1,32,1,11,4,9,1,1,31.15
101012,DEPOSIT,6,1,3,1,7,4,12,4,0,7.51
101078,ATM_CDM,8,1,10,1,10,8,10,3,1,9.07
101012,CUST_SVC,10,0,15,1,2,3,12,1,0,6.22
101045,INVEST,22,0,9,0,2,6,11,1,1,15.47
101033,ATM_CDM,8,1,12,1,3,5,14,4,1,6.96
101012,ACC_OPEN,25,1,11,1,11,6,14,1,1,46.65
101033,ACC_OPEN,25,0,24,1,10,5,14,5,1,45.25
101045,REMITTANCE,10,1,20,1,6,7,15,5,1,8.04
101012,INSURANCE,20,1,2,1,9,8,9,4,1,29.08
101033,REMITTANCE,10,1,41,1,11,6,15,2,1,24.83
101033,ACC_OPEN,25,1,29,1,8,4,11,1,1,53.85
101045,CREDIT_CARD,12,0,10,1,5,3,12,1,0,22.97
101056,DEPOSIT,6,1,2,1,6,2,13,5,0,11.4
101045,CREDIT_CARD,12,1,14,1,2,6,11,2,1,4.23
101033,LOAN,30,1,15,1,9,5,10,3,1,83.89
101012,LOAN,30,0,12,1,9,4,10,4,1,29.38
101056,REMITTANCE,10,0,22,1,12,4,11,2,1,28.57
101012,BIZ_BANK,18,0,15,1,14,4,15,2,1,60.33
101012,BIZ_BANK,18,1,12,1,5,2,12,1,0,51.39
101045,CUST_SVC,10,0,1,1,6,8,11,1,1,7.79
101056,DEPOSIT,6,0,4,0,9,8,14,2,1,5.64
101033,CUST_SVC,10,0,7,1,11,7,9,2,1,16.49
101045,CREDIT_CARD,12,0,18,1,4,5,10,4,1,13.81
101045,ONLINE_SUP,12,0,14,1,7,5,16,1,1,19.06
101012,CREDIT_CARD,12,0,5,1,13,2,13,1,0,68.04
101012,INVEST,22,1,12,1,2,2,12,1,0,31.46
101078,CREDIT_CARD,12,1,24,1,6,4,12,1,0,12.84
101056,INVEST,22,0,26,1,8,7,14,1,1,29.43
101012,REMITTANCE,10,1,16,1,6,5,14,5,1,13.26
101033,DEPOSIT,6,1,36,1,14,4,9,1,1,21.45
101012,LOAN,30,1,31,1,8,6,15,2,1,60.69
101078,CREDIT_CARD,12,1,4,1,6,3,13,1,0,31.79
101045,FIXED_DEP,15,1,31,1,8,4,9,5,1,50.83
101078,REMITTANCE,10,0,2,1,6,6,11,1,1,7.73
101078,ATM_CDM,8,0,1,0,0,2,13,5,0,0.75
101012,REMITTANCE,10,1,7,1,6,4,12,4,0,12.16
101033,BIZ_BANK,18,1,17,1,5,4,13,3,0,21.54
101033,ONLINE_SUP,12,1,14,1,5,6,11,4,1,6.13
101012,INSURANCE,20,1,5,1,14,4,10,1,1,90.0
101045,INSURANCE,20,0,3,1,3,2,13,4,0,16.77
101033,ACC_OPEN,25,1,7,1,1,4,12,1,0,7.1
101012,CREDIT_CARD,12,1,12,1,8,4,9,5,1,27.48
101056,REMITTANCE,10,1,18,1,11,5,10,2,1,25.85
101056,ACC_OPEN,25,1,20,1,10,5,10,1,1,55.79
101056,ATM_CDM,8,1,31,1,13,7,14,1,1,12.85
101056,CREDIT_CARD,12,0,5,1,0,4,13,2,0,1.13
101045,ONLINE_SUP,12,1,28,1,7,4,16,2,1,25.17
101012,CUST_SVC,10,0,11,1,5,5,14,4,1,9.46
101056,ATM_CDM,8,0,23,1,8,4,12,1,0,16.46
101056,BIZ_BANK,18,0,23,1,7,5,10,4,1,19.59
101045,DEPOSIT,6,1,33,1,11,4,11,2,1,25.79
101056,DEPOSIT,6,1,16,1,10,5,11,5,1,8.1
101033,ONLINE_SUP,12,1,41,1,16,7,10,1,1,27.46
101033,WITHDRAW,5,1,39,1,10,6,10,5,1,11.51
101012,LOAN,30,1,5,1,11,5,10,1,1,57.15
101078,DEPOSIT,6,1,5,1,6,8,15,1,1,8.67
101078,BIZ_BANK,18,1,8,1,10,4,15,4,1,54.72
101078,LOAN,30,0,16,1,3,2,12,2,0,41.03
101033,DEPOSIT,6,0,26,1,6,4,15,4,1,6.86
101045,INVEST,22,1,17,1,8,8,14,2,1,35.01
101078,WITHDRAW,5,0,29,1,7,6,10,3,1,5.73
101012,BIZ_BANK,18,1,45,1,13,4,14,4,1,80.27
101056,BIZ_BANK,18,1,21,1,10,4,16,1,1,50.77
101012,DEPOSIT,6,1,21,1,7,7,11,5,1,4.28
101045,INVEST,22,0,3,1,1,4,15,1,1,6.51
101056,CREDIT_CARD,12,1,3,1,1,3,12,4,0,6.31
101033,DEPOSIT,6,0,3,0,9,7,10,2,1,8.81
101078,REMITTANCE,10,1,5,1,0,5,16,2,1,0.8
101012,INSURANCE,20,0,24,1,12,5,10,1,1,40.37
101045,BIZ_BANK,18,1,28,1,7,5,14,2,1,27.38
101056,DEPOSIT,6,0,4,0,8,6,10,5,1,6.9
101045,DEPOSIT,6,0,4,0,5,5,16,5,1,7.39
101056,DEPOSIT,6,1,6,1,8,6,11,3,1,10.32
101078,INSURANCE,20,1,2,1,2,2,13,4,0,20.45
101056,DEPOSIT,6,1,3,1,8,3,13,1,0,15.38
101012,CREDIT_CARD,12,0,2,1,7,4,14,2,1,7.75
101012,LOAN,30,1,11,1,2,7,9,4,1,7.28
101078,INSURANCE,20,1,17,1,5,6,9,4,1,22.23
101056,ATM_CDM,8,1,25,1,8,2,12,3,0,34.16
101033,CUST_SVC,10,0,3,1,4,4,13,1,0,8.8
101012,FIXED_DEP,15,1,18,1,4,6,11,2,1,8.29
101012,ATM_CDM,8,1,16,1,3,4,9,4,1,8.56
101045,BIZ_BANK,18,1,10,1,3,6,11,2,1,6.62
101056,ATM_CDM,8,1,9,1,5,3,16,4,1,9.19
101033,ATM_CDM,8,1,3,1,4,3,13,1,0,11.17
101012,CREDIT_CARD,12,0,3,1,14,7,11,5,1,10.11
101045,BIZ_BANK,18,0,28,1,8,5,10,1,1,34.4
101078,ATM_CDM,8,0,28,1,7,8,10,1,1,7.71
101056,ATM_CDM,8,1,11,1,6,4,14,3,1,17.71
101033,INSURANCE,20,0,23,0,10,5,9,1,1,50.11
101056,DEPOSIT,6,1,21,1,6,4,11,2,1,10.64
101045,CREDIT_CARD,12,1,23,1,6,5,11,1,1,19.04
101045,DEPOSIT,6,0,10,1,5,7,16,2,1,4.13
101045,INVEST,22,1,4,1,4,6,10,3,1,18.3
101056,ACC_OPEN,25,1,46,1,15,7,9,5,1,64.39
101045,FIXED_DEP,15,1,4,1,3,3,12,5,0,20.37
101033,LOAN,30,0,11,0,9,4,16,2,1,75.35
101056,ACC_OPEN,25,0,9,1,5,7,14,1,1,20.74
101033,LOAN,30,0,13,1,2,3,13,1,0,14.97
101033,ACC_OPEN,25,1,23,1,5,2,12,1,0,61.3
101045,DEPOSIT,6,1,16,1,6,6,14,3,1,7.7
101056,REMITTANCE,10,1,27,1,6,3,12,5,0,17.2
101078,CUST_SVC,10,1,5,1,6,5,16,1,1,19.18
101078,CUST_SVC,10,1,19,1,8,7,9,5,1,12.21
101078,FIXED_DEP,15,0,7,1,8,4,10,4,1,21.68
101056,CUST_SVC,10,0,21,1,5,6,11,3,1,5.62
101056,BIZ_BANK,18,1,21,1,8,5,15,3,1,29.11
101045,REMITTANCE,10,1,18,1,7,4,11,5,1,12.77
101033,DEPOSIT,6,0,6,1,3,3,12,4,0,5.61
101078,WITHDRAW,5,1,7,1,4,2,13,1,0,15.27
101056,REMITTANCE,10,1,5,1,4,4,12,1,0,9.76
101045,LOAN,30,0,9,1,5,4,10,2,1,35.7
101078,CUST_SVC,10,1,24,1,12,8,15,3,1,20.54
101033,ONLINE_SUP,12,1,14,1,7,7,16,3,1,13.3
101078,ACC_OPEN,25,1,21,1,13,4,11,1,1,90.0
101078,INSURANCE,20,0,7,1,3,3,13,1,0,17.57
101056,ATM_CDM,8,0,5,1,8,6,15,3,1,12.35
101078,CUST_SVC,10,1,14,1,6,4,15,5,1,12.98
101012,INSURANCE,20,1,34,1,9,5,10,1,1,45.59
101012,DEPOSIT,6,1,11,1,6,2,13,5,0,21.88
101056,ATM_CDM,8,0,15,1,12,5,14,2,1,20.4
101012,INVEST,22,1,18,1,9,4,14,5,1,66.09
101012,WITHDRAW,5,0,4,1,13,5,16,1,1,15.16
101012,ACC_OPEN,25,1,6,1,7,7,16,4,1,35.53
101078,DEPOSIT,6,1,17,1,9,6,9,1,1,9.1
101078,INSURANCE,20,1,12,1,7,7,9,4,1,24.12
101056,CREDIT_CARD,12,1,17,1,3,2,13,1,0,17.41
101056,CUST_SVC,10,1,7,1,5,3,16,4,1,11.33
101078,REMITTANCE,10,0,5,1,6,4,14,2,1,8.72
101045,DEPOSIT,6,0,12,1,3,2,12,5,0,6.85
101033,ONLINE_SUP,12,1,16,1,6,7,14,1,1,7.55
101045,ACC_OPEN,25,1,10,1,8,6,15,3,1,34.27
101045,ONLINE_SUP,12,1,9,1,6,2,13,1,0,29.17
101056,DEPOSIT,6,0,21,1,11,5,10,4,1,13.61
101012,INSURANCE,20,0,17,1,6,5,9,1,1,36.13
101012,CUST_SVC,10,1,10,1,4,3,16,1,1,15.85
101033,DEPOSIT,6,1,22,1,6,6,15,4,1,5.33
101012,CUST_SVC,10,1,14,1,2,2,13,4,0,11.78
101012,FIXED_DEP,15,1,29,1,8,5,15,2,1,27.53
101045,ACC_OPEN,25,1,21,1,5,7,10,3,1,24.37
101056,DEPOSIT,6,1,6,1,5,2,12,2,0,16.26
101078,DEPOSIT,6,1,2,1,1,3,12,5,0,1.16
101045,CREDIT_CARD,12,0,18,1,6,5,16,2,1,12.86
101078,CUST_SVC,10,1,3,1,5,6,11,4,1,10.23
101033,REMITTANCE,10,0,3,1,6,6,9,5,1,12.84
101078,CREDIT_CARD,12,0,2,1,9,5,14,5,1,16.0
101056,CUST_SVC,10,1,3,1,8,5,15,3,1,21.94
101056,CREDIT_CARD,12,0,5,1,6,4,13,4,0,23.96
101045,ACC_OPEN,25,1,8,1,4,3,13,5,0,38.6
101056,ACC_OPEN,25,1,8,1,3,4,13,1,0,26.31
101012,CUST_SVC,10,1,31,1,10,5,16,4,1,19.01
101012,DEPOSIT,6,1,7,1,2,4,15,1,1,2.7
101078,ATM_CDM,8,1,12,1,6,7,10,4,1,10.23
101033,DEPOSIT,6,0,25,1,7,7,14,4,1,6.12
101033,CUST_SVC,10,0,3,1,5,4,12,5,0,12.7
101056,ATM_CDM,8,1,12,1,2,4,12,4,0,5.92
101078,ATM_CDM,8,0,19,1,4,6,14,2,1,7.32
101056,FIXED_DEP,15,1,22,1,6,4,16,1,1,44.97
101056,CREDIT_CARD,12,0,11,1,5,4,13,2,0,8.62
101033,LOAN,30,1,14,1,5,6,14,4,1,45.09
101012,CUST_SVC,10,1,5,1,6,3,13,1,0,19.67
101033,CREDIT_CARD,12,0,5,0,4,4,15,2,1,15.55
101056,FIXED_DEP,15,1,17,1,4,3,13,2,0,23.23
101078,CREDIT_CARD,12,0,14,1,7,5,11,1,1,15.69
101056,DEPOSIT,6,1,2,1,9,6,9,4,1,8.53
101078,ATM_CDM,8,1,10,1,6,7,9,2,1,7.39
101033,CUST_SVC,10,1,7,1,3,7,15,1,1,7.68
101056,BIZ_BANK,18,1,21,1,4,3,13,3,0,20.49
101056,REMITTANCE,10,1,23,1,8,6,15,1,1,16.1
101056,DEPOSIT,6,0,2,1,4,6,9,3,1,2.81
101012,ATM_CDM,8,1,1,1,2,5,9,1,1,2.17
101056,CUST_SVC,10,1,17,1,4,6,15,3,1,3.62
101033,DEPOSIT,6,1,6,1,3,8,11,3,1,1.91
101056,ATM_CDM,8,1,2,1,8,6,10,1,1,12.14
101056,ATM_CDM,8,0,12,1,4,5,11,4,1,5.53
101078,ONLINE_SUP,12,1,6,1,4,6,14,5,1,8.48
101012,DEPOSIT,6,1,4,1,9,5,10,3,1,13.21
101045,ATM_CDM,8,0,1,1,4,5,16,1,1,3.94
101033,DEPOSIT,6,0,11,1,4,8,11,5,1,3.97
101078,CREDIT_CARD,12,0,26,1,8,5,10,3,1,21.83
101056,CUST_SVC,10,0,12,1,9,6,9,3,1,20.26
101056,INVEST,22,1,26,1,12,4,11,1,1,84.76
101012,ATM_CDM,8,0,10,1,4,6,14,5,1,3.09
101033,CREDIT_CARD,12,1,1,1,5,2,13,5,0,14.39
101056,INSURANCE,20,1,11,1,5,5,15,4,1,17.78
101033,ACC_OPEN,25,1,16,1,4,6,9,1,1,21.03
101045,REMITTANCE,10,1,8,1,7,6,14,1,1,8.52
101045,INSURANCE,20,1,4,1,7,4,12,1,0,29.35
101078,DEPOSIT,6,1,4,1,4,5,11,2,1,4.23
101033,CREDIT_CARD,12,1,24,1,9,5,10,2,1,26.55
101012,INSURANCE,20,1,12,1,6,5,14,1,1,17.54
101045,DEPOSIT,6,1,17,1,7,4,12,4,0,7.67
101045,FIXED_DEP,15,0,24,1,6,4,9,4,1,13.31
101056,ATM_CDM,8,0,21,1,13,5,16,5,1,22.78
101056,CREDIT_CARD,12,1,11,1,5,4,11,1,1,23.82
101056,INSURANCE,20,1,7,1,8,5,11,5,1,33.04
101012,INSURANCE,20,1,4,1,9,6,10,3,1,40.52
101056,DEPOSIT,6,1,8,1,4,4,14,3,1,7.74
101078,CUST_SVC,10,0,1,1,4,3,16,2,1,10.01
101056,LOAN,30,0,15,1,9,4,15,5,1,83.27
101056,ACC_OPEN,25,1,16,1,9,5,16,1,1,25.26
101056,LOAN,30,1,11,1,9,4,9,5,1,79.25
101078,CREDIT_CARD,12,1,10,1,3,2,13,2,0,16.87
101045,CREDIT_CARD,12,1,14,1,2,3,12,1,0,3.89
101078,INVEST,22,1,16,1,3,3,12,4,0,16.64
101033,ACC_OPEN,25,1,7,1,5,5,14,3,1,22.32
101033,ATM_CDM,8,1,7,1,6,2,13,2,0,18.91
101045,CUST_SVC,10,1,15,1,5,5,14,4,1,15.12
101033,FIXED_DEP,15,1,2,1,9,5,10,3,1,39.85
101056,CUST_SVC,10,1,24,1,5,4,16,2,1,16.51
101012,ATM_CDM,8,1,16,1,6,5,11,3,1,2.68
101078,ATM_CDM,8,0,12,1,3,4,14,5,1,8.31
101045,REMITTANCE,10,1,15,1,8,5,11,1,1,24.88
101033,LOAN,30,1,31,1,8,4,15,3,1,88.75
101045,LOAN,30,1,16,1,4,6,9,5,1,21.5
101012,CUST_SVC,10,1,13,1,8,6,9,1,1,15.91
101012,DEPOSIT,6,1,10,1,5,4,11,2,1,5.46
101078,WITHDRAW,5,1,21,1,4,4,9,1,1,7.16
101056,CUST_SVC,10,0,8,1,0,3,12,5,0,1.99
101012,ATM_CDM,8,1,13,1,10,6,10,2,1,16.15
101012,INSURANCE,20,0,30,1,9,5,15,2,1,51.54
101012,LOAN,30,1,16,1,8,4,16,3,1,32.24
101056,FIXED_DEP,15,1,9,1,6,6,11,5,1,12.08
101045,DEPOSIT,6,1,6,1,0,4,12,2,0,0.45
101045,DEPOSIT,6,0,29,0,8,7,11,1,1,5.66
101045,ATM_CDM,8,1,1,1,5,5,15,1,1,13.55
101033,CREDIT_CARD,12,0,31,1,12,5,10,1,1,38.44
101078,CUST_SVC,10,0,10,0,5,6,15,2,1,10.51
101056,LOAN,30,0,36,1,12,7,10,4,1,44.65
101056,CUST_SVC,10,0,7,1,1,4,16,2,1,2.46
101078,CUST_SVC,10,1,18,1,6,6,14,1,1,14.21
101078,CREDIT_CARD,12,1,16,1,4,5,11,4,1,7.72
101056,DEPOSIT,6,1,1,1,3,5,14,2,1,2.72
101012,DEPOSIT,6,0,15,0,6,2,12,5,0,14.15
101056,BIZ_BANK,18,1,23,1,6,4,16,3,1,43.86
101056,INSURANCE,20,1,14,1,15,6,10,5,1,43.39
101012,WITHDRAW,5,0,9,1,10,3,12,5,0,7.71
101012,CREDIT_CARD,12,0,14,1,6,6,10,1,1,11.78
101012,ACC_OPEN,25,1,32,1,8,3,12,3,0,47.85
101045,LOAN,30,1,19,1,4,5,11,3,1,22.58
101056,ONLINE_SUP,12,0,36,1,9,3,12,2,0,25.2
101045,ATM_CDM,8,1,18,1,9,8,9,1,1,8.2
101012,CREDIT_CARD,12,1,8,1,12,4,11,2,1,36.23
101056,DEPOSIT,6,0,15,1,4,2,13,2,0,14.22
101033,DEPOSIT,6,1,35,1,9,5,11,3,1,8.74
101033,DEPOSIT,6,1,10,1,3,3,13,3,0,6.44
101078,DEPOSIT,6,1,17,1,6,7,10,1,1,5.64
101045,CREDIT_CARD,12,0,5,0,4,4,9,5,1,13.57
101078,DEPOSIT,6,1,11,1,7,6,15,3,1,9.92
101045,CUST_SVC,10,0,28,1,12,6,10,1,1,27.18
101056,LOAN,30,0,17,1,6,5,11,5,1,52.98
101045,ACC_OPEN,25,1,3,1,2,6,11,2,1,9.11
101078,ATM_CDM,8,0,7,1,10,5,10,2,1,8.74
101012,CREDIT_CARD,12,1,10,1,10,7,15,5,1,24.88
101012,ONLINE_SUP,12,1,19,1,14,6,10,5,1,25.32
101045,ACC_OPEN,25,1,5,1,0,3,12,1,0,0.65
101056,INVEST,22,1,36,1,13,6,14,1,1,52.88
101033,ATM_CDM,8,0,5,1,4,6,10,4,1,4.85
101045,INVEST,22,1,5,1,8,3,12,1,0,46.84
101033,LOAN,30,1,30,1,14,6,10,5,1,13.16
101012,BIZ_BANK,18,1,22,1,11,4,9,1,1,55.72
101012,CUST_SVC,10,1,1,1,3,3,12,1,0,13.74
101012,DEPOSIT,6,1,3,1,3,2,13,1,0,8.48
101056,ACC_OPEN,25,1,27,1,7,6,10,1,1,59.09
101012,CREDIT_CARD,12,0,30,1,9,5,10,2,1,19.85
101045,ATM_CDM,8,1,13,1,5,7,11,2,1,3.98
101056,CREDIT_CARD,12,1,11,1,4,4,13,1,0,12.99
101056,CUST_SVC,10,1,3,1,7,4,9,2,1,20.52
101056,ONLINE_SUP,12,1,3,1,7,5,14,2,1,11.27
101012,LOAN,30,1,14,1,3,3,13,5,0,24.43
101056,CUST_SVC,10,1,23,1,8,7,9,1,1,12.41
101012,DEPOSIT,6,1,16,1,10,6,16,1,1,11.78
101033,ATM_CDM,8,1,6,1,3,2,13,3,0,13.03
101012,CREDIT_CARD,12,0,8,1,8,2,13,2,0,47.09
101056,DEPOSIT,6,1,12,1,3,4,11,2,1,3.52
101033,REMITTANCE,10,1,9,1,4,7,9,1,1,5.36
101045,CUST_SVC,10,0,23,0,5,8,10,3,1,7.3
101056,LOAN,30,1,8,1,11,4,14,2,1,89.23
101078,CUST_SVC,10,1,7,1,5,4,15,4,1,10.29
101045,INSURANCE,20,1,15,1,2,8,9,2,1,8.91
101033,REMITTANCE,10,0,1,1,9,6,10,1,1,8.88
101078,DEPOSIT,6,1,12,1,6,3,13,3,0,12.68
101033,INSURANCE,20,1,3,1,8,6,9,2,1,51.58
101033,DEPOSIT,6,0,9,0,4,2,13,1,0,11.57
101078,INVEST,22,0,14,1,5,5,9,4,1,17.22
101033,ATM_CDM,8,0,14,1,5,5,15,2,1,7.16
101078,FIXED_DEP,15,1,23,1,6,5,16,4,1,19.79
101045,INSURANCE,20,0,22,1,5,4,9,5,1,12.33
101045,WITHDRAW,5,0,5,1,3,6,11,4,1,2.62
101078,DEPOSIT,6,1,22,1,7,6,10,2,1,8.17
101078,INSURANCE,20,1,26,1,13,5,14,1,1,74.41
101078,CUST_SVC,10,0,29,1,9,8,11,1,1,11.73
101033,ATM_CDM,8,0,27,1,10,5,11,1,1,17.97
101078,ATM_CDM,8,1,7,1,8,5,16,1,1,19.64
101056,FIXED_DEP,15,1,11,1,8,6,15,4,1,25.41
101033,ACC_OPEN,25,1,35,1,12,4,14,5,1,67.65
101078,CUST_SVC,10,1,15,1,4,4,15,2,1,9.54
101056,ATM_CDM,8,1,18,1,8,5,15,5,1,17.96
101033,INSURANCE,20,1,24,1,6,6,16,4,1,17.4
101078,INVEST,22,1,18,1,10,6,14,4,1,35.99
101033,ONLINE_SUP,12,0,12,1,9,7,14,3,1,19.0
101078,INSURANCE,20,0,4,1,2,3,12,3,0,9.52
101078,LOAN,30,0,8,1,0,5,11,3,1,0.88
101045,DEPOSIT,6,0,11,0,6,5,16,4,1,11.77
101045,LOAN,30,0,2,1,2,5,15,4,1,11.37
101033,ATM_CDM,8,1,6,1,6,3,16,3,1,20.84
101033,ATM_CDM,8,1,7,1,5,2,12,2,0,22.74
101056,LOAN,30,0,10,1,2,5,14,1,1,15.7
101012,BIZ_BANK,18,1,42,1,11,7,10,4,1,49.96
101056,CREDIT_CARD,12,1,15,1,2,6,14,5,1,1.58
101033,CREDIT_CARD,12,1,16,1,4,3,13,2,0,21.49
101033,CREDIT_CARD,12,0,5,1,1,4,9,1,1,1.17
101012,DEPOSIT,6,0,46,1,13,7,10,4,1,3.84
101012,CREDIT_CARD,12,0,18,1,5,4,16,1,1,15.05
101033,CUST_SVC,10,0,17,1,5,6,16,3,1,9.92
101045,INVEST,22,1,6,1,3,5,16,2,1,16.98
101033,REMITTANCE,10,1,1,1,4,6,15,1,1,7.88
101045,DEPOSIT,6,1,11,1,2,4,16,4,1,4.11
101012,BIZ_BANK,18,1,31,1,10,8,11,3,1,26.21
101045,INSURANCE,20,0,2,1,3,6,11,5,1,8.76
101045,ACC_OPEN,25,1,10,1,2,4,16,1,1,18.4
101012,ONLINE_SUP,12,0,40,1,11,4,10,3,1,35.67
101045,INVEST,22,1,14,1,5,4,9,3,1,31.36
101078,FIXED_DEP,15,0,10,1,1,3,13,1,0,2.9
101056,CREDIT_CARD,12,1,9,1,2,4,12,3,0,4.22
101045,CUST_SVC,10,1,26,1,7,5,14,3,1,13.15
101012,CUST_SVC,10,0,6,1,7,5,11,1,1,15.53
101078,INSURANCE,20,1,30,1,7,2,12,4,0,69.55
101045,ATM_CDM,8,1,1,1,5,4,14,4,1,12.63
101012,DEPOSIT,6,1,17,1,10,6,11,2,1,10.17
101078,CUST_SVC,10,1,2,1,6,5,10,4,1,18.63
101012,DEPOSIT,6,1,14,1,5,6,9,4,1,3.52
101012,CUST_SVC,10,1,30,1,7,4,12,3,0,18.74
101078,CREDIT_CARD,12,0,25,1,9,6,14,1,1,8.57
101033,LOAN,30,0,13,1,2,4,15,3,1,21.48
101056,BIZ_BANK,18,1,1,1,5,6,10,3,1,17.92
101045,ATM_CDM,8,1,7,1,7,7,14,4,1,6.97
101033,FIXED_DEP,15,1,24,1,5,6,14,3,1,18.17
101078,WITHDRAW,5,1,9,1,6,4,9,5,1,9.08
101045,ATM_CDM,8,0,4,0,1,2,13,4,0,4.14
101033,ATM_CDM,8,1,9,1,12,4,15,2,1,34.43
101033,CREDIT_CARD,12,1,44,1,12,4,9,2,1,32.11
101056,BIZ_BANK,18,1,8,1,0,3,12,3,0,0.76
101012,ACC_OPEN,25,1,22,1,5,4,14,2,1,46.71
101045,CUST_SVC,10,0,15,1,3,6,11,4,1,4.11
101012,INSURANCE,20,1,29,1,9,3,12,5,0,59.15
101078,ONLINE_SUP,12,1,6,1,6,7,10,5,1,14.94
101045,INVEST,22,1,23,1,5,6,16,3,1,20.92
101033,FIXED_DEP,15,1,9,1,0,2,12,4,0,0.25
101045,INSURANCE,20,1,4,1,6,3,13,2,0,33.35
101033,CREDIT_CARD,12,1,7,1,3,5,9,2,1,3.91
101045,WITHDRAW,5,1,10,1,9,6,16,2,1,7.36
101033,CREDIT_CARD,12,1,8,1,8,4,15,3,1,14.94
101078,ATM_CDM,8,0,7,1,7,6,10,2,1,9.91
101012,CUST_SVC,10,1,17,1,11,5,15,5,1,22.63
101012,DEPOSIT,6,1,12,1,2,2,13,5,0,5.31
101045,DEPOSIT,6,0,28,1,9,4,11,5,1,16.27
101033,ACC_OPEN,25,1,24,1,6,5,14,1,1,46.07
101045,INSURANCE,20,1,6,1,1,4,12,5,0,5.97
101078,INSURANCE,20,1,3,1,4,6,16,3,1,23.02
101033,ATM_CDM,8,1,9,1,10,7,14,1,1,12.61
101056,ATM_CDM,8,0,7,1,7,4,11,5,1,15.74
101012,CUST_SVC,10,1,4,1,5,4,13,2,0,12.2
101045,FIXED_DEP,15,1,14,1,7,5,15,2,1,24.38
101056,ACC_OPEN,25,1,7,1,0,3,16,2,1,0.9
101045,LOAN,30,0,14,1,3,3,13,3,0,18.24
101056,DEPOSIT,6,1,29,1,7,7,15,2,1,7.59
101012,CUST_SVC,10,1,18,1,9,6,15,2,1,13.55
101012,CUST_SVC,10,0,13,1,5,2,13,1,0,9.77
101012,CUST_SVC,10,0,21,1,11,7,10,5,1,14.38
101045,LOAN,30,1,13,1,5,5,10,4,1,18.24
101033,BIZ_BANK,18,0,17,0,7,3,13,5,0,39.5
101056,ATM_CDM,8,0,5,1,5,4,16,1,1,12.06
101045,ONLINE_SUP,12,1,4,1,6,6,9,5,1,15.51
101033,CUST_SVC,10,1,11,1,5,2,13,2,0,26.55
101045,CREDIT_CARD,12,0,9,1,9,5,10,1,1,18.9
101056,DEPOSIT,6,1,9,1,11,6,11,1,1,12.11
101033,LOAN,30,1,26,1,9,5,10,3,1,73.88
101078,BIZ_BANK,18,0,14,1,15,6,15,1,1,24.78
101045,ATM_CDM,8,1,8,1,4,4,15,1,1,6.02
101012,DEPOSIT,6,1,6,1,8,5,10,3,1,8.96
101045,DEPOSIT,6,1,6,1,4,5,10,4,1,4.44
101045,CUST_SVC,10,0,9,1,3,8,14,3,1,4.19
101045,BIZ_BANK,18,1,9,1,4,5,9,4,1,17.51
101033,CREDIT_CARD,12,1,13,1,4,6,10,4,1,7.56
101045,REMITTANCE,10,1,11,1,3,2,13,5,0,10.96
101012,CUST_SVC,10,1,2,1,4,3,13,4,0,13.37
101045,ACC_OPEN,25,1,1,1,4,4,10,4,1,26.39
101045,BIZ_BANK,18,0,4,1,3,6,9,2,1,11.57
101033,INVEST,22,1,16,1,6,4,10,2,1,41.98
101012,BIZ_BANK,18,1,20,1,8,4,10,4,1,24.49
101056,BIZ_BANK,18,1,2,1,6,5,10,4,1,20.78
101033,LOAN,30,1,25,1,7,7,9,5,1,34.69
101056,DEPOSIT,6,1,6,1,7,6,14,2,1,7.71
101056,INVEST,22,0,14,1,6,5,10,2,1,34.89
101078,ACC_OPEN,25,1,6,1,6,5,9,4,1,25.03
101033,FIXED_DEP,15,1,1,1,10,4,11,5,1,17.79
101033,ATM_CDM,8,0,32,1,8,5,14,1,1,14.49
101033,LOAN,30,0,2,1,4,4,10,3,1,24.11
101012,INSURANCE,20,0,19,1,9,7,10,4,1,19.58
101045,CUST_SVC,10,1,11,1,3,6,9,1,1,3.86
101056,ATM_CDM,8,1,3,1,12,4,15,5,1,38.42
101033,ACC_OPEN,25,1,10,1,10,7,10,1,1,70.7
101056,CUST_SVC,10,1,18,1,9,6,11,2,1,22.77
101045,DEPOSIT,6,0,2,1,9,7,9,1,1,6.67
101012,WITHDRAW,5,0,32,1,8,5,10,3,1,4.76
101012,ATM_CDM,8,1,4,1,8,3,12,5,0,22.35
101056,FIXED_DEP,15,1,6,1,2,2,13,4,0,19.99
101033,CUST_SVC,10,1,6,1,3,3,12,5,0,7.84
101033,REMITTANCE,10,1,7,1,5,6,14,2,1,9.76
101056,ATM_CDM,8,1,13,1,10,7,11,2,1,11.66
101056,CUST_SVC,10,1,18,1,5,7,14,2,1,5.22
101078,CREDIT_CARD,12,1,12,1,5,6,15,3,1,9.77
101012,ATM_CDM,8,1,11,1,6,6,15,4,1,15.61
101056,DEPOSIT,6,1,13,1,6,6,11,2,1,4.79
101056,LOAN,30,0,9,1,3,3,12,4,0,21.74
101012,CREDIT_CARD,12,1,5,1,6,4,12,1,0,9.86
101078,DEPOSIT,6,0,11,1,3,8,14,4,1,0.92
101033,WITHDRAW,5,0,19,1,5,4,11,1,1,6.35
101056,ACC_OPEN,25,0,27,0,8,5,9,1,1,52.72
101056,CREDIT_CARD,12,1,9,1,1,2,13,5,0,3.87
101078,CUST_SVC,10,0,6,0,7,4,11,4,1,20.26
101056,CUST_SVC,10,1,19,1,4,5,14,4,1,9.83
101056,DEPOSIT,6,1,8,1,5,5,10,3,1,8.12
101033,DEPOSIT,6,1,4,1,1,3,13,3,0,3.79
101078,CREDIT_CARD,12,1,25,1,8,7,9,2,1,17.29
101012,CREDIT_CARD,12,0,36,0,10,8,10,2,1,15.89
101045,FIXED_DEP,15,1,23,1,10,7,11,5,1,16.95
101078,ATM_CDM,8,1,6,1,1,2,13,2,0,6.09
101012,FIXED_DEP,15,1,20,1,17,6,11,5,1,75.37
101078,ACC_OPEN,25,1,14,1,7,4,9,1,1,68.44
101033,BIZ_BANK,18,1,14,1,7,5,16,5,1,27.27
101012,ATM_CDM,8,0,26,1,6,5,9,5,1,8.11
101045,CUST_SVC,10,0,25,1,6,7,9,5,1,11.65
101045,DEPOSIT,6,1,13,1,3,4,13,3,0,5.3
101078,CUST_SVC,10,1,12,1,13,7,15,1,1,20.87
101056,FIXED_DEP,15,0,17,1,11,6,11,1,1,24.13
101056,ACC_OPEN,25,0,3,1,6,3,16,1,1,48.99
101033,CREDIT_CARD,12,1,7,1,4,5,9,4,1,15.57
101056,INVEST,22,0,8,1,8,6,16,5,1,13.8
101012,INVEST,22,0,22,1,8,3,16,1,1,47.76
101033,ONLINE_SUP,12,0,33,0,11,7,14,1,1,19.52
101078,CUST_SVC,10,1,3,1,9,6,10,2,1,13.11
101012,INVEST,22,0,43,1,18,6,14,1,1,33.89
101078,DEPOSIT,6,0,24,0,9,5,14,5,1,15.65
101012,BIZ_BANK,18,1,4,1,10,6,10,5,1,29.27
101012,BIZ_BANK,18,0,23,1,12,5,14,5,1,66.09
101033,CREDIT_CARD,12,1,2,1,8,7,14,4,1,13.05
101056,ACC_OPEN,25,1,7,1,5,8,15,3,1,12.62
101033,DEPOSIT,6,1,23,1,5,6,14,2,1,5.97
101078,FIXED_DEP,15,1,10,1,6,6,15,3,1,11.01
101056,REMITTANCE,10,1,21,1,5,2,13,2,0,26.03
101056,DEPOSIT,6,0,12,0,6,5,14,5,1,8.85
101045,ONLINE_SUP,12,0,8,1,4,8,10,5,1,6.64
101078,CREDIT_CARD,12,1,10,1,7,6,10,1,1,16.46
101078,CREDIT_CARD,12,0,6,1,7,4,15,3,1,19.37
101012,CREDIT_CARD,12,1,22,1,8,7,9,2,1,13.84
101045,CUST_SVC,10,1,13,1,3,5,16,3,1,7.43
101078,CUST_SVC,10,1,8,1,4,2,13,3,0,9.36
101056,LOAN,30,1,19,1,5,6,15,2,1,26.61
101045,DEPOSIT,6,0,12,1,7,8,14,1,1,6.52
101045,BIZ_BANK,18,0,14,1,4,6,9,2,1,13.06
101012,ATM_CDM,8,1,12,1,14,5,15,1,1,24.92
101045,CUST_SVC,10,0,7,1,3,5,11,3,1,7.07
101033,DEPOSIT,6,1,11,1,11,7,10,1,1,12.33
101012,ACC_OPEN,25,0,8,1,16,4,9,1,1,90.0
101078,CUST_SVC,10,0,25,1,7,6,9,3,1,16.5
101078,CUST_SVC,10,1,27,1,6,8,14,1,1,7.97
101012,CREDIT_CARD,12,1,1,1,11,8,15,4,1,11.63
101045,ACC_OPEN,25,0,3,1,8,5,9,5,1,35.32
101033,CREDIT_CARD,12,1,6,1,6,6,15,5,1,13.4
101033,ATM_CDM,8,1,15,1,3,4,9,2,1,5.65
101012,BIZ_BANK,18,1,9,1,8,3,16,1,1,56.21
101033,LOAN,30,1,15,1,12,4,10,2,1,70.03
101056,ONLINE_SUP,12,1,37,1,11,5,14,4,1,36.59
101012,INSURANCE,20,1,6,1,12,7,10,3,1,30.72
101056,INSURANCE,20,1,13,1,11,4,11,2,1,63.7
101056,CUST_SVC,10,1,14,1,7,4,11,4,1,20.6
101012,DEPOSIT,6,1,24,1,10,5,14,2,1,11.5
101078,BIZ_BANK,18,0,6,1,6,4,11,5,1,22.11
101056,FIXED_DEP,15,1,10,1,2,3,13,4,0,8.38
101078,ATM_CDM,8,0,1,1,3,4,13,3,0,5.67
101045,DEPOSIT,6,1,12,1,4,3,16,3,1,9.81
101012,LOAN,30,1,13,1,9,3,13,5,0,71.58
101012,INSURANCE,20,1,10,1,6,7,14,5,1,31.62
101012,INSURANCE,20,1,24,1,10,6,14,5,1,41.86
101056,CUST_SVC,10,1,29,1,7,5,15,2,1,20.4
101056,CUST_SVC,10,0,5,1,9,6,15,1,1,11.14
101045,DEPOSIT,6,1,5,1,8,3,16,3,1,1.51
101033,DEPOSIT,6,0,28,1,9,4,15,5,1,19.94
101056,CUST_SVC,10,0,13,1,7,3,13,1,0,21.3
101012,REMITTANCE,10,0,2,1,8,4,10,4,1,21.82
101078,REMITTANCE,10,0,11,1,1,5,15,2,1,0.07
101012,BIZ_BANK,18,0,45,1,17,4,10,2,1,76.57
101078,LOAN,30,1,19,1,6,6,11,5,1,22.75
101056,ATM_CDM,8,0,51,1,14,6,15,1,1,12.52
101033,ATM_CDM,8,1,3,1,3,2,12,3,0,2.27
101056,ATM_CDM,8,1,27,1,13,5,14,1,1,22.06
101033,DEPOSIT,6,1,3,1,3,4,15,5,1,2.22
101056,CUST_SVC,10,0,13,1,4,3,13,3,0,19.42
101012,ACC_OPEN,25,0,1,1,1,4,13,1,0,7.77
101056,ACC_OPEN,25,1,9,1,7,6,9,4,1,32.21
101078,REMITTANCE,10,1,8,1,6,5,10,1,1,17.84
101033,INSURANCE,20,1,39,1,10,6,15,5,1,31.41
101078,CUST_SVC,10,1,6,1,3,4,16,4,1,9.32
101033,LOAN,30,1,10,1,8,5,15,4,1,42.79
101033,INSURANCE,20,1,13,1,6,8,15,4,1,16.18
101078,ATM_CDM,8,0,10,1,8,6,16,5,1,9.59
101033,CUST_SVC,10,1,6,1,4,6,15,4,1,8.02
101056,CUST_SVC,10,1,39,1,14,6,10,1,1,37.89
101056,CREDIT_CARD,12,1,17,1,3,4,13,5,0,9.92
101012,CREDIT_CARD,12,1,36,1,11,4,9,1,1,49.4
101056,CREDIT_CARD,12,1,4,1,11,4,9,5,1,16.89
101033,REMITTANCE,10,1,15,1,15,7,10,1,1,29.55
101033,ATM_CDM,8,1,22,1,10,5,9,1,1,20.28
101012,BIZ_BANK,18,0,5,1,8,4,14,5,1,51.44
101012,ACC_OPEN,25,0,14,1,5,5,15,3,1,23.59
101045,CREDIT_CARD,12,1,20,1,6,4,13,5,0,20.29
101012,ACC_OPEN,25,1,3,1,5,4,12,1,0,33.29
101045,CUST_SVC,10,1,13,1,3,6,15,4,1,6.5
101033,ATM_CDM,8,1,3,1,0,3,16,3,1,1.79
101012,FIXED_DEP,15,1,18,1,3,5,15,2,1,15.67
101078,DEPOSIT,6,0,20,1,8,7,14,2,1,5.91
101033,DEPOSIT,6,1,7,1,12,7,9,4,1,7.92
101078,ONLINE_SUP,12,0,25,0,6,5,11,2,1,16.07
101045,DEPOSIT,6,1,6,1,5,4,13,5,0,6.23
101045,FIXED_DEP,15,1,4,1,1,2,13,2,0,8.13
101045,ATM_CDM,8,1,1,1,4,5,14,5,1,6.04
101012,ACC_OPEN,25,0,17,1,13,5,14,5,1,70.79
101056,CUST_SVC,10,1,27,1,8,5,16,4,1,23.03
101033,DEPOSIT,6,1,12,1,4,4,9,3,1,8.33
101033,ATM_CDM,8,1,29,1,8,5,10,5,1,9.34
101012,CUST_SVC,10,0,12,1,6,5,15,5,1,14.01
101056,ONLINE_SUP,12,1,27,1,9,4,10,2,1,31.87
101045,ATM_CDM,8,0,16,1,4,4,9,4,1,4.54
101012,FIXED_DEP,15,0,25,1,8,3,12,3,0,35.02
101078,DEPOSIT,6,1,6,1,3,4,11,3,1,3.76
101056,ATM_CDM,8,1,23,1,10,4,15,3,1,31.06
101012,ACC_OPEN,25,1,13,1,9,6,10,2,1,54.53
101033,FIXED_DEP,15,1,17,1,7,4,11,2,1,16.04
101033,ATM_CDM,8,1,13,1,4,2,12,4,0,9.01
101012,DEPOSIT,6,1,14,1,4,4,12,1,0,7.72
101045,DEPOSIT,6,1,16,1,3,5,10,4,1,5.98
101045,FIXED_DEP,15,1,5,1,4,4,10,4,1,18.62
101033,CUST_SVC,10,1,21,1,6,6,15,1,1,12.85
101033,INSURANCE,20,1,3,1,5,5,14,4,1,29.87
101056,DEPOSIT,6,1,8,1,1,3,13,2,0,1.83
101045,REMITTANCE,10,1,32,1,13,7,15,5,1,15.7
101012,INVEST,22,0,15,1,20,5,10,1,1,39.95
101078,CUST_SVC,10,1,30,1,10,6,11,1,1,19.29
101012,CUST_SVC,10,1,22,1,8,6,10,1,1,18.05
101045,INVEST,22,1,24,1,7,4,9,1,1,59.85
101078,ATM_CDM,8,1,19,1,9,4,12,5,0,15.67
101078,LOAN,30,0,23,1,11,5,10,1,1,90.0
101056,CUST_SVC,10,0,13,0,5,7,15,3,1,8.54
101056,DEPOSIT,6,1,20,1,6,6,10,4,1,7.24
101033,CUST_SVC,10,1,1,1,4,6,14,4,1,8.73
101033,REMITTANCE,10,1,12,1,4,7,11,5,1,9.27
101078,CREDIT_CARD,12,1,6,1,4,8,14,1,1,6.1
101012,CUST_SVC,10,0,4,1,9,3,12,2,0,18.23
101033,LOAN,30,1,15,1,9,5,15,5,1,57.99
101056,CREDIT_CARD,12,0,11,1,10,5,9,3,1,10.32
101045,CREDIT_CARD,12,1,21,1,4,4,9,3,1,14.95
101045,INVEST,22,0,2,0,2,6,9,3,1,7.33
101012,WITHDRAW,5,0,6,1,6,6,15,2,1,5.4
101045,INSURANCE,20,1,9,1,3,2,12,5,0,42.09
101045,INSURANCE,20,1,9,1,6,7,10,3,1,19.27
101045,BIZ_BANK,18,1,22,1,8,4,10,1,1,37.94
101078,FIXED_DEP,15,1,10,1,5,6,15,1,1,15.42
101012,DEPOSIT,6,1,7,1,10,6,10,1,1,11.7
101078,CUST_SVC,10,0,2,1,4,7,11,5,1,6.47
101045,CUST_SVC,10,1,11,1,4,4,13,1,0,12.8
101033,CUST_SVC,10,0,28,1,7,7,15,2,1,10.5
101045,CREDIT_CARD,12,1,9,1,8,4,10,5,1,29.58
101033,INVEST,22,1,22,1,5,5,14,4,1,30.22
101012,CREDIT_CARD,12,1,13,1,4,8,9,2,1,8.53
101056,CUST_SVC,10,1,35,1,14,7,11,4,1,23.16
101045,BIZ_BANK,18,1,9,1,2,4,13,5,0,11.66
101012,ATM_CDM,8,0,25,1,11,6,15,1,1,12.33
101033,INVEST,22,1,16,1,8,4,16,5,1,52.73
101045,CREDIT_CARD,12,1,17,1,5,4,10,4,1,14.69
101012,WITHDRAW,5,1,2,1,3,6,9,4,1,5.17
101045,INSURANCE,20,1,12,1,4,5,15,3,1,12.98
101056,ATM_CDM,8,0,17,1,5,5,16,2,1,10.26
101012,CUST_SVC,10,0,17,1,11,5,11,5,1,27.0
101078,CUST_SVC,10,0,18,1,5,3,13,3,0,10.36
101045,INSURANCE,20,1,23,1,9,5,14,2,1,28.4
101012,ATM_CDM,8,0,24,1,6,3,13,2,0,14.44
101033,ACC_OPEN,25,1,8,1,3,2,12,1,0,40.7
101012,INVEST,22,1,32,1,8,2,13,1,0,90.0
101078,INSURANCE,20,1,9,1,11,2,12,1,0,90.0
101078,ATM_CDM,8,1,22,1,6,5,14,2,1,9.04
101012,REMITTANCE,10,1,27,1,12,4,16,1,1,22.3
101078,ATM_CDM,8,1,12,1,5,8,10,2,1,10.43
101056,ACC_OPEN,25,1,12,1,7,3,16,4,1,30.66
101078,INSURANCE,20,0,6,1,11,5,10,1,1,40.32
101033,CREDIT_CARD,12,1,21,1,10,4,11,1,1,30.33
101033,ATM_CDM,8,1,1,1,3,7,10,4,1,2.26
101078,CREDIT_CARD,12,1,2,1,4,6,16,2,1,10.91
101033,CREDIT_CARD,12,1,22,1,6,7,15,1,1,6.94
101045,CUST_SVC,10,1,14,1,6,4,11,2,1,22.85
101045,CREDIT_CARD,12,1,3,1,5,2,13,1,0,27.43
101045,LOAN,30,1,2,1,3,4,10,2,1,18.89
101045,CUST_SVC,10,0,18,1,3,3,13,1,0,7.63
101045,LOAN,30,0,33,0,8,8,9,3,1,51.57
101045,CUST_SVC,10,0,3,1,0,3,12,1,0,2.01
101078,CUST_SVC,10,1,9,1,1,5,14,3,1,1.99
101045,CUST_SVC,10,1,7,1,0,3,12,5,0,0.95
101078,DEPOSIT,6,0,24,1,7,5,9,3,1,10.69
101078,DEPOSIT,6,0,21,0,4,6,10,1,1,7.49
101033,ATM_CDM,8,1,5,1,7,4,11,3,1,9.57
101078,ONLINE_SUP,12,1,33,1,8,7,14,2,1,20.78
101012,ATM_CDM,8,0,29,1,11,5,15,3,1,16.75
101078,INSURANCE,20,1,23,1,5,4,10,2,1,27.41
101056,CUST_SVC,10,1,18,1,9,4,15,2,1,24.62
101033,CREDIT_CARD,12,1,9,1,5,2,13,4,0,45.85
101078,INSURANCE,20,1,23,1,5,2,13,5,0,71.55
101045,CUST_SVC,10,1,16,1,8,4,9,4,1,34.22
101033,DEPOSIT,6,0,20,1,6,4,13,4,0,6.59
101056,BIZ_BANK,18,1,24,1,15,5,10,1,1,90.0
101033,DEPOSIT,6,1,24,1,10,5,10,5,1,20.5
101033,DEPOSIT,6,0,18,1,9,5,14,1,1,8.64
101056,ATM_CDM,8,0,29,1,7,7,15,5,1,7.62
101078,FIXED_DEP,15,1,2,1,4,5,15,4,1,20.59
101012,ATM_CDM,8,1,14,1,2,4,16,4,1,4.94
101078,CUST_SVC,10,1,5,1,3,6,11,4,1,4.46
101056,DEPOSIT,6,0,4,1,6,7,14,5,1,2.22
101056,REMITTANCE,10,1,16,1,12,6,10,1,1,31.9
101012,INSURANCE,20,0,9,1,9,5,14,4,1,47.56
101045,BIZ_BANK,18,1,16,1,5,7,16,3,1,6.93
101078,CREDIT_CARD,12,0,20,1,7,8,10,4,1,9.79
101033,REMITTANCE,10,1,28,1,8,5,11,3,1,20.99
101033,DEPOSIT,6,1,21,1,5,8,11,2,1,6.19
101078,WITHDRAW,5,1,21,1,7,7,14,5,1,6.66
101056,DEPOSIT,6,1,10,1,6,6,15,3,1,5.75
101078,LOAN,30,0,1,1,10,4,14,1,1,77.95
101012,ATM_CDM,8,0,17,0,14,7,15,5,1,11.42
101012,INVEST,22,0,5,1,8,5,14,3,1,51.72
101012,LOAN,30,1,16,1,9,6,14,2,1,55.59
101033,ACC_OPEN,25,1,10,1,7,7,10,3,1,24.26
101012,CUST_SVC,10,0,25,1,9,3,13,4,0,28.35
101078,CREDIT_CARD,12,1,10,1,5,6,14,3,1,16.65
101045,CUST_SVC,10,1,4,1,3,7,14,2,1,4.31
101078,INVEST,22,0,18,1,6,6,9,1,1,32.13
101033,ONLINE_SUP,12,1,22,1,7,6,11,4,1,10.4
101045,ONLINE_SUP,12,0,6,1,3,5,11,4,1,3.15
101012,ATM_CDM,8,0,10,1,8,4,9,2,1,14.36
101012,CUST_SVC,10,1,4,1,6,3,13,5,0,13.49
101056,CUST_SVC,10,1,6,1,8,5,9,2,1,23.54
101045,CREDIT_CARD,12,1,9,1,8,6,11,5,1,23.42
101045,ATM_CDM,8,0,10,1,4,6,15,5,1,3.18
101078,ATM_CDM,8,0,36,0,10,5,11,5,1,25.73
101056,LOAN,30,0,2,1,7,7,15,5,1,36.05
101056,INVEST,22,1,2,1,2,6,16,1,1,8.28
101056,CUST_SVC,10,0,8,1,3,3,16,2,1,8.3
101056,INSURANCE,20,1,6,1,1,6,16,3,1,2.51
101078,CUST_SVC,10,1,1,1,3,6,14,1,1,7.57
101012,ATM_CDM,8,1,11,1,15,7,15,1,1,26.0
101056,CUST_SVC,10,1,6,1,10,6,10,3,1,16.6
101056,ATM_CDM,8,0,5,1,3,3,12,2,0,8.24
101033,DEPOSIT,6,1,15,1,4,4,11,2,1,5.35
101033,CREDIT_CARD,12,0,14,1,6,4,10,5,1,26.81
101033,DEPOSIT,6,0,17,1,4,5,16,5,1,5.87
101012,CUST_SVC,10,0,16,1,9,3,13,1,0,36.59
101045,ATM_CDM,8,0,20,1,5,8,9,2,1,3.23
101033,INVEST,22,1,12,1,2,2,13,1,0,19.32
101056,INSURANCE,20,0,5,1,5,5,10,3,1,14.75
101078,ATM_CDM,8,1,29,1,10,4,11,1,1,18.42
101012,DEPOSIT,6,0,20,1,7,7,9,5,1,4.02
101033,DEPOSIT,6,1,20,1,6,6,15,2,1,8.66
101045,LOAN,30,0,10,1,7,3,13,5,0,57.87
101045,REMITTANCE,10,1,29,1,8,6,10,2,1,15.76
101012,INSURANCE,20,1,6,1,4,6,9,4,1,7.44
101056,DEPOSIT,6,1,2,1,8,5,11,1,1,12.1
101012,CREDIT_CARD,12,0,15,1,12,5,15,3,1,22.61
101056,DEPOSIT,6,0,8,0,9,7,10,4,1,8.65
101033,BIZ_BANK,18,1,2,1,1,3,13,5,0,7.57
101012,DEPOSIT,6,1,21,1,4,5,9,2,1,3.11
101056,CREDIT_CARD,12,0,12,1,5,6,14,2,1,10.07
101078,CUST_SVC,10,1,11,1,7,5,9,1,1,11.85
101056,BIZ_BANK,18,1,17,1,4,4,13,1,0,9.69
101056,ONLINE_SUP,12,0,3,0,10,4,15,4,1,20.97
101033,CUST_SVC,10,1,10,1,5,2,12,5,0,31.78
101078,DEPOSIT,6,0,14,1,7,3,13,1,0,17.88
101012,INSURANCE,20,0,23,1,11,5,10,4,1,41.12
101045,ONLINE_SUP,12,1,8,1,2,6,14,2,1,3.68
101012,DEPOSIT,6,1,19,1,7,4,14,5,1,15.28
101012,BIZ_BANK,18,1,20,1,5,4,11,1,1,17.23
101056,REMITTANCE,10,0,46,0,14,6,15,2,1,25.9
101045,DEPOSIT,6,1,3,1,1,4,12,2,0,1.3
101045,CUST_SVC,10,0,1,1,0,3,12,5,0,0.99
101045,CREDIT_CARD,12,1,5,1,3,4,13,4,0,8.37
101045,INSURANCE,20,1,17,1,6,6,10,3,1,26.06
101056,ONLINE_SUP,12,1,18,1,4,4,13,1,0,14.88
101078,DEPOSIT,6,0,26,1,9,6,16,2,1,9.77
101012,BIZ_BANK,18,1,14,1,4,6,9,2,1,15.11
101045,CUST_SVC,10,1,9,1,3,5,10,2,1,6.38
101045,CUST_SVC,10,0,17,1,6,4,15,4,1,8.16
101033,FIXED_DEP,15,1,26,1,8,4,9,1,1,24.02
101045,CREDIT_CARD,12,1,7,1,3,5,11,5,1,4.93
101056,DEPOSIT,6,1,6,1,2,6,10,3,1,3.53
101012,BIZ_BANK,18,0,36,1,10,6,15,3,1,33.55
101012,LOAN,30,1,41,1,16,6,15,3,1,85.98
101012,BIZ_BANK,18,1,13,1,8,4,10,2,1,62.76
101045,ATM_CDM,8,0,27,1,7,4,15,3,1,15.35
101078,DEPOSIT,6,1,8,1,1,3,13,3,0,1.86
101012,BIZ_BANK,18,1,13,1,7,6,11,3,1,13.14
101012,REMITTANCE,10,1,4,1,9,6,11,3,1,14.31
101078,DEPOSIT,6,1,9,1,8,7,14,3,1,10.7
101078,INSURANCE,20,1,5,1,6,5,16,1,1,20.19
101033,DEPOSIT,6,1,21,1,5,5,16,5,1,5.33
101078,WITHDRAW,5,1,15,1,4,7,15,2,1,2.03
101078,FIXED_DEP,15,0,33,1,9,8,14,1,1,18.14
101045,WITHDRAW,5,1,9,1,3,6,10,2,1,5.15
101012,DEPOSIT,6,1,24,1,8,6,11,5,1,9.95
101045,CUST_SVC,10,1,26,1,8,3,16,4,1,20.62
101078,BIZ_BANK,18,0,17,1,4,3,13,5,0,22.62
101045,INVEST,22,1,11,1,2,8,10,3,1,7.46
101012,ACC_OPEN,25,1,23,1,6,7,11,2,1,17.16
101012,WITHDRAW,5,0,20,0,10,8,9,1,1,7.15
101078,ACC_OPEN,25,0,9,1,8,6,15,5,1,23.47
101045,CREDIT_CARD,12,1,7,1,6,6,10,4,1,15.93
101033,ATM_CDM,8,1,1,1,6,4,14,3,1,15.15
101078,CREDIT_CARD,12,1,17,1,12,5,10,5,1,36.03
101078,CUST_SVC,10,1,15,1,2,6,16,3,1,3.38
101012,DEPOSIT,6,1,11,1,5,6,16,4,1,5.63
101033,CREDIT_CARD,12,1,15,1,5,5,10,5,1,18.78
101033,DEPOSIT,6,1,3,1,3,6,14,2,1,2.88
101045,ATM_CDM,8,1,2,1,3,4,11,3,1,6.61
101056,ONLINE_SUP,12,0,23,1,10,4,9,4,1,30.91
101078,ATM_CDM,8,1,27,1,8,7,15,3,1,13.71
101045,ACC_OPEN,25,1,14,1,5,4,16,3,1,37.75
101078,ACC_OPEN,25,0,19,1,9,6,11,1,1,42.02
101012,CUST_SVC,10,0,13,1,12,5,10,1,1,27.62
101012,REMITTANCE,10,0,13,1,11,6,15,4,1,20.27
101056,ONLINE_SUP,12,0,3,0,3,7,14,4,1,2.97
101045,INSURANCE,20,1,33,1,8,5,15,4,1,20.54
101033,DEPOSIT,6,0,21,1,6,4,12,5,0,6.91
101012,DEPOSIT,6,1,39,1,14,6,10,3,1,15.43
101078,CREDIT_CARD,12,1,14,1,2,2,13,1,0,6.52
101033,ATM_CDM,8,0,35,1,9,6,15,2,1,10.59
101078,DEPOSIT,6,1,2,1,2,4,12,4,0,0.93
101012,ATM_CDM,8,1,14,1,2,4,12,5,0,4.34
101056,REMITTANCE,10,1,12,1,6,7,11,5,1,8.99
101045,INVEST,22,1,21,1,5,5,15,2,1,13.0
101033,ACC_OPEN,25,0,22,1,8,6,15,1,1,34.54
101078,INSURANCE,20,1,2,1,1,5,14,3,1,1.54
101078,ATM_CDM,8,1,26,1,10,8,10,5,1,9.75
101045,DEPOSIT,6,1,3,1,3,4,12,2,0,3.75
101056,REMITTANCE,10,1,2,1,9,4,10,3,1,35.1
101033,ACC_OPEN,25,1,14,1,4,8,14,5,1,13.41
101045,BIZ_BANK,18,1,24,1,8,7,14,4,1,32.02
101045,FIXED_DEP,15,1,8,1,4,4,10,4,1,25.37
101012,FIXED_DEP,15,1,6,1,12,4,14,5,1,45.46
101012,CREDIT_CARD,12,1,3,1,7,8,11,2,1,5.36
101078,REMITTANCE,10,0,19,1,8,7,14,1,1,14.09
101033,CUST_SVC,10,1,16,1,4,3,16,5,1,21.26
101033,CREDIT_CARD,12,0,2,1,8,5,15,4,1,12.71
101078,DEPOSIT,6,1,11,1,11,6,11,5,1,15.63
101045,ATM_CDM,8,0,7,0,6,7,11,5,1,6.23
101012,BIZ_BANK,18,0,8,0,6,7,16,4,1,24.64
101078,CUST_SVC,10,1,6,1,9,6,10,2,1,21.21
101033,WITHDRAW,5,1,1,1,4,2,13,5,0,5.54
101012,ACC_OPEN,25,1,8,1,5,2,12,1,0,78.83
101078,CUST_SVC,10,1,1,1,5,6,15,3,1,7.93
101033,INSURANCE,20,0,10,0,3,2,12,2,0,23.62
101033,ATM_CDM,8,1,2,1,6,4,10,1,1,17.21
101078,CREDIT_CARD,12,1,15,1,4,4,16,4,1,18.38
101056,CUST_SVC,10,1,18,1,3,5,15,4,1,7.1
101078,INSURANCE,20,1,9,1,10,8,10,1,1,53.52
101012,CREDIT_CARD,12,0,8,1,10,3,16,2,1,31.84
101056,DEPOSIT,6,1,43,1,12,7,9,2,1,10.72
101078,ATM_CDM,8,1,2,1,7,4,16,4,1,20.57
101078,WITHDRAW,5,1,29,1,7,6,15,4,1,5.68
101045,CUST_SVC,10,1,8,1,7,4,13,2,0,20.16
101056,DEPOSIT,6,0,7,0,9,6,15,2,1,6.18
101012,WITHDRAW,5,1,12,1,5,6,9,4,1,6.33
101078,LOAN,30,1,26,1,7,4,15,4,1,70.09
101012,DEPOSIT,6,1,61,1,22,3,16,5,1,45.7
101078,ACC_OPEN,25,0,12,1,3,6,14,4,1,11.15
101056,BIZ_BANK,18,1,1,1,3,5,10,4,1,15.15
101012,ACC_OPEN,25,1,34,1,11,5,14,2,1,63.9
101078,WITHDRAW,5,1,1,1,5,5,16,5,1,8.63
101056,INSURANCE,20,1,6,1,9,3,13,1,0,60.87
101078,INSURANCE,20,0,17,1,6,4,11,4,1,33.62
101056,BIZ_BANK,18,1,22,1,7,6,10,4,1,31.15
101078,LOAN,30,0,11,1,3,5,16,3,1,20.12
101056,INSURANCE,20,1,26,1,14,4,14,3,1,80.19
101078,DEPOSIT,6,1,2,1,3,3,13,5,0,3.56
101056,DEPOSIT,6,1,4,1,2,4,13,3,0,2.78
101012,DEPOSIT,6,1,11,1,9,3,16,4,1,17.03
101056,ACC_OPEN,25,1,5,1,7,5,10,2,1,53.4
101078,ATM_CDM,8,0,23,1,6,3,16,1,1,21.75
101012,CUST_SVC,10,1,18,1,9,5,10,2,1,24.87
101078,LOAN,30,1,19,1,5,6,14,1,1,26.5
101033,INVEST,22,1,27,1,6,4,10,1,1,45.88
101012,ATM_CDM,8,1,3,1,6,7,11,3,1,6.18
101056,ATM_CDM,8,1,12,1,4,4,14,3,1,11.2
101056,LOAN,30,1,9,1,6,8,14,2,1,22.37
101012,ACC_OPEN,25,0,18,1,9,4,11,3,1,27.91
101056,ACC_OPEN,25,1,2,1,8,8,10,1,1,47.11
101033,ONLINE_SUP,12,0,31,1,9,5,14,5,1,10.69
101078,CUST_SVC,10,1,8,1,2,4,9,4,1,5.72
101056,BIZ_BANK,18,1,5,1,11,5,10,3,1,49.86
101033,REMITTANCE,10,1,24,1,5,5,14,2,1,14.97
101045,CUST_SVC,10,1,13,1,5,4,13,2,0,13.33
101012,ACC_OPEN,25,1,16,1,3,7,16,3,1,9.12
101056,DEPOSIT,6,1,23,1,9,4,11,1,1,10.61
101056,ATM_CDM,8,1,11,1,3,3,13,5,0,8.91
101012,CUST_SVC,10,0,6,1,10,5,9,3,1,33.73
101078,LOAN,30,0,21,0,5,6,10,5,1,22.5
101012,INSURANCE,20,1,26,1,11,5,9,1,1,61.18
101033,ATM_CDM,8,0,12,1,6,3,12,1,0,7.06
101078,ATM_CDM,8,1,13,1,2,4,11,2,1,2.06
101078,WITHDRAW,5,1,2,1,2,6,14,5,1,1.88
101078,CUST_SVC,10,1,1,1,6,5,15,5,1,19.71
101033,CUST_SVC,10,0,14,1,5,3,13,1,0,12.02
101078,ACC_OPEN,25,0,8,1,9,5,9,1,1,50.38
101056,CUST_SVC,10,0,15,1,3,7,14,5,1,4.42
101056,REMITTANCE,10,1,16,1,4,5,10,5,1,6.54
101078,DEPOSIT,6,0,10,1,7,4,11,3,1,10.05
101045,FIXED_DEP,15,0,15,1,2,5,11,4,1,5.26
101045,ACC_OPEN,25,1,1,1,4,5,11,2,1,21.7
101056,FIXED_DEP,15,1,8,1,10,5,14,1,1,37.16
101045,WITHDRAW,5,1,1,1,6,5,16,5,1,4.64
101045,CREDIT_CARD,12,1,24,1,5,3,12,1,0,24.89
101045,ATM_CDM,8,0,17,1,6,6,15,5,1,6.86
101012,ONLINE_SUP,12,1,5,1,9,4,9,3,1,26.24
101056,CUST_SVC,10,1,18,1,11,8,14,5,1,14.12
101078,CUST_SVC,10,1,39,1,11,4,10,3,1,38.91
101045,DEPOSIT,6,0,11,1,4,4,16,2,1,4.66
101012,FIXED_DEP,15,0,14,1,5,3,16,3,1,39.52
101056,REMITTANCE,10,1,22,1,12,7,10,3,1,21.28
101078,DEPOSIT,6,1,10,1,1,4,12,2,0,1.43
101056,CUST_SVC,10,1,18,1,5,4,13,1,0,12.94
101012,DEPOSIT,6,1,10,1,8,4,15,4,1,18.95
101012,LOAN,30,1,7,1,9,5,11,1,1,88.42
101056,ATM_CDM,8,1,10,1,6,4,14,3,1,14.78
101012,LOAN,30,1,36,1,10,6,11,4,1,63.32
101033,ACC_OPEN,25,0,12,1,9,4,13,5,0,35.92
101078,BIZ_BANK,18,1,4,1,5,6,11,5,1,13.07
101045,INSURANCE,20,0,29,1,9,4,14,2,1,60.1
101078,WITHDRAW,5,0,9,1,5,2,12,4,0,11.82
101033,BIZ_BANK,18,1,8,1,10,4,16,1,1,36.8
101045,ATM_CDM,8,1,11,1,2,4,12,1,0,5.33
101012,CREDIT_CARD,12,1,9,1,12,7,15,5,1,16.88
101078,DEPOSIT,6,1,10,1,7,6,16,1,1,6.12
101078,INSURANCE,20,0,19,1,4,5,15,2,1,21.86
101078,CUST_SVC,10,1,8,1,5,5,16,3,1,8.66
101012,WITHDRAW,5,1,8,1,8,4,16,3,1,10.65
101078,FIXED_DEP,15,1,10,1,1,3,12,1,0,6.6
101033,FIXED_DEP,15,1,17,1,11,5,10,3,1,37.68
101078,CREDIT_CARD,12,1,16,1,4,7,10,2,1,6.65
101056,CUST_SVC,10,1,26,1,7,7,9,3,1,9.56
101033,INSURANCE,20,1,7,1,3,2,13,5,0,46.68
101056,LOAN,30,0,4,1,8,6,14,5,1,48.74
101012,BIZ_BANK,18,1,28,1,9,5,15,2,1,48.53
101033,DEPOSIT,6,1,33,1,8,6,16,4,1,11.15
101045,REMITTANCE,10,1,4,1,5,6,14,5,1,7.67
101045,CUST_SVC,10,1,25,1,7,7,9,5,1,12.16
101078,CUST_SVC,10,0,2,0,8,6,10,2,1,11.96
101033,DEPOSIT,6,1,29,1,14,5,11,5,1,14.9
101033,FIXED_DEP,15,0,1,1,9,6,15,1,1,12.95
101078,ONLINE_SUP,12,1,11,1,4,4,14,4,1,16.04
101056,CUST_SVC,10,1,4,1,9,6,11,2,1,13.33
101012,CREDIT_CARD,12,1,38,1,10,5,15,1,1,39.71
101045,DEPOSIT,6,1,6,1,0,3,13,2,0,1.11
101045,FIXED_DEP,15,1,27,1,7,6,15,2,1,23.87
101056,DEPOSIT,6,1,9,1,15,5,15,4,1,16.06
101033,REMITTANCE,10,0,27,1,10,6,10,2,1,19.43
101045,DEPOSIT,6,1,13,1,2,5,9,3,1,3.52
101056,LOAN,30,0,5,1,6,6,16,1,1,14.76
101033,INVEST,22,1,17,1,6,4,15,4,1,30.74
101056,LOAN,30,1,6,1,3,3,12,1,0,32.53
101033,DEPOSIT,6,1,6,1,3,3,13,4,0,5.22
101033,DEPOSIT,6,1,16,1,4,4,15,2,1,8.68
101045,BIZ_BANK,18,0,11,1,8,4,11,3,1,31.96
101033,CUST_SVC,10,0,14,1,11,4,10,2,1,38.38
101012,LOAN,30,0,15,1,7,7,15,4,1,23.55
101056,INSURANCE,20,1,11,1,5,5,14,1,1,23.84
101012,CUST_SVC,10,0,16,1,4,3,13,1,0,15.9
101056,INSURANCE,20,1,22,1,6,4,15,3,1,50.83
101078,CREDIT_CARD,12,1,24,1,9,7,10,1,1,11.04
101033,DEPOSIT,6,1,2,1,5,5,14,5,1,6.63
101078,DEPOSIT,6,1,9,1,4,2,13,5,0,11.8
101033,DEPOSIT,6,1,8,1,8,5,11,5,1,12.5
101045,ATM_CDM,8,0,16,1,9,7,10,5,1,11.16
101012,BIZ_BANK,18,0,14,1,9,4,14,2,1,23.29
101078,BIZ_BANK,18,1,18,1,9,6,10,5,1,22.27
101056,ATM_CDM,8,0,8,0,8,6,14,1,1,9.72
101056,ATM_CDM,8,0,11,1,3,3,12,5,0,7.22
101012,CREDIT_CARD,12,1,27,1,12,7,9,3,1,30.5
101033,LOAN,30,1,27,1,6,7,15,3,1,34.51
101056,DEPOSIT,6,0,29,1,8,5,14,1,1,15.17
101033,FIXED_DEP,15,1,26,1,8,4,11,2,1,26.12
101056,DEPOSIT,6,1,25,1,6,4,11,3,1,12.41
101078,ACC_OPEN,25,0,39,1,11,4,16,1,1,48.81
101033,CREDIT_CARD,12,1,18,1,4,5,15,3,1,10.83
101033,ATM_CDM,8,0,4,1,7,5,15,4,1,13.08
101078,CREDIT_CARD,12,1,12,1,1,7,16,3,1,1.95
101045,INVEST,22,0,24,1,9,4,13,1,0,26.17
101033,BIZ_BANK,18,1,1,1,3,4,12,2,0,15.17
101056,INVEST,22,1,18,1,5,2,12,2,0,68.06
101056,ONLINE_SUP,12,1,7,1,7,4,12,3,0,17.07
101078,DEPOSIT,6,0,25,1,6,7,11,1,1,5.24
101012,BIZ_BANK,18,1,40,1,16,4,14,1,1,72.94
101056,ACC_OPEN,25,1,1,1,11,5,14,1,1,84.79
101033,FIXED_DEP,15,0,30,1,13,7,9,4,1,36.03
101078,LOAN,30,1,14,1,6,4,14,5,1,41.25
101012,DEPOSIT,6,1,12,1,5,7,10,5,1,5.81
101012,BIZ_BANK,18,1,14,1,3,6,14,4,1,11.31
101012,ACC_OPEN,25,1,24,1,11,2,12,5,0,47.81
101056,CREDIT_CARD,12,1,7,1,10,4,12,3,0,25.1
101078,CUST_SVC,10,0,21,0,8,5,9,1,1,25.06
101033,ACC_OPEN,25,0,16,1,7,5,11,5,1,28.56
101056,DEPOSIT,6,1,10,1,3,4,15,2,1,4.14
101056,ATM_CDM,8,1,17,1,4,6,10,2,1,9.55
101045,FIXED_DEP,15,1,3,1,3,6,16,5,1,5.93
101033,BIZ_BANK,18,1,19,1,5,7,16,1,1,24.2
101012,FIXED_DEP,15,1,9,1,7,7,11,5,1,16.04
101045,BIZ_BANK,18,1,15,1,3,3,13,3,0,27.43
101056,WITHDRAW,5,0,13,1,13,4,10,3,1,12.91
101056,ATM_CDM,8,1,32,1,10,4,11,4,1,26.18
101078,DEPOSIT,6,0,6,1,5,4,11,3,1,8.03
101045,LOAN,30,0,16,1,5,6,14,3,1,15.48
101045,ONLINE_SUP,12,0,9,1,6,6,10,4,1,17.17
101033,LOAN,30,0,9,1,7,4,11,3,1,59.69
101045,ACC_OPEN,25,1,19,1,10,7,10,5,1,56.4
101045,ACC_OPEN,25,1,21,1,6,4,16,5,1,45.65
101078,BIZ_BANK,18,1,35,1,12,4,10,1,1,77.41
101056,INVEST,22,0,1,1,5,2,13,4,0,68.19
101056,ACC_OPEN,25,1,20,1,6,2,13,1,0,73.35
101033,ONLINE_SUP,12,0,11,1,8,7,11,4,1,7.38
101056,CUST_SVC,10,0,28,0,11,5,16,1,1,32.56
101078,ONLINE_SUP,12,1,17,1,7,4,15,5,1,22.37
101033,ATM_CDM,8,1,11,1,7,6,15,1,1,10.02
101045,WITHDRAW,5,0,13,1,2,2,12,2,0,0.78
101045,INSURANCE,20,1,7,1,6,3,16,3,1,69.19
101012,LOAN,30,0,16,1,7,2,13,4,0,90.0
101078,FIXED_DEP,15,1,22,1,6,5,16,4,1,15.26
101078,CREDIT_CARD,12,0,3,1,11,7,15,5,1,25.25
101078,ATM_CDM,8,1,4,1,5,4,16,1,1,11.84
101033,BIZ_BANK,18,0,21,0,9,5,11,5,1,46.47
101033,ACC_OPEN,25,1,20,1,5,4,12,4,0,22.46
101033,CREDIT_CARD,12,1,40,1,11,5,11,1,1,27.26
101045,CREDIT_CARD,12,1,10,1,7,5,9,1,1,34.53
101012,WITHDRAW,5,1,35,1,13,6,15,5,1,11.22
101078,FIXED_DEP,15,1,1,1,12,6,9,5,1,31.02
101012,ONLINE_SUP,12,1,23,1,6,3,13,4,0,31.58
101078,ATM_CDM,8,1,5,1,4,5,14,3,1,5.95
101078,ACC_OPEN,25,1,17,1,3,3,13,2,0,21.25
101056,DEPOSIT,6,0,17,1,8,8,9,4,1,4.55
101045,INSURANCE,20,1,20,1,7,8,9,4,1,20.46
101078,CUST_SVC,10,1,9,1,6,6,10,2,1,11.01
101045,BIZ_BANK,18,1,5,1,3,2,13,1,0,42.2
101056,CUST_SVC,10,1,20,1,17,6,9,1,1,25.28
101012,CUST_SVC,10,0,22,1,5,7,11,4,1,10.77
101033,CUST_SVC,10,1,19,1,8,5,16,5,1,23.83
101056,DEPOSIT,6,1,12,1,9,4,16,1,1,20.35
101012,CREDIT_CARD,12,1,3,1,11,4,14,1,1,51.9
101033,ACC_OPEN,25,1,6,1,7,6,10,2,1,32.92
101078,DEPOSIT,6,1,4,1,1,4,13,1,0,1.14
101056,CUST_SVC,10,1,12,1,4,8,15,4,1,4.3
101056,CUST_SVC,10,1,21,1,8,4,14,5,1,30.65
101078,FIXED_DEP,15,1,21,1,4,6,14,4,1,10.73
101056,CUST_SVC,10,1,37,1,12,3,16,1,1,33.9
101012,BIZ_BANK,18,1,21,1,9,7,9,3,1,9.71
101033,CREDIT_CARD,12,1,10,1,9,5,15,2,1,22.58
101056,FIXED_DEP,15,0,7,1,0,6,15,3,1,1.36
101078,INSURANCE,20,1,11,1,4,5,10,4,1,23.93
101033,CREDIT_CARD,12,1,14,1,5,5,9,3,1,15.42
101012,FIXED_DEP,15,0,16,1,8,5,14,1,1,27.39
101078,FIXED_DEP,15,1,33,1,8,7,10,2,1,24.88
101078,DEPOSIT,6,1,12,1,10,5,15,5,1,13.58
101078,CUST_SVC,10,1,7,1,4,7,9,2,1,5.81
101045,CUST_SVC,10,0,20,1,7,5,16,2,1,13.68
101056,ATM_CDM,8,1,13,1,8,6,14,1,1,11.91
101012,ATM_CDM,8,0,4,1,7,5,14,1,1,12.92
101045,FIXED_DEP,15,1,28,1,9,5,10,3,1,33.55
101078,CUST_SVC,10,0,9,1,5,5,9,3,1,9.76
101045,ATM_CDM,8,1,3,1,9,4,15,5,1,24.67
101078,ONLINE_SUP,12,0,7,0,5,6,14,5,1,10.64
101012,DEPOSIT,6,1,3,1,12,5,14,1,1,21.45
101012,ATM_CDM,8,0,30,1,7,4,12,2,0,11.48
101045,ACC_OPEN,25,1,20,1,4,3,13,1,0,34.39
101078,CREDIT_CARD,12,0,13,1,3,7,14,3,1,5.12
101078,ATM_CDM,8,1,9,1,0,5,11,2,1,0.9
101078,CREDIT_CARD,12,1,12,1,4,5,16,3,1,13.5
101033,ATM_CDM,8,1,11,1,3,4,11,5,1,9.93
101056,CREDIT_CARD,12,0,4,1,9,4,16,3,1,22.75
101033,BIZ_BANK,18,0,15,1,7,7,14,5,1,14.54
101012,BIZ_BANK,18,0,1,1,1,3,16,4,1,3.52
101056,BIZ_BANK,18,1,11,1,7,4,10,4,1,31.45
101045,LOAN,30,1,2,1,7,2,12,1,0,90.0
101056,ATM_CDM,8,0,24,1,5,4,12,5,0,10.73
101056,DEPOSIT,6,1,13,1,9,4,15,1,1,13.67
101078,ACC_OPEN,25,0,36,0,10,5,9,1,1,59.41
101012,CUST_SVC,10,1,1,1,10,7,9,1,1,19.05
101045,WITHDRAW,5,0,23,1,6,5,10,1,1,5.56
101033,DEPOSIT,6,1,15,1,6,7,9,2,1,8.36
101056,CUST_SVC,10,1,3,1,7,5,16,1,1,14.03
101045,INSURANCE,20,1,30,1,8,6,11,3,1,40.69
101033,DEPOSIT,6,0,28,1,11,7,11,1,1,10.11
101045,WITHDRAW,5,0,12,1,2,3,13,5,0,4.32
101056,INSURANCE,20,1,4,1,4,5,16,4,1,12.39
101012,FIXED_DEP,15,1,26,1,8,3,12,3,0,28.39
101012,CREDIT_CARD,12,1,14,1,3,8,9,3,1,3.49
101056,ATM_CDM,8,1,8,1,5,6,11,2,1,7.65
101045,ATM_CDM,8,1,5,1,3,4,16,2,1,4.13
101045,LOAN,30,1,6,1,7,6,11,5,1,48.81
101045,REMITTANCE,10,1,3,1,0,4,10,4,1,1.96
101033,CUST_SVC,10,1,27,1,6,5,9,3,1,17.13
101056,INSURANCE,20,1,11,1,2,6,11,2,1,7.18
101045,ATM_CDM,8,1,16,1,5,4,15,5,1,12.59
101012,LOAN,30,1,1,1,8,4,13,1,0,56.01
101012,ACC_OPEN,25,1,38,1,11,4,11,5,1,90.0
101045,BIZ_BANK,18,0,43,1,13,6,15,1,1,44.85
101078,BIZ_BANK,18,0,11,1,10,6,10,2,1,18.93
101045,REMITTANCE,10,1,25,1,9,5,10,1,1,21.43
101078,BIZ_BANK,18,1,14,1,3,8,9,4,1,8.03
101012,LOAN,30,0,2,1,13,5,10,2,1,74.29
101033,INSURANCE,20,0,8,1,9,8,9,1,1,12.43
101012,DEPOSIT,6,0,16,1,10,6,9,1,1,12.62
101056,ACC_OPEN,25,1,14,1,3,4,14,3,1,19.41
101078,DEPOSIT,6,1,2,1,2,5,11,2,1,1.85
101078,ACC_OPEN,25,0,23,1,10,5,16,1,1,32.6
101056,DEPOSIT,6,1,3,1,2,4,13,3,0,0.81
101056,DEPOSIT,6,0,7,1,9,4,10,5,1,15.2
101045,ACC_OPEN,25,1,1,1,8,7,15,5,1,21.81
101033,CUST_SVC,10,0,8,1,9,7,16,5,1,13.48
101045,WITHDRAW,5,1,11,1,5,6,9,3,1,3.68
101056,ATM_CDM,8,1,15,1,6,6,15,5,1,5.59
101033,DEPOSIT,6,0,19,1,6,6,15,4,1,7.37
101012,DEPOSIT,6,1,27,1,8,6,11,4,1,11.76
101033,BIZ_BANK,18,1,30,1,8,6,9,4,1,32.36
101056,LOAN,30,0,10,1,13,8,15,1,1,81.0
101045,CUST_SVC,10,1,5,1,5,7,14,5,1,9.92
101056,ACC_OPEN,25,1,18,1,8,2,12,2,0,83.44
101045,CREDIT_CARD,12,1,13,1,3,6,14,4,1,3.68
101012,BIZ_BANK,18,0,13,1,13,7,11,1,1,36.46
101078,ATM_CDM,8,1,8,1,9,5,15,2,1,20.55
101078,ACC_OPEN,25,1,19,1,8,6,9,3,1,34.57
101033,ACC_OPEN,25,1,6,1,3,2,12,5,0,22.89
101033,ATM_CDM,8,0,8,1,5,5,11,2,1,7.22
101033,ATM_CDM,8,0,21,1,6,6,15,1,1,13.02
101045,ATM_CDM,8,1,17,1,3,5,16,5,1,4.9
101045,BIZ_BANK,18,1,14,1,6,6,14,1,1,17.22
101078,WITHDRAW,5,1,13,1,2,5,16,2,1,2.24
101033,CREDIT_CARD,12,1,25,1,9,7,10,5,1,17.49
101012,INSURANCE,20,0,25,1,6,6,11,3,1,37.49
101045,DEPOSIT,6,0,24,1,6,5,9,3,1,3.41
101033,BIZ_BANK,18,1,27,1,10,5,16,5,1,49.37
101045,BIZ_BANK,18,0,21,1,5,5,10,2,1,22.9
101078,INVEST,22,1,28,1,10,6,10,2,1,28.11
101033,FIXED_DEP,15,1,5,1,9,4,14,1,1,27.46
101033,FIXED_DEP,15,1,14,1,4,7,14,2,1,11.65
101012,FIXED_DEP,15,0,9,1,5,5,16,4,1,14.61
101012,BIZ_BANK,18,1,27,1,8,5,16,5,1,39.24
101012,FIXED_DEP,15,1,3,1,4,4,14,1,1,20.17
101045,CUST_SVC,10,1,2,1,3,3,12,2,0,3.89
101056,ACC_OPEN,25,1,40,1,16,4,10,5,1,90.0
101045,ACC_OPEN,25,1,6,1,10,6,10,1,1,48.41
101033,DEPOSIT,6,1,8,1,6,4,11,2,1,4.66
101045,CUST_SVC,10,1,15,1,7,8,9,2,1,12.55
101056,ACC_OPEN,25,1,25,1,11,7,10,2,1,39.07
101056,FIXED_DEP,15,1,14,1,8,3,13,3,0,47.76
101012,INVEST,22,1,30,1,8,4,10,4,1,69.25
101033,CREDIT_CARD,12,1,21,1,10,6,10,5,1,25.81
101012,BIZ_BANK,18,1,11,1,8,5,14,3,1,40.0
101033,CUST_SVC,10,1,11,1,4,2,13,2,0,10.86
101033,CREDIT_CARD,12,0,7,1,2,5,15,4,1,4.19
101012,CREDIT_CARD,12,1,21,1,5,5,9,5,1,12.64
101033,REMITTANCE,10,0,20,1,20,6,9,2,1,34.85
101078,ACC_OPEN,25,0,7,1,8,7,9,2,1,27.68
101033,DEPOSIT,6,1,11,1,3,2,13,3,0,10.9
101033,ATM_CDM,8,1,17,1,6,4,15,1,1,17.77
101078,WITHDRAW,5,1,18,1,6,5,14,1,1,10.02
101012,ONLINE_SUP,12,1,22,1,15,5,10,5,1,34.03
101012,CUST_SVC,10,1,5,1,9,6,11,3,1,17.73
101012,DEPOSIT,6,0,11,0,9,6,10,4,1,13.41
101078,BIZ_BANK,18,0,24,1,5,5,11,2,1,20.6
101078,DEPOSIT,6,1,22,1,7,7,15,2,1,5.09
101033,LOAN,30,1,25,1,9,7,14,1,1,44.92
101012,ACC_OPEN,25,1,4,1,12,5,15,4,1,49.35
101033,CUST_SVC,10,1,23,1,8,3,13,1,0,22.63
101045,CREDIT_CARD,12,1,6,1,3,5,16,4,1,6.17
101033,LOAN,30,0,17,1,13,6,10,5,1,61.2
101056,CUST_SVC,10,1,22,1,7,5,14,4,1,19.15
101056,LOAN,30,1,7,1,5,4,12,1,0,40.8
101056,INSURANCE,20,1,17,1,5,5,9,3,1,31.46
101012,BIZ_BANK,18,1,61,1,18,4,15,2,1,90.0
101045,LOAN,30,1,14,1,5,3,12,1,0,47.96
101078,DEPOSIT,6,0,14,1,3,4,12,2,0,2.82
101078,FIXED_DEP,15,1,13,1,9,4,13,5,0,46.15
101078,CUST_SVC,10,0,26,1,6,5,14,2,1,10.4
101033,CUST_SVC,10,0,17,1,10,7,10,1,1,12.3
101045,CUST_SVC,10,1,6,1,1,8,11,4,1,3.3
101033,INVEST,22,0,4,1,6,6,10,1,1,31.48
101033,WITHDRAW,5,1,7,1,2,4,9,4,1,3.34
101033,ACC_OPEN,25,1,3,1,3,5,9,4,1,10.93
101012,LOAN,30,1,21,1,4,4,13,3,0,38.79
101033,ATM_CDM,8,1,8,1,7,6,9,5,1,9.95
101045,FIXED_DEP,15,0,1,1,6,6,15,5,1,22.34
101012,ONLINE_SUP,12,0,16,1,6,4,9,3,1,22.48
101056,DEPOSIT,6,1,36,1,11,5,15,3,1,16.94
101033,DEPOSIT,6,0,8,1,7,3,13,1,0,14.29
101056,BIZ_BANK,18,1,22,1,10,7,15,3,1,25.69
101078,ATM_CDM,8,1,10,1,4,6,9,5,1,4.48
101056,ATM_CDM,8,1,20,1,5,5,14,4,1,5.97
101078,INVEST,22,1,28,1,12,4,15,1,1,65.91
101033,CUST_SVC,10,1,15,1,10,7,11,2,1,15.5
101045,ACC_OPEN,25,0,8,1,0,5,14,2,1,0.79
101056,BIZ_BANK,18,0,14,1,8,5,11,4,1,16.24
101012,REMITTANCE,10,1,3,1,11,5,15,1,1,33.34
101033,ATM_CDM,8,1,15,1,7,4,15,2,1,10.73
101056,FIXED_DEP,15,1,6,1,7,5,10,2,1,32.93
101033,ACC_OPEN,25,0,6,1,3,6,14,4,1,10.46
101012,INVEST,22,1,48,1,13,4,14,2,1,87.15
101012,CUST_SVC,10,1,24,1,5,4,9,2,1,7.55
101033,DEPOSIT,6,1,17,1,6,4,9,1,1,15.75
101033,DEPOSIT,6,1,16,1,7,7,10,2,1,9.6
101012,CREDIT_CARD,12,1,3,1,5,5,15,3,1,13.46
101056,CUST_SVC,10,1,5,1,3,4,13,2,0,6.9
101056,LOAN,30,1,7,1,8,5,11,2,1,35.29
101056,BIZ_BANK,18,1,4,1,7,3,13,1,0,47.7
101078,INVEST,22,1,8,1,8,5,15,5,1,15.74
101078,DEPOSIT,6,1,22,1,8,5,10,2,1,13.19
101056,CUST_SVC,10,1,31,1,8,4,11,4,1,24.49
101033,INSURANCE,20,1,17,1,9,3,16,4,1,90.0
101045,DEPOSIT,6,1,4,1,5,7,16,5,1,5.9
101078,CREDIT_CARD,12,1,18,1,6,5,11,5,1,24.67
101012,CREDIT_CARD,12,1,3,1,15,4,15,3,1,60.49
101078,INSURANCE,20,1,10,1,3,4,13,3,0,12.81
101033,ATM_CDM,8,0,5,1,10,4,9,4,1,26.96
101033,WITHDRAW,5,1,31,1,9,6,14,4,1,11.14
101033,CREDIT_CARD,12,1,21,1,4,3,16,4,1,15.54
101033,ACC_OPEN,25,1,3,1,2,4,14,4,1,15.74
101045,INSURANCE,20,0,17,1,7,6,16,5,1,23.78
101056,REMITTANCE,10,1,18,1,4,4,10,4,1,9.83
101033,FIXED_DEP,15,1,18,1,13,7,9,1,1,40.2
101078,INSURANCE,20,1,9,1,5,7,10,5,1,12.26
101056,CUST_SVC,10,1,4,1,8,7,15,3,1,11.35
101078,ATM_CDM,8,1,30,1,9,6,9,5,1,13.56
101012,DEPOSIT,6,1,7,1,8,2,12,1,0,24.32
101012,ATM_CDM,8,0,4,1,9,4,9,2,1,25.54
101078,LOAN,30,0,29,1,10,4,15,1,1,90.0
101012,FIXED_DEP,15,1,14,1,10,8,11,5,1,18.31
101056,DEPOSIT,6,0,11,1,2,7,14,4,1,2.21
101033,CUST_SVC,10,1,3,1,2,3,12,2,0,8.44
101033,FIXED_DEP,15,0,5,1,7,6,14,4,1,18.11
101012,ATM_CDM,8,1,32,1,14,5,9,5,1,30.47
101056,CREDIT_CARD,12,0,24,1,5,6,11,2,1,9.5
101012,REMITTANCE,10,1,22,1,13,6,10,2,1,24.3
101045,FIXED_DEP,15,1,30,1,8,6,9,1,1,32.31
101012,REMITTANCE,10,0,39,1,13,6,14,1,1,18.06
101056,FIXED_DEP,15,1,23,1,11,5,15,3,1,52.01
101012,ACC_OPEN,25,1,9,1,8,8,11,4,1,25.88
101078,INSURANCE,20,0,18,1,3,4,13,5,0,8.97
101078,INSURANCE,20,0,25,1,6,2,12,1,0,39.54
101056,ACC_OPEN,25,1,17,1,4,4,12,1,0,34.92
101056,CUST_SVC,10,0,12,1,9,7,9,3,1,10.26
101012,CUST_SVC,10,1,18,1,9,3,12,5,0,32.62
101056,FIXED_DEP,15,1,30,1,9,5,10,3,1,41.45
101056,INVEST,22,0,6,1,0,4,13,4,0,0.99
101012,DEPOSIT,6,0,30,0,9,5,10,4,1,11.57
101056,CUST_SVC,10,0,14,1,9,6,10,5,1,13.84
101012,FIXED_DEP,15,1,9,1,7,5,14,3,1,25.96
101078,CUST_SVC,10,1,11,1,9,5,15,5,1,16.31
101078,CREDIT_CARD,12,0,34,0,9,4,13,1,0,29.0
101045,CUST_SVC,10,0,14,1,4,5,10,3,1,2.27
101056,FIXED_DEP,15,1,15,1,5,4,13,2,0,17.45
101033,LOAN,30,0,2,1,10,3,16,4,1,77.2
101078,LOAN,30,0,6,1,0,3,13,5,0,2.12
101056,ACC_OPEN,25,1,29,1,8,8,14,3,1,26.96
101012,ATM_CDM,8,1,5,1,13,4,14,5,1,24.19
101056,BIZ_BANK,18,1,16,1,5,2,13,4,0,38.68
101033,CUST_SVC,10,0,6,1,4,4,12,5,0,10.82
101056,CUST_SVC,10,1,16,1,6,5,9,5,1,20.89
101033,ATM_CDM,8,0,9,0,3,2,12,2,0,12.95
101033,DEPOSIT,6,1,18,1,10,5,15,2,1,13.78
101056,ATM_CDM,8,0,9,1,10,7,11,1,1,11.92
101078,BIZ_BANK,18,0,1,1,9,6,10,1,1,27.76
101033,CREDIT_CARD,12,1,14,1,2,4,13,5,0,5.43
101078,DEPOSIT,6,1,10,1,2,4,13,3,0,3.46
101056,REMITTANCE,10,0,9,1,9,4,13,4,0,16.92
101056,BIZ_BANK,18,0,8,1,5,4,13,3,0,11.67
101078,ATM_CDM,8,1,13,1,2,5,16,1,1,4.84
101078,ATM_CDM,8,1,9,1,3,6,9,2,1,1.94
101045,DEPOSIT,6,1,1,1,4,4,15,3,1,7.94
101045,CUST_SVC,10,1,7,1,5,3,16,5,1,20.12
101033,BIZ_BANK,18,1,15,1,7,4,14,3,1,51.6
101056,ATM_CDM,8,1,6,1,2,4,14,5,1,5.7
101056,BIZ_BANK,18,0,7,1,6,4,16,1,1,20.44
101078,ACC_OPEN,25,1,17,1,6,5,15,2,1,46.49
101045,ACC_OPEN,25,1,2,1,4,6,15,1,1,20.36
101033,CREDIT_CARD,12,1,39,1,12,5,15,4,1,33.03
101056,ATM_CDM,8,1,19,1,6,7,11,5,1,8.45
101012,DEPOSIT,6,0,2,1,9,4,10,3,1,17.63
101012,DEPOSIT,6,1,6,1,13,6,16,1,1,12.3
101078,REMITTANCE,10,1,8,1,4,4,16,2,1,12.17
101045,REMITTANCE,10,1,9,1,4,4,16,3,1,17.23
101078,DEPOSIT,6,1,12,1,3,2,13,1,0,7.54
101033,LOAN,30,0,17,0,3,2,13,4,0,45.34
101056,ATM_CDM,8,1,4,1,4,7,14,2,1,4.78
101033,INSURANCE,20,0,17,1,10,6,9,4,1,46.3
101012,ATM_CDM,8,1,1,1,9,5,9,1,1,12.55
101056,DEPOSIT,6,1,4,1,5,7,11,2,1,2.75
101078,ONLINE_SUP,12,1,11,1,1,4,12,2,0,2.75
101045,ACC_OPEN,25,1,15,1,5,2,13,5,0,73.3
101045,CUST_SVC,10,1,11,1,2,7,11,4,1,0.82
101056,DEPOSIT,6,1,45,1,12,5,10,1,1,24.37
101056,FIXED_DEP,15,1,1,1,6,5,9,5,1,15.16
101056,DEPOSIT,6,1,5,1,8,5,14,1,1,13.98
101033,CREDIT_CARD,12,1,32,1,9,4,10,2,1,26.79
101045,CREDIT_CARD,12,1,13,1,8,5,10,3,1,24.97
101033,DEPOSIT,6,1,7,1,6,3,12,5,0,4.05
101078,LOAN,30,1,27,1,6,5,16,1,1,64.21
101078,REMITTANCE,10,1,14,1,9,6,14,4,1,17.35
101045,CUST_SVC,10,1,26,1,6,3,13,1,0,19.68
101045,ATM_CDM,8,1,22,1,5,6,15,1,1,9.31
101012,CREDIT_CARD,12,0,30,1,10,4,16,1,1,44.83
101033,INSURANCE,20,1,26,1,6,4,16,4,1,31.41
101033,CUST_SVC,10,1,20,1,5,5,15,5,1,12.05
101045,FIXED_DEP,15,1,13,1,5,4,13,2,0,18.31
101033,FIXED_DEP,15,1,17,1,6,5,11,4,1,27.83
101078,FIXED_DEP,15,0,17,1,4,3,12,2,0,15.35
101056,CREDIT_CARD,12,0,19,1,5,5,16,4,1,11.88
101078,DEPOSIT,6,1,27,1,6,6,10,2,1,10.76
101078,DEPOSIT,6,1,10,1,8,6,15,1,1,8.9
101056,INSURANCE,20,1,30,1,8,4,15,5,1,60.62
101045,ATM_CDM,8,1,7,1,4,3,16,2,1,11.9
101033,CUST_SVC,10,1,44,1,13,5,10,5,1,25.21
101045,INVEST,22,1,9,1,7,4,11,5,1,51.62
101078,ACC_OPEN,25,1,17,1,5,7,15,4,1,21.07
101012,CUST_SVC,10,1,4,1,3,3,12,3,0,10.42
101045,LOAN,30,1,7,1,5,4,16,5,1,21.29
101056,CREDIT_CARD,12,1,20,1,8,6,10,1,1,30.1
101033,BIZ_BANK,18,1,7,1,4,7,9,1,1,13.55
101033,INVEST,22,1,9,1,6,7,14,5,1,12.52
101045,ATM_CDM,8,1,21,1,7,6,10,1,1,9.96
101012,DEPOSIT,6,1,18,1,3,5,9,3,1,5.08
101033,CUST_SVC,10,0,33,1,8,7,11,5,1,6.01
101012,ACC_OPEN,25,0,15,1,4,4,11,3,1,36.64
101033,CREDIT_CARD,12,1,50,1,15,5,10,5,1,69.18
101056,CREDIT_CARD,12,1,22,1,11,5,15,1,1,32.33
101056,CUST_SVC,10,0,19,1,5,4,15,3,1,15.25
101012,INSURANCE,20,1,8,1,0,3,12,5,0,0.74
101012,ONLINE_SUP,12,0,15,1,11,3,16,3,1,58.92
101045,INSURANCE,20,1,9,1,3,7,9,4,1,8.92
101056,CUST_SVC,10,1,11,1,5,3,12,5,0,25.97
101045,CUST_SVC,10,1,13,1,4,6,16,2,1,6.97
101045,BIZ_BANK,18,0,22,1,10,8,10,1,1,15.62
101078,BIZ_BANK,18,1,6,1,8,6,14,5,1,25.75
101033,CUST_SVC,10,1,29,1,12,4,10,1,1,28.52
101033,BIZ_BANK,18,1,29,1,7,8,14,4,1,18.91
101056,DEPOSIT,6,1,1,1,3,4,13,1,0,3.47
101078,REMITTANCE,10,1,1,1,4,5,11,2,1,7.68
101012,INSURANCE,20,1,7,1,7,7,14,3,1,23.79
101056,CREDIT_CARD,12,0,8,0,2,7,14,3,1,4.72
101056,CREDIT_CARD,12,1,39,1,11,5,15,3,1,26.98
101045,DEPOSIT,6,0,6,0,5,4,15,5,1,10.2
101045,REMITTANCE,10,1,23,1,7,6,15,4,1,12.95
101056,CUST_SVC,10,1,18,1,4,4,15,1,1,11.91
101012,DEPOSIT,6,1,1,1,2,7,16,2,1,2.65
101078,WITHDRAW,5,1,11,1,9,6,10,1,1,9.64
101045,DEPOSIT,6,1,10,1,4,5,15,2,1,3.42
101012,DEPOSIT,6,1,1,1,3,4,13,1,0,4.19
101056,INVEST,22,1,24,1,8,8,15,3,1,21.32
101012,REMITTANCE,10,1,29,1,11,3,16,1,1,50.9
101045,CREDIT_CARD,12,1,9,1,1,3,12,1,0,2.4
101056,LOAN,30,1,23,1,7,6,9,5,1,48.89
101078,CREDIT_CARD,12,1,8,1,4,4,12,5,0,12.43
101033,LOAN,30,0,2,1,7,2,13,1,0,90.0
101045,INVEST,22,0,35,1,9,5,10,3,1,40.82
101056,ACC_OPEN,25,1,12,1,9,7,9,1,1,54.07
101012,CUST_SVC,10,0,12,1,5,5,16,2,1,8.69
101045,CUST_SVC,10,1,17,1,4,4,14,2,1,5.99
101012,CREDIT_CARD,12,0,8,0,6,2,13,4,0,44.73
101056,INSURANCE,20,0,5,1,8,5,15,2,1,31.74
101078,DEPOSIT,6,1,10,1,2,3,16,4,1,8.48
101056,ACC_OPEN,25,0,14,1,7,2,13,2,0,74.16
101045,BIZ_BANK,18,1,21,1,5,6,14,3,1,23.72
101045,CUST_SVC,10,0,9,1,3,8,9,4,1,3.29
101045,ATM_CDM,8,0,14,1,8,6,15,3,1,11.66
101012,ATM_CDM,8,1,17,1,7,4,14,4,1,17.71
101078,DEPOSIT,6,1,3,1,8,5,15,5,1,11.2
101012,DEPOSIT,6,1,16,1,6,6,14,5,1,5.34
101056,LOAN,30,1,9,1,9,6,15,2,1,28.59
101056,CREDIT_CARD,12,1,18,1,10,7,16,1,1,17.67
101033,FIXED_DEP,15,0,26,1,7,4,10,4,1,32.6
101056,ATM_CDM,8,1,15,1,5,5,10,5,1,9.86
101045,DEPOSIT,6,1,10,1,6,4,10,3,1,12.31
101045,CREDIT_CARD,12,1,18,1,7,2,12,1,0,49.11
101078,LOAN,30,1,9,1,3,7,14,2,1,11.36
101012,ATM_CDM,8,0,21,1,10,7,15,5,1,14.46
101012,INSURANCE,20,0,27,1,9,6,15,2,1,30.08
101078,ATM_CDM,8,1,13,1,6,6,10,4,1,9.65
101056,CREDIT_CARD,12,1,18,1,3,3,12,1,0,15.13
101033,DEPOSIT,6,0,7,1,5,5,9,4,1,7.02
101056,ACC_OPEN,25,0,8,1,5,7,16,4,1,14.11
101012,DEPOSIT,6,1,18,1,4,7,14,4,1,5.06
101078,INVEST,22,0,17,1,7,5,10,5,1,38.4
101056,ATM_CDM,8,0,18,1,5,5,9,1,1,6.47
101045,CUST_SVC,10,1,7,1,7,5,10,1,1,13.83
101012,INSURANCE,20,1,1,1,2,2,13,4,0,24.64
101078,CREDIT_CARD,12,0,24,1,5,5,10,5,1,13.34
101056,REMITTANCE,10,1,12,1,10,6,16,2,1,16.04
101078,ATM_CDM,8,1,17,1,3,4,12,4,0,6.71
101056,DEPOSIT,6,1,46,1,13,4,10,1,1,35.86
101078,ATM_CDM,8,1,20,1,4,6,9,1,1,6.96
101056,CUST_SVC,10,1,6,1,16,8,10,1,1,25.01
101078,DEPOSIT,6,0,10,1,12,4,10,1,1,24.63
101045,BIZ_BANK,18,1,23,1,5,2,13,2,0,13.85
101078,LOAN,30,0,26,1,6,5,9,5,1,46.6
101078,ACC_OPEN,25,1,26,1,7,6,15,2,1,33.77
101056,REMITTANCE,10,0,12,0,3,4,16,4,1,5.72
101033,WITHDRAW,5,0,29,1,7,5,9,3,1,8.79
101078,ACC_OPEN,25,1,32,1,11,6,14,2,1,29.42
101078,ATM_CDM,8,0,3,1,8,4,14,1,1,16.09
101012,DEPOSIT,6,1,21,1,11,4,15,2,1,10.76
101033,ACC_OPEN,25,1,6,1,1,3,13,4,0,9.19
101045,FIXED_DEP,15,1,40,1,11,5,9,2,1,44.23
101056,INSURANCE,20,0,11,1,5,5,15,1,1,23.93
101056,BIZ_BANK,18,1,1,1,8,4,9,2,1,34.32
101078,DEPOSIT,6,0,3,1,2,4,14,5,1,3.05
101045,ATM_CDM,8,1,2,1,3,3,16,4,1,9.48
101012,REMITTANCE,10,0,26,1,7,6,10,2,1,8.86
101045,DEPOSIT,6,1,25,1,10,7,9,5,1,10.57
101056,CUST_SVC,10,0,6,1,7,2,13,2,0,34.49
101056,CREDIT_CARD,12,0,43,1,13,5,10,5,1,21.03
101012,ATM_CDM,8,1,22,1,7,3,12,3,0,11.55
101078,FIXED_DEP,15,1,5,1,3,2,13,3,0,6.91
101012,ACC_OPEN,25,1,14,1,6,4,12,5,0,35.8
101012,CUST_SVC,10,1,16,1,8,5,9,1,1,23.72
101078,ATM_CDM,8,1,3,1,4,6,15,1,1,9.44
101078,CREDIT_CARD,12,1,7,1,6,4,11,4,1,18.55
101045,CUST_SVC,10,1,4,1,5,3,16,5,1,23.67
101078,DEPOSIT,6,0,18,1,7,6,11,2,1,7.8
101033,ATM_CDM,8,1,9,1,4,7,9,3,1,6.72
101056,ACC_OPEN,25,1,16,1,4,5,11,3,1,27.08
101056,INVEST,22,1,6,1,16,7,15,1,1,37.44
101045,ONLINE_SUP,12,1,12,1,3,4,11,4,1,8.09
101045,FIXED_DEP,15,1,16,1,5,6,14,5,1,17.42
101078,WITHDRAW,5,1,11,1,8,5,11,1,1,6.69
101056,CUST_SVC,10,1,9,1,7,3,16,2,1,23.74
101056,FIXED_DEP,15,1,24,1,9,6,9,4,1,41.85
101056,BIZ_BANK,18,0,4,1,6,6,15,3,1,14.79
101033,ACC_OPEN,25,0,18,0,7,6,11,4,1,34.09
101033,ACC_OPEN,25,0,20,1,9,3,16,2,1,82.89
101012,DEPOSIT,6,1,5,1,6,3,12,4,0,15.53
101012,ATM_CDM,8,1,17,1,8,4,13,1,0,15.5
101056,CUST_SVC,10,1,16,1,5,2,12,5,0,29.91
101056,WITHDRAW,5,1,25,1,8,4,10,3,1,5.83
101056,CUST_SVC,10,0,17,1,6,6,10,4,1,7.7
101056,ACC_OPEN,25,1,12,1,2,6,11,4,1,13.29
101056,DEPOSIT,6,1,19,1,5,6,9,3,1,5.29
101078,DEPOSIT,6,1,9,1,8,4,16,1,1,14.95
101033,FIXED_DEP,15,0,2,1,6,4,9,1,1,18.78
101012,CUST_SVC,10,1,2,1,6,6,11,3,1,13.23
101012,ACC_OPEN,25,1,14,1,7,6,14,2,1,36.38
101012,LOAN,30,1,17,1,10,4,14,2,1,90.0
101045,DEPOSIT,6,0,16,1,10,4,9,3,1,5.92
101033,FIXED_DEP,15,0,4,1,8,4,11,2,1,36.74
101045,INVEST,22,1,10,1,5,6,9,3,1,20.82
101056,CUST_SVC,10,0,20,1,7,6,10,4,1,7.87
101033,CUST_SVC,10,0,23,0,7,7,9,2,1,13.22
101056,ATM_CDM,8,1,17,1,8,5,10,3,1,12.42
101056,ONLINE_SUP,12,1,1,1,4,4,13,3,0,11.48
101078,CUST_SVC,10,0,20,1,5,2,12,2,0,22.0
101045,INSURANCE,20,0,7,0,10,5,10,5,1,39.74
101045,CUST_SVC,10,1,3,1,4,8,10,1,1,5.61
101078,CUST_SVC,10,1,16,1,10,7,14,5,1,23.91
101045,ONLINE_SUP,12,1,22,1,6,5,9,3,1,9.1
101045,CUST_SVC,10,0,14,1,4,6,15,1,1,7.21
101056,INVEST,22,1,32,1,10,4,10,5,1,77.71
101033,LOAN,30,1,32,1,8,6,16,3,1,51.71
101033,ATM_CDM,8,1,40,1,15,6,10,2,1,10.88
101033,ATM_CDM,8,1,24,1,5,7,14,3,1,6.88
101045,CUST_SVC,10,1,15,1,6,5,10,2,1,12.36
101033,CUST_SVC,10,1,10,1,4,5,16,1,1,10.4
101033,INSURANCE,20,1,3,1,6,7,15,5,1,16.94
101012,ONLINE_SUP,12,1,26,1,15,4,15,1,1,55.25
101012,FIXED_DEP,15,1,27,1,15,5,11,5,1,75.96
101045,ACC_OPEN,25,1,8,1,2,4,13,1,0,11.19
101056,ONLINE_SUP,12,0,3,1,8,7,9,5,1,13.64
101033,CREDIT_CARD,12,1,25,1,10,5,14,5,1,33.69
101045,LOAN,30,1,4,1,8,4,10,1,1,76.04
101045,CUST_SVC,10,1,21,1,4,5,15,2,1,13.08
101045,CUST_SVC,10,1,27,1,8,4,10,5,1,14.49
101012,LOAN,30,1,9,1,8,6,15,3,1,59.92
101012,REMITTANCE,10,0,21,0,17,6,10,5,1,27.36
101078,DEPOSIT,6,1,17,1,9,4,10,2,1,18.32
101012,REMITTANCE,10,1,8,1,15,7,14,1,1,27.4
101033,INSURANCE,20,0,22,0,7,4,15,4,1,29.7
101056,BIZ_BANK,18,1,20,1,7,7,11,4,1,11.78
101078,ACC_OPEN,25,1,13,1,3,4,13,3,0,8.49
101045,ACC_OPEN,25,0,11,1,3,4,16,2,1,25.28
101012,LOAN,30,1,2,1,15,4,14,1,1,90.0
101056,DEPOSIT,6,1,13,1,9,6,15,2,1,10.84
101078,DEPOSIT,6,1,10,1,7,5,14,4,1,9.98
101056,DEPOSIT,6,1,19,1,10,5,11,1,1,19.8
101056,CREDIT_CARD,12,1,36,1,9,4,9,1,1,37.83
101033,ATM_CDM,8,1,9,1,1,5,9,3,1,3.76
101033,ATM_CDM,8,0,9,1,9,4,12,1,0,17.49
101078,INSURANCE,20,1,2,1,3,3,13,5,0,23.9
101033,ATM_CDM,8,1,29,1,8,5,9,5,1,11.94
101012,ONLINE_SUP,12,1,18,1,7,6,9,5,1,11.49
101045,REMITTANCE,10,1,4,1,5,6,14,2,1,7.18
101033,CREDIT_CARD,12,1,5,1,7,6,16,3,1,15.43
101056,CUST_SVC,10,1,15,1,7,6,10,3,1,9.4
101033,CREDIT_CARD,12,1,24,1,7,7,16,4,1,10.58
101012,DEPOSIT,6,1,24,1,8,6,14,2,1,9.21
101078,CREDIT_CARD,12,0,6,1,3,6,9,2,1,8.12
101056,REMITTANCE,10,0,16,1,13,7,10,5,1,14.43
101033,REMITTANCE,10,0,7,1,4,4,9,2,1,4.59
101033,CUST_SVC,10,1,13,1,2,4,12,4,0,6.37
101045,ONLINE_SUP,12,0,22,1,7,6,15,4,1,22.14
101045,INVEST,22,0,25,1,6,4,13,1,0,21.77
101056,CUST_SVC,10,0,12,1,7,2,12,4,0,40.99
101045,ONLINE_SUP,12,1,20,1,4,8,11,4,1,6.56
101012,CUST_SVC,10,0,27,0,13,6,14,2,1,27.53
101078,ACC_OPEN,25,1,4,1,0,5,14,3,1,1.71
101012,ONLINE_SUP,12,0,23,1,5,4,16,3,1,19.85
101033,BIZ_BANK,18,1,17,1,3,8,15,2,1,3.29
101012,LOAN,30,0,21,0,6,7,15,3,1,26.87
101078,CREDIT_CARD,12,1,14,1,4,5,16,1,1,12.28
101056,LOAN,30,1,14,1,11,5,15,3,1,50.26
101033,BIZ_BANK,18,1,1,1,1,4,13,4,0,5.35
101056,CUST_SVC,10,1,17,1,7,5,14,2,1,20.31
101056,LOAN,30,1,20,1,7,4,9,4,1,45.77
101012,CUST_SVC,10,1,6,1,1,4,12,3,0,3.0
101033,ATM_CDM,8,0,11,1,2,3,16,3,1,3.08
101045,ONLINE_SUP,12,0,36,1,9,5,14,3,1,39.18
101045,ATM_CDM,8,1,8,1,4,6,10,3,1,5.0
101033,CUST_SVC,10,1,2,1,8,5,10,4,1,18.27
101033,ACC_OPEN,25,0,7,0,10,7,9,5,1,17.13
101078,CREDIT_CARD,12,1,18,1,6,4,11,4,1,21.28
101012,ACC_OPEN,25,0,15,1,5,8,9,4,1,22.31
101078,INVEST,22,0,30,1,9,4,15,2,1,38.43
101078,ATM_CDM,8,1,35,1,10,4,10,2,1,15.16
101012,ACC_OPEN,25,1,10,1,17,4,15,2,1,90.0
101012,WITHDRAW,5,1,19,1,6,4,16,1,1,5.12
101078,DEPOSIT,6,1,13,1,2,3,12,2,0,5.85
101033,ATM_CDM,8,1,13,1,8,7,9,1,1,10.9
101045,DEPOSIT,6,0,13,1,4,3,12,3,0,8.68
101033,ATM_CDM,8,0,26,1,12,8,11,3,1,14.62
101078,FIXED_DEP,15,1,46,1,13,4,10,1,1,46.13
101033,ACC_OPEN,25,1,29,1,7,4,14,1,1,41.23
101045,ATM_CDM,8,0,17,1,3,5,16,5,1,5.69
101078,LOAN,30,1,37,1,11,4,10,4,1,90.0
101078,WITHDRAW,5,0,12,1,2,5,15,4,1,1.3
101045,REMITTANCE,10,1,2,1,2,4,10,3,1,2.3
101078,DEPOSIT,6,1,19,1,6,5,16,5,1,10.95
101056,ACC_OPEN,25,1,8,1,10,7,11,5,1,35.76
101045,ONLINE_SUP,12,0,15,1,2,4,13,3,0,6.38
101045,WITHDRAW,5,0,28,0,9,4,10,5,1,5.49
101012,CUST_SVC,10,1,15,1,6,6,11,4,1,15.16
101078,CREDIT_CARD,12,1,2,1,5,4,14,3,1,14.68
101033,CUST_SVC,10,1,17,1,7,4,15,1,1,31.28
101056,CREDIT_CARD,12,0,43,1,13,8,14,5,1,25.23
101012,ACC_OPEN,25,1,14,1,14,7,15,5,1,39.93
101033,CUST_SVC,10,0,9,1,5,4,13,5,0,12.6
101033,ACC_OPEN,25,1,22,1,9,5,9,5,1,54.06
101033,INVEST,22,0,25,1,9,5,9,3,1,34.68
101056,ATM_CDM,8,1,4,1,8,4,14,3,1,25.02
101078,ONLINE_SUP,12,0,16,1,8,4,9,2,1,27.73
101078,ACC_OPEN,25,0,12,1,2,4,15,3,1,11.49
101078,BIZ_BANK,18,0,25,1,10,8,9,1,1,19.41
101056,REMITTANCE,10,1,25,1,7,4,14,1,1,31.67
101045,BIZ_BANK,18,0,29,0,7,5,14,1,1,25.73
101012,INVEST,22,1,18,1,6,7,11,5,1,28.22
101045,CUST_SVC,10,1,11,1,5,5,9,5,1,9.81
101056,ONLINE_SUP,12,1,6,1,0,4,13,1,0,0.69
101033,ACC_OPEN,25,1,7,1,7,4,15,3,1,51.06
101078,DEPOSIT,6,1,3,1,4,5,15,4,1,8.8
101078,WITHDRAW,5,0,9,1,3,3,13,1,0,2.3
101045,DEPOSIT,6,0,3,1,7,5,10,1,1,9.64
101056,ATM_CDM,8,1,14,1,2,3,12,4,0,5.26
101012,LOAN,30,1,17,1,7,5,11,2,1,23.95
101078,CUST_SVC,10,1,18,1,3,6,11,2,1,5.36
101012,WITHDRAW,5,0,39,1,17,6,10,5,1,14.29
101012,DEPOSIT,6,1,24,1,7,2,12,3,0,24.73
101012,ATM_CDM,8,1,22,1,7,4,10,4,1,19.57
101012,DEPOSIT,6,0,19,1,4,7,10,2,1,2.28
101078,ATM_CDM,8,1,3,1,6,6,14,2,1,10.95
101045,DEPOSIT,6,0,2,1,4,7,15,1,1,4.18
101078,FIXED_DEP,15,0,8,1,7,2,13,5,0,29.53
101056,CUST_SVC,10,1,16,1,7,6,14,5,1,9.18
101056,REMITTANCE,10,1,9,1,5,7,15,2,1,9.45
101033,BIZ_BANK,18,1,18,1,10,6,15,1,1,47.26
101033,INSURANCE,20,0,4,1,7,4,15,3,1,17.2
101056,ATM_CDM,8,0,4,1,1,3,12,1,0,5.3
101045,CUST_SVC,10,1,25,1,6,4,9,2,1,25.17
101012,FIXED_DEP,15,1,42,1,15,8,10,1,1,35.16
101078,CUST_SVC,10,1,21,1,8,6,11,1,1,18.99
101033,INSURANCE,20,0,8,1,6,4,14,5,1,27.7
101033,CUST_SVC,10,1,33,1,11,4,11,1,1,30.2
101078,ACC_OPEN,25,0,6,1,1,2,12,3,0,8.35
101056,INSURANCE,20,0,33,0,9,7,10,5,1,32.23
101056,LOAN,30,1,5,1,3,4,12,1,0,21.91
101056,INSURANCE,20,0,33,0,8,6,11,5,1,40.05
101078,ONLINE_SUP,12,1,18,1,5,6,11,4,1,9.98
101045,LOAN,30,1,23,1,11,6,9,3,1,47.72
101012,CREDIT_CARD,12,1,3,1,8,6,15,3,1,17.93
101078,BIZ_BANK,18,1,4,1,4,3,13,2,0,12.86
101056,CREDIT_CARD,12,1,3,1,2,2,12,2,0,16.02
101012,ATM_CDM,8,1,18,1,4,5,11,3,1,3.37
101045,BIZ_BANK,18,1,6,1,6,5,14,3,1,29.51
101078,REMITTANCE,10,1,32,1,11,4,11,1,1,55.94
101012,CUST_SVC,10,0,25,1,8,6,9,4,1,8.17
101012,DEPOSIT,6,1,27,1,11,2,13,1,0,35.39
101033,CREDIT_CARD,12,0,10,1,9,4,9,2,1,11.8
101033,ATM_CDM,8,0,29,1,7,5,9,4,1,10.37
101012,ACC_OPEN,25,1,16,1,10,5,10,2,1,54.23
101078,DEPOSIT,6,1,4,1,3,4,14,3,1,3.65
101012,INVEST,22,1,9,1,8,5,10,4,1,39.05
101056,DEPOSIT,6,1,18,1,7,2,13,1,0,24.85
101012,ACC_OPEN,25,1,10,1,12,6,11,2,1,64.93
101078,ACC_OPEN,25,1,22,1,6,3,13,3,0,33.76
101056,CUST_SVC,10,1,9,1,9,6,11,5,1,11.74
101012,BIZ_BANK,18,1,42,1,19,7,15,1,1,35.85
101045,DEPOSIT,6,1,7,1,7,4,16,5,1,8.68
101012,CUST_SVC,10,1,17,1,5,7,9,1,1,9.23
101056,DEPOSIT,6,0,18,1,5,4,13,1,0,5.66
101078,ACC_OPEN,25,1,33,1,10,6,15,4,1,48.38
101033,DEPOSIT,6,1,3,1,9,5,9,3,1,8.7
101012,DEPOSIT,6,1,17,1,5,4,15,5,1,7.98
101033,ATM_CDM,8,0,9,1,7,6,14,3,1,9.42
101056,BIZ_BANK,18,0,36,1,12,6,9,1,1,52.35
101078,LOAN,30,1,34,1,11,7,15,1,1,34.28
101012,CUST_SVC,10,1,6,1,3,6,11,1,1,6.16
101056,ATM_CDM,8,1,24,1,6,7,15,1,1,5.75
101045,LOAN,30,0,5,1,2,4,15,4,1,16.67
101033,INSURANCE,20,1,35,1,10,4,14,1,1,61.03
101045,CUST_SVC,10,1,2,1,2,4,12,1,0,5.96
101056,CREDIT_CARD,12,0,7,1,11,6,14,3,1,31.67
101078,BIZ_BANK,18,1,10,1,6,3,16,4,1,29.44
101056,BIZ_BANK,18,0,24,1,8,8,10,4,1,14.09
101056,LOAN,30,1,5,1,3,2,13,3,0,64.02
101078,DEPOSIT,6,1,22,1,7,6,10,5,1,5.47
101045,INSURANCE,20,1,6,1,10,7,11,1,1,35.78
101033,INSURANCE,20,1,21,1,12,7,9,2,1,29.83
101056,ACC_OPEN,25,1,5,1,5,4,12,1,0,24.35
101012,CREDIT_CARD,12,1,12,1,5,6,11,3,1,9.28
101033,ACC_OPEN,25,0,6,1,1,4,14,4,1,8.21
101012,CUST_SVC,10,1,17,1,5,4,16,1,1,4.76
101045,DEPOSIT,6,1,19,1,5,4,14,4,1,9.16
101045,CREDIT_CARD,12,1,24,1,7,4,16,5,1,25.07
101056,WITHDRAW,5,1,17,1,9,6,11,5,1,10.49
101056,INSURANCE,20,1,20,1,6,5,16,1,1,23.52
101078,REMITTANCE,10,1,20,1,6,6,16,4,1,13.81
101033,ONLINE_SUP,12,0,26,1,6,5,14,2,1,18.34
101033,CREDIT_CARD,12,1,18,1,7,6,15,4,1,15.93
101012,DEPOSIT,6,0,32,1,9,5,11,1,1,8.15
101078,INVEST,22,1,14,1,4,6,14,4,1,19.43
101078,WITHDRAW,5,0,12,0,3,4,13,1,0,3.78
101045,CREDIT_CARD,12,1,26,1,9,5,10,4,1,32.16
101056,CREDIT_CARD,12,0,12,1,5,8,11,4,1,6.08
101045,ATM_CDM,8,1,3,1,2,6,11,4,1,5.31
101078,DEPOSIT,6,1,22,1,8,6,9,5,1,9.8
101033,CUST_SVC,10,0,9,1,2,4,12,2,0,8.55
101045,ATM_CDM,8,1,51,1,14,7,10,1,1,22.4
101078,LOAN,30,1,4,1,7,4,11,2,1,60.34
101033,CREDIT_CARD,12,0,15,0,9,6,10,1,1,24.54
101078,DEPOSIT,6,1,20,1,7,6,9,5,1,5.61
101012,INSURANCE,20,1,21,1,9,8,9,4,1,25.5
101056,ATM_CDM,8,1,24,1,7,4,14,5,1,15.0
101056,BIZ_BANK,18,0,6,1,6,4,12,2,0,18.38
101045,ATM_CDM,8,1,26,1,7,5,10,3,1,10.5
101078,BIZ_BANK,18,1,10,1,7,4,11,4,1,22.12
101033,ATM_CDM,8,1,23,1,9,5,15,4,1,14.02
101078,ACC_OPEN,25,1,13,1,4,4,12,2,0,16.31
101033,ONLINE_SUP,12,1,3,1,5,4,16,4,1,19.5
101056,BIZ_BANK,18,1,12,1,8,6,10,2,1,16.1
101056,CUST_SVC,10,0,1,1,5,4,9,1,1,10.03
101033,CUST_SVC,10,1,18,1,4,6,9,3,1,13.16
101033,DEPOSIT,6,0,7,1,1,2,13,3,0,2.37
101078,ACC_OPEN,25,1,16,1,4,3,13,1,0,36.34
101045,CUST_SVC,10,1,15,1,3,5,10,5,1,4.44
101012,REMITTANCE,10,0,3,1,5,5,15,3,1,7.66
101078,DEPOSIT,6,0,9,1,1,4,16,3,1,0.0
101078,FIXED_DEP,15,0,14,1,6,6,15,3,1,17.57
101012,LOAN,30,1,27,1,11,6,14,1,1,78.0
101033,WITHDRAW,5,1,9,1,6,4,10,3,1,6.72
101056,ONLINE_SUP,12,1,8,1,13,5,10,1,1,51.6
101045,ACC_OPEN,25,1,13,1,5,8,9,2,1,19.81
101012,REMITTANCE,10,0,12,0,9,2,13,3,0,38.51
101012,DEPOSIT,6,1,45,1,12,6,15,3,1,13.23
101078,BIZ_BANK,18,1,9,1,4,4,15,5,1,18.84
101012,ACC_OPEN,25,1,13,1,3,3,13,3,0,24.02
101033,ACC_OPEN,25,1,7,1,4,6,16,4,1,17.98
101045,CREDIT_CARD,12,1,8,1,10,5,9,5,1,36.66
101012,CREDIT_CARD,12,1,7,1,4,4,13,4,0,13.25
101056,ONLINE_SUP,12,1,6,1,6,4,16,3,1,25.89
101078,ACC_OPEN,25,1,16,1,6,5,9,2,1,23.92
101078,INVEST,22,1,3,1,5,4,10,2,1,22.37
101045,INVEST,22,0,17,0,6,7,14,2,1,24.97
101012,CUST_SVC,10,0,32,1,8,8,15,1,1,4.62
101033,CUST_SVC,10,0,8,1,5,5,16,1,1,8.54
101033,DEPOSIT,6,1,15,1,9,5,14,5,1,13.8
101078,DEPOSIT,6,0,2,1,10,4,9,3,1,13.95
101045,LOAN,30,1,12,1,5,4,9,1,1,39.29
101033,BIZ_BANK,18,0,26,1,7,4,10,3,1,36.05
101045,INSURANCE,20,1,1,1,2,4,11,5,1,9.43
101045,FIXED_DEP,15,1,13,1,2,5,15,1,1,4.92
101033,REMITTANCE,10,1,30,1,8,6,15,3,1,22.93
101078,BIZ_BANK,18,1,5,1,3,3,16,3,1,24.49
101012,BIZ_BANK,18,0,25,1,6,4,12,1,0,10.32
101056,ATM_CDM,8,1,10,1,9,4,10,5,1,21.56
101033,CUST_SVC,10,1,4,1,5,4,13,2,0,9.78
101033,ONLINE_SUP,12,1,12,1,6,5,9,3,1,22.79
101078,ATM_CDM,8,1,29,1,9,5,10,1,1,23.63
101012,CUST_SVC,10,1,1,1,5,5,15,5,1,16.3
101078,ATM_CDM,8,1,27,1,7,6,10,1,1,9.93
101056,ONLINE_SUP,12,1,21,1,4,4,12,5,0,16.35
101056,FIXED_DEP,15,0,11,1,2,2,12,5,0,11.87
101012,DEPOSIT,6,1,23,1,7,4,15,5,1,11.08
101078,CUST_SVC,10,1,12,1,7,3,13,5,0,16.35
101012,BIZ_BANK,18,1,29,1,8,7,14,4,1,23.05
101045,ATM_CDM,8,0,10,1,4,4,10,4,1,6.91
101078,ATM_CDM,8,1,37,1,11,4,9,5,1,13.59
101045,ATM_CDM,8,1,22,1,5,7,10,3,1,7.5
101045,INVEST,22,1,34,1,9,6,10,4,1,31.4
101012,ATM_CDM,8,1,29,1,7,6,11,4,1,6.27
101045,CREDIT_CARD,12,1,10,1,8,5,10,2,1,20.83
101056,FIXED_DEP,15,0,1,1,5,4,16,5,1,13.55
101012,ONLINE_SUP,12,1,27,1,10,4,14,5,1,30.05
101078,ACC_OPEN,25,1,12,1,4,4,15,1,1,11.12
101045,WITHDRAW,5,0,4,0,7,4,15,4,1,6.9
101078,FIXED_DEP,15,1,31,1,8,7,14,5,1,14.23
101033,ACC_OPEN,25,1,40,1,12,6,10,4,1,55.18
101056,FIXED_DEP,15,1,9,1,7,6,9,5,1,8.71
101056,LOAN,30,1,30,1,8,4,10,4,1,24.08
101078,WITHDRAW,5,1,28,1,8,5,10,4,1,6.41
101078,BIZ_BANK,18,0,10,1,6,5,16,5,1,10.0
101033,INSURANCE,20,0,29,1,8,2,13,5,0,60.81
101056,CREDIT_CARD,12,1,25,1,10,3,13,5,0,52.9
101012,ATM_CDM,8,1,12,1,10,5,16,2,1,28.51
101012,ATM_CDM,8,0,10,1,6,5,16,5,1,5.95
101056,ONLINE_SUP,12,0,15,1,14,8,10,5,1,17.3
101033,FIXED_DEP,15,1,1,1,7,3,16,1,1,42.23
101012,ATM_CDM,8,1,18,1,8,7,10,4,1,10.59
101033,INVEST,22,1,23,1,7,4,10,3,1,36.65
101045,ATM_CDM,8,1,18,1,4,6,10,4,1,5.65
101078,ONLINE_SUP,12,1,22,1,5,3,12,1,0,13.16
101056,BIZ_BANK,18,0,18,1,5,7,16,1,1,8.96
101012,DEPOSIT,6,1,14,1,11,4,15,5,1,21.4
101012,CREDIT_CARD,12,1,27,1,9,4,10,1,1,31.54
101078,INSURANCE,20,0,13,1,11,4,11,4,1,56.99
101033,CREDIT_CARD,12,1,21,1,10,6,15,5,1,12.92
101045,LOAN,30,1,10,1,2,3,13,5,0,23.36
101045,FIXED_DEP,15,1,29,1,7,7,9,5,1,20.02
101033,BIZ_BANK,18,0,6,1,5,4,12,5,0,23.96
101033,ATM_CDM,8,0,19,1,4,3,16,4,1,10.28
101045,CREDIT_CARD,12,0,3,1,2,4,11,4,1,4.22
101045,ACC_OPEN,25,0,20,0,4,6,11,2,1,21.86
101045,CUST_SVC,10,1,15,1,2,2,13,2,0,15.13
101012,CUST_SVC,10,1,32,1,9,7,14,3,1,14.01
101045,LOAN,30,0,28,0,8,7,10,2,1,46.99
101012,CUST_SVC,10,1,1,1,12,8,14,5,1,21.46
101033,DEPOSIT,6,1,33,1,9,3,13,1,0,21.95
101012,ATM_CDM,8,1,19,1,12,8,9,1,1,18.45
101012,DEPOSIT,6,1,8,1,4,6,9,3,1,8.14
101056,BIZ_BANK,18,0,24,1,5,4,12,2,0,29.95
101056,DEPOSIT,6,1,6,1,3,7,11,1,1,4.12
101045,DEPOSIT,6,1,27,1,6,5,10,2,1,6.86
101078,DEPOSIT,6,1,9,1,3,4,11,5,1,6.79
101045,ACC_OPEN,25,1,7,1,10,6,11,2,1,52.03
101078,CREDIT_CARD,12,1,7,1,2,3,13,5,0,6.71
101045,CREDIT_CARD,12,0,11,1,8,5,10,4,1,24.66
101078,CREDIT_CARD,12,0,11,1,11,5,9,1,1,13.08
101056,CUST_SVC,10,0,27,1,12,7,16,2,1,16.82
101056,REMITTANCE,10,0,10,1,7,3,16,4,1,30.42
101056,BIZ_BANK,18,1,14,1,10,5,14,2,1,37.24
101056,CREDIT_CARD,12,0,13,1,3,6,16,4,1,5.6
101056,DEPOSIT,6,1,21,1,4,5,16,3,1,8.97
101056,REMITTANCE,10,1,11,1,1,2,12,5,0,5.35
101012,ACC_OPEN,25,1,20,1,11,5,10,4,1,57.09
101078,INSURANCE,20,0,1,1,6,3,16,1,1,35.28
101056,DEPOSIT,6,1,18,1,4,2,13,3,0,12.91
101012,ATM_CDM,8,1,10,1,8,6,10,2,1,15.63
101045,BIZ_BANK,18,1,9,1,4,4,15,3,1,21.14
101045,CREDIT_CARD,12,0,8,1,7,6,16,2,1,18.78
101078,CUST_SVC,10,0,13,1,2,3,13,4,0,5.99
101056,CREDIT_CARD,12,1,16,1,4,7,10,3,1,5.81
101078,ATM_CDM,8,0,9,1,3,5,15,3,1,4.27
101033,FIXED_DEP,15,0,31,0,9,6,9,2,1,30.79
101033,INVEST,22,0,8,0,4,4,14,3,1,21.73
101012,CUST_SVC,10,1,3,1,11,6,11,5,1,13.51
101012,ATM_CDM,8,0,37,1,11,8,10,4,1,9.97
101033,INSURANCE,20,0,2,1,8,5,11,1,1,15.16
101033,ATM_CDM,8,1,5,1,5,6,14,4,1,7.44
101033,REMITTANCE,10,1,6,1,2,4,12,2,0,6.02
101056,CREDIT_CARD,12,1,4,1,14,4,11,1,1,33.71
101012,WITHDRAW,5,1,22,1,9,3,13,3,0,17.15
101033,ONLINE_SUP,12,1,12,1,4,6,14,4,1,12.32
101045,DEPOSIT,6,1,5,1,4,4,12,4,0,7.17
101033,DEPOSIT,6,1,30,1,9,4,10,2,1,14.53
101045,FIXED_DEP,15,1,7,1,5,4,16,2,1,15.73
101012,BIZ_BANK,18,1,22,1,5,6,14,3,1,20.23
101033,CREDIT_CARD,12,1,7,1,6,7,14,4,1,7.63
101056,DEPOSIT,6,1,1,1,6,5,11,3,1,11.03
101078,CREDIT_CARD,12,1,10,1,2,3,13,5,0,5.04
101056,BIZ_BANK,18,0,17,0,5,3,16,4,1,43.54
101012,ATM_CDM,8,1,36,1,17,4,10,1,1,48.93
101045,DEPOSIT,6,1,3,1,7,6,11,1,1,8.86
101012,CUST_SVC,10,1,6,1,3,2,13,3,0,17.95
101056,WITHDRAW,5,0,12,1,10,5,11,1,1,4.88
101012,ACC_OPEN,25,1,1,1,6,2,13,1,0,81.6
101033,REMITTANCE,10,0,14,1,5,5,10,1,1,8.5
101012,CUST_SVC,10,1,5,1,9,8,15,4,1,15.07
101078,ACC_OPEN,25,0,12,1,13,5,10,5,1,33.57
101012,DEPOSIT,6,0,22,1,11,4,9,4,1,14.72
101033,ONLINE_SUP,12,1,41,1,11,6,9,1,1,33.72
101056,CREDIT_CARD,12,1,23,1,7,6,16,5,1,21.8
101045,INVEST,22,1,20,1,5,6,16,1,1,20.18
101033,CUST_SVC,10,1,9,1,1,2,13,4,0,5.76
101078,DEPOSIT,6,1,16,1,5,6,11,5,1,7.03
101012,CREDIT_CARD,12,0,24,1,8,7,15,5,1,14.63
101033,CREDIT_CARD,12,1,12,1,5,4,11,2,1,16.23
101078,CUST_SVC,10,0,7,0,8,6,14,3,1,14.37
101078,BIZ_BANK,18,1,3,1,6,5,10,5,1,28.86
101045,ACC_OPEN,25,1,4,1,7,6,10,4,1,51.71
101078,INSURANCE,20,0,3,1,4,4,11,2,1,21.15
101078,CUST_SVC,10,1,11,1,8,4,9,4,1,20.15
101045,INVEST,22,0,17,1,7,5,10,5,1,37.39
101045,BIZ_BANK,18,1,40,1,13,6,15,1,1,55.37
101012,DEPOSIT,6,1,39,1,10,6,11,4,1,13.37
101045,CREDIT_CARD,12,1,6,1,4,2,13,5,0,33.16
101078,BIZ_BANK,18,1,10,1,8,4,10,5,1,39.91
101033,BIZ_BANK,18,0,7,1,1,2,12,3,0,8.98
101033,FIXED_DEP,15,0,41,1,13,4,10,1,1,34.83
101056,REMITTANCE,10,0,8,1,7,4,10,5,1,13.43
101045,BIZ_BANK,18,0,10,0,2,5,14,3,1,12.13
101056,ACC_OPEN,25,1,29,1,9,8,15,2,1,36.64
101033,LOAN,30,1,28,1,8,6,10,1,1,36.18
101078,BIZ_BANK,18,1,30,1,7,7,9,2,1,17.46
101078,BIZ_BANK,18,1,13,1,6,5,15,4,1,26.46
101033,DEPOSIT,6,1,6,1,3,4,16,3,1,2.76
101078,CUST_SVC,10,1,1,1,3,7,14,2,1,1.4
101045,INVEST,22,1,9,1,0,3,12,3,0,0.12
101033,FIXED_DEP,15,1,2,1,4,7,9,1,1,13.13
101078,LOAN,30,1,37,1,10,4,15,1,1,84.83
101033,DEPOSIT,6,1,7,1,7,5,10,5,1,6.56
101033,DEPOSIT,6,1,15,1,6,7,16,2,1,6.42
101033,CUST_SVC,10,1,31,1,8,4,15,1,1,26.27
101033,DEPOSIT,6,1,14,1,9,6,10,1,1,14.15
101045,LOAN,30,0,9,1,5,6,10,2,1,32.95
101033,INVEST,22,1,15,1,4,4,13,4,0,25.65
101012,BIZ_BANK,18,1,9,1,6,4,13,3,0,22.81
101078,CREDIT_CARD,12,1,19,1,6,4,16,1,1,20.57
101056,ATM_CDM,8,1,11,1,8,4,10,4,1,22.39
101056,BIZ_BANK,18,1,23,1,5,7,14,4,1,15.64
101078,ATM_CDM,8,1,20,1,5,7,11,4,1,7.04
101056,INVEST,22,1,18,1,9,5,10,4,1,74.28
101012,CREDIT_CARD,12,1,31,1,8,6,9,3,1,13.86
101012,INSURANCE,20,1,18,1,4,4,13,2,0,18.17
101078,DEPOSIT,6,1,19,1,6,7,9,5,1,7.93
101078,INVEST,22,0,18,1,4,4,13,4,0,17.86
101056,ATM_CDM,8,1,18,1,8,4,14,1,1,22.99
101045,DEPOSIT,6,1,22,1,8,7,15,5,1,5.97
101056,ACC_OPEN,25,1,12,1,4,6,10,5,1,18.08
101078,ONLINE_SUP,12,1,20,1,5,2,13,2,0,37.93
101033,ACC_OPEN,25,0,27,1,12,4,11,1,1,69.99
101056,REMITTANCE,10,0,27,1,7,5,9,4,1,9.96
101056,INVEST,22,1,19,1,5,5,10,3,1,23.8
101033,LOAN,30,1,27,1,9,4,9,3,1,90.0
101033,CREDIT_CARD,12,0,10,1,5,4,14,2,1,14.62
101078,CREDIT_CARD,12,1,36,1,10,6,9,5,1,23.36
101045,ONLINE_SUP,12,1,18,1,6,4,14,4,1,26.02
101033,DEPOSIT,6,1,3,1,5,6,15,3,1,5.15
101056,ACC_OPEN,25,0,20,1,10,4,9,5,1,73.48
101045,FIXED_DEP,15,1,19,1,7,5,10,1,1,39.17
101033,ACC_OPEN,25,0,9,1,1,4,13,1,0,3.68
101078,DEPOSIT,6,1,13,1,3,4,13,5,0,3.72
101056,ATM_CDM,8,0,7,1,6,4,10,4,1,16.49
101056,LOAN,30,1,4,1,5,4,13,3,0,49.52
101078,ATM_CDM,8,1,24,1,6,6,15,4,1,4.86
101045,ATM_CDM,8,1,15,1,2,4,15,4,1,4.15
101045,INSURANCE,20,1,18,1,3,5,16,4,1,11.76
101012,ATM_CDM,8,1,23,1,5,6,11,4,1,6.06
101045,BIZ_BANK,18,1,10,1,8,4,10,5,1,23.48
101012,ATM_CDM,8,1,18,1,10,3,13,1,0,29.27
101056,BIZ_BANK,18,1,24,1,10,4,15,2,1,33.0
101012,LOAN,30,0,24,1,12,6,15,1,1,46.49
101045,REMITTANCE,10,1,34,1,11,7,11,5,1,16.88
101045,CUST_SVC,10,1,17,1,3,4,9,2,1,6.73
101056,DEPOSIT,6,0,7,1,5,2,13,3,0,17.09
101012,INSURANCE,20,1,4,1,5,4,13,3,0,31.69
101033,CREDIT_CARD,12,0,25,1,10,4,9,4,1,47.04
101012,ATM_CDM,8,1,15,1,6,4,12,4,0,9.32
101012,INSURANCE,20,0,22,1,9,5,10,3,1,39.6
101045,ATM_CDM,8,1,17,1,3,4,11,2,1,8.78
101045,CUST_SVC,10,1,6,1,3,4,11,2,1,9.24
101012,REMITTANCE,10,1,20,1,10,5,9,1,1,30.09
101045,DEPOSIT,6,1,11,1,2,7,9,4,1,2.12
101012,LOAN,30,1,8,1,6,8,15,4,1,22.06
101033,ONLINE_SUP,12,0,1,1,6,4,11,2,1,14.05
101056,INSURANCE,20,1,2,1,8,4,11,3,1,50.8
101033,LOAN,30,1,22,1,7,4,9,2,1,68.13
101033,CUST_SVC,10,1,18,1,5,3,12,4,0,12.64
101012,INSURANCE,20,1,35,1,17,6,9,2,1,77.82
101033,ONLINE_SUP,12,1,7,1,9,6,16,3,1,18.24
101012,LOAN,30,1,6,1,3,3,13,3,0,17.42
101078,ACC_OPEN,25,1,30,1,9,6,15,5,1,53.92
101056,DEPOSIT,6,1,14,1,5,4,16,1,1,9.09
101045,INSURANCE,20,1,16,1,3,5,10,2,1,12.33
101033,REMITTANCE,10,1,20,1,7,5,14,3,1,21.37
101045,ATM_CDM,8,0,16,1,3,3,13,4,0,11.27
101056,CUST_SVC,10,0,12,0,9,4,16,2,1,27.26
101056,ACC_OPEN,25,0,20,1,5,3,16,2,1,47.03
101033,DEPOSIT,6,1,1,1,9,7,11,5,1,10.57
101045,DEPOSIT,6,1,13,1,8,6,10,5,1,6.51
101056,ACC_OPEN,25,1,8,1,6,4,15,2,1,50.77
101033,ATM_CDM,8,1,8,1,10,5,11,5,1,14.91
101045,REMITTANCE,10,0,18,1,3,2,13,2,0,12.47
101012,ATM_CDM,8,0,13,1,9,7,9,5,1,5.76
101033,DEPOSIT,6,1,13,1,6,2,13,1,0,13.7
101012,CREDIT_CARD,12,1,12,1,10,5,9,5,1,32.82
101056,BIZ_BANK,18,0,8,1,8,7,10,4,1,8.34
101056,CREDIT_CARD,12,1,8,1,10,7,16,3,1,20.34
101078,ATM_CDM,8,0,29,0,10,2,13,3,0,29.53
101056,BIZ_BANK,18,1,15,1,5,4,10,3,1,31.94
101012,DEPOSIT,6,1,22,1,6,6,9,4,1,8.33
101078,DEPOSIT,6,1,18,1,5,6,15,1,1,5.79
101056,INSURANCE,20,1,18,1,3,2,12,2,0,20.72
101033,CREDIT_CARD,12,1,50,1,15,6,10,1,1,66.9
101012,CUST_SVC,10,0,3,1,8,4,13,1,0,29.4
101078,CUST_SVC,10,0,21,0,6,5,9,5,1,14.25
101033,ONLINE_SUP,12,1,29,1,8,7,15,3,1,18.0
101012,LOAN,30,0,46,0,16,5,10,1,1,90.0
101078,CUST_SVC,10,0,14,1,2,4,13,2,0,4.61
101045,INSURANCE,20,1,9,1,7,6,11,2,1,21.19
101012,CREDIT_CARD,12,1,19,1,5,4,16,3,1,22.36
101078,WITHDRAW,5,0,22,0,5,3,13,4,0,7.03
101045,FIXED_DEP,15,1,9,1,5,6,11,1,1,13.39
101033,ONLINE_SUP,12,0,49,1,15,4,10,1,1,43.99
101012,BIZ_BANK,18,0,40,1,14,5,15,3,1,54.86
101012,DEPOSIT,6,1,24,1,9,8,10,5,1,8.12
101078,BIZ_BANK,18,1,4,1,5,5,16,3,1,34.73
101033,INVEST,22,1,17,1,7,2,12,5,0,69.87
101012,ACC_OPEN,25,1,13,1,8,7,11,4,1,33.21
101078,CUST_SVC,10,1,34,1,12,7,10,1,1,22.27
101012,INVEST,22,1,12,1,5,5,11,2,1,36.48
101033,CUST_SVC,10,1,18,1,11,4,15,2,1,28.76
101045,INSURANCE,20,1,18,1,5,3,16,2,1,36.66
101033,DEPOSIT,6,1,29,1,8,5,14,3,1,12.94
101045,ACC_OPEN,25,1,17,1,8,4,15,1,1,65.2
101056,ACC_OPEN,25,0,31,1,11,5,11,4,1,26.6
101012,CUST_SVC,10,1,7,1,7,4,14,5,1,16.64
101012,ACC_OPEN,25,1,47,1,16,5,15,1,1,79.17
101045,ACC_OPEN,25,1,10,1,1,6,16,4,1,5.02
101078,DEPOSIT,6,0,3,1,1,2,13,2,0,0.83
101078,WITHDRAW,5,0,21,1,4,3,12,1,0,5.99
101012,CUST_SVC,10,0,2,1,1,2,12,4,0,5.34
101033,CREDIT_CARD,12,1,12,1,11,6,10,1,1,29.7
101045,ATM_CDM,8,1,2,1,4,5,11,4,1,11.04
101045,LOAN,30,0,15,1,2,5,10,4,1,9.55
101078,CREDIT_CARD,12,1,8,1,4,4,9,4,1,7.48
101078,DEPOSIT,6,1,10,1,2,4,15,2,1,4.05
101012,REMITTANCE,10,1,16,1,3,4,12,2,0,9.24
101012,CREDIT_CARD,12,0,5,1,13,6,14,1,1,30.17
101056,CUST_SVC,10,1,18,1,3,3,16,2,1,10.75
101056,CREDIT_CARD,12,1,20,1,7,5,9,2,1,29.02
101012,ACC_OPEN,25,1,13,1,6,2,12,1,0,55.2
101045,ATM_CDM,8,0,19,1,4,7,11,2,1,3.09
101033,INVEST,22,1,6,1,8,5,14,3,1,30.97
101033,DEPOSIT,6,1,3,1,4,4,9,4,1,6.86
101056,REMITTANCE,10,1,23,1,15,5,16,2,1,43.01
101056,LOAN,30,1,11,1,3,6,14,3,1,12.13
101056,ATM_CDM,8,1,7,1,5,5,15,4,1,7.03
101056,DEPOSIT,6,1,6,1,4,8,9,2,1,2.94
101033,FIXED_DEP,15,0,21,1,5,6,11,3,1,16.12
101078,CREDIT_CARD,12,1,29,1,7,5,16,5,1,22.08
101056,ACC_OPEN,25,1,8,1,8,3,16,1,1,51.24
101012,WITHDRAW,5,1,13,1,4,4,10,4,1,5.19
101012,CUST_SVC,10,1,45,1,13,6,10,1,1,18.8
101045,DEPOSIT,6,1,10,1,1,5,9,2,1,3.38
101045,ATM_CDM,8,1,11,1,6,5,16,5,1,14.22
101012,INVEST,22,1,27,1,9,5,15,2,1,44.9
101033,DEPOSIT,6,1,12,1,6,5,15,1,1,6.67
101033,CUST_SVC,10,0,12,1,6,7,15,3,1,5.06
101078,DEPOSIT,6,1,22,1,5,4,14,5,1,12.39
101045,CREDIT_CARD,12,0,6,1,4,5,11,5,1,10.94
101033,ACC_OPEN,25,1,24,1,13,7,10,1,1,54.26
101033,DEPOSIT,6,0,18,1,5,6,9,1,1,9.46
101078,DEPOSIT,6,1,18,1,7,4,14,4,1,11.8
101045,REMITTANCE,10,0,20,1,4,2,13,4,0,18.57
101056,BIZ_BANK,18,1,40,1,12,8,14,1,1,38.86
101056,CUST_SVC,10,1,8,1,6,2,12,4,0,28.64
101045,CUST_SVC,10,0,3,1,4,7,15,5,1,3.64
101078,ACC_OPEN,25,1,18,1,9,8,9,5,1,54.23
101012,DEPOSIT,6,0,30,1,10,7,10,1,1,11.43
101012,CREDIT_CARD,12,1,12,1,11,4,14,5,1,48.37
101012,FIXED_DEP,15,0,42,0,14,6,16,5,1,51.74
101056,BIZ_BANK,18,1,17,1,5,4,9,3,1,22.25
101078,CREDIT_CARD,12,0,17,1,4,6,9,4,1,6.25
101056,CUST_SVC,10,0,33,1,15,4,10,1,1,35.84
101012,DEPOSIT,6,1,1,1,6,5,11,3,1,5.36
101012,ATM_CDM,8,0,11,1,7,3,16,5,1,11.77
101012,DEPOSIT,6,1,41,1,13,5,16,5,1,12.94
101056,CREDIT_CARD,12,1,17,1,11,4,11,5,1,52.32
101012,BIZ_BANK,18,1,21,1,9,4,9,3,1,59.54
101056,REMITTANCE,10,1,23,1,6,3,13,2,0,17.71
101056,CREDIT_CARD,12,0,14,0,11,4,9,2,1,64.83
101056,DEPOSIT,6,1,5,1,3,4,13,3,0,6.43
101078,LOAN,30,1,8,1,8,6,10,2,1,40.91
101033,CREDIT_CARD,12,1,23,1,6,7,15,1,1,10.39
101033,WITHDRAW,5,1,35,1,9,3,16,3,1,21.15
101012,ACC_OPEN,25,1,33,1,17,4,15,5,1,54.63
101045,LOAN,30,1,3,1,5,2,12,1,0,63.07
101078,DEPOSIT,6,1,11,1,4,4,12,2,0,4.03
101056,DEPOSIT,6,1,23,1,5,4,13,1,0,6.74
101078,CUST_SVC,10,1,2,1,7,4,16,5,1,21.98
101078,CREDIT_CARD,12,1,9,1,7,6,10,5,1,16.05
101033,BIZ_BANK,18,1,25,1,7,7,9,5,1,23.78
101033,ONLINE_SUP,12,1,4,1,6,7,10,2,1,11.67
101078,BIZ_BANK,18,1,42,1,11,6,11,5,1,40.29
101033,BIZ_BANK,18,1,9,1,3,4,14,4,1,16.5
101045,CREDIT_CARD,12,1,4,1,5,6,9,2,1,10.67
101033,REMITTANCE,10,1,18,1,9,8,10,1,1,5.48
101033,ACC_OPEN,25,1,25,1,6,6,15,1,1,33.83
101012,CREDIT_CARD,12,0,23,1,6,7,9,5,1,8.01
101012,INVEST,22,0,5,0,8,4,11,1,1,46.17
101056,REMITTANCE,10,0,13,1,2,2,12,3,0,8.2
101045,CUST_SVC,10,1,8,1,9,6,15,1,1,8.06
101078,CUST_SVC,10,1,11,1,6,6,16,2,1,11.92
101045,ATM_CDM,8,1,16,1,4,8,11,5,1,4.66
101056,ATM_CDM,8,1,6,1,5,4,14,1,1,16.85
101033,DEPOSIT,6,1,20,1,9,6,16,4,1,12.88
101078,CREDIT_CARD,12,1,7,1,3,5,16,5,1,4.04
101056,ATM_CDM,8,1,27,1,9,5,11,2,1,13.68
101033,ATM_CDM,8,0,16,1,9,5,11,2,1,14.9
101012,REMITTANCE,10,1,19,1,6,5,14,2,1,10.8
101056,ACC_OPEN,25,1,48,1,13,6,14,4,1,55.05
101033,REMITTANCE,10,0,33,1,9,6,10,2,1,15.94
101078,FIXED_DEP,15,1,9,1,4,4,12,2,0,17.23
101012,DEPOSIT,6,0,17,1,4,3,12,2,0,7.47
101078,CUST_SVC,10,0,11,1,1,3,12,3,0,1.7
101045,REMITTANCE,10,1,7,1,5,5,14,1,1,14.47
101056,DEPOSIT,6,0,7,1,10,4,13,1,0,15.24
101056,LOAN,30,1,7,1,4,5,11,4,1,24.47
101033,DEPOSIT,6,1,10,1,4,4,9,1,1,10.36
101078,CREDIT_CARD,12,1,8,1,3,4,13,5,0,6.03
101012,ONLINE_SUP,12,1,1,1,8,7,15,2,1,13.1
101012,CUST_SVC,10,0,24,1,5,8,11,5,1,5.48
101045,CREDIT_CARD,12,1,25,1,6,4,9,2,1,16.31
101012,INSURANCE,20,0,10,0,16,6,10,5,1,71.83
101012,CREDIT_CARD,12,1,21,1,8,3,16,2,1,34.4
101033,FIXED_DEP,15,0,16,0,7,7,11,1,1,18.27
101012,DEPOSIT,6,1,49,1,20,5,10,1,1,23.45
101078,CREDIT_CARD,12,1,20,1,7,5,14,1,1,8.15
101033,CREDIT_CARD,12,0,7,1,6,3,16,2,1,29.97
101056,CREDIT_CARD,12,0,23,1,7,4,15,5,1,7.16
101033,ATM_CDM,8,0,22,1,7,4,13,1,0,8.99
101033,CREDIT_CARD,12,1,16,1,11,5,14,5,1,31.25
101012,INVEST,22,1,26,1,9,5,15,2,1,33.98
101033,ATM_CDM,8,1,7,1,7,7,14,5,1,6.81
101056,ATM_CDM,8,0,11,1,7,4,13,5,0,6.3
101056,CUST_SVC,10,1,4,1,9,3,12,1,0,23.23
101056,BIZ_BANK,18,0,19,1,8,5,14,1,1,27.26
101078,CUST_SVC,10,1,11,1,2,5,10,4,1,5.8
101078,CUST_SVC,10,1,13,1,4,2,13,4,0,25.79
101045,CUST_SVC,10,0,5,1,3,6,11,2,1,2.04
101012,CUST_SVC,10,1,15,1,13,4,14,1,1,46.75
101033,ONLINE_SUP,12,1,7,1,5,5,14,1,1,20.23
101078,DEPOSIT,6,1,8,1,13,5,16,1,1,11.16
101012,BIZ_BANK,18,0,5,1,11,5,9,4,1,27.38
101045,ATM_CDM,8,1,2,1,8,5,15,4,1,13.84
101056,CREDIT_CARD,12,0,3,1,7,6,9,2,1,16.72
101045,DEPOSIT,6,1,3,1,5,6,9,5,1,5.1
101012,ACC_OPEN,25,1,29,1,13,6,15,1,1,64.73
101078,CREDIT_CARD,12,1,30,1,7,6,10,1,1,20.98
101078,BIZ_BANK,18,0,19,1,10,5,15,3,1,35.94
101045,CUST_SVC,10,1,15,1,2,4,13,5,0,7.66
101078,DEPOSIT,6,1,9,1,5,5,15,5,1,8.42
101045,BIZ_BANK,18,1,25,1,6,7,11,4,1,17.01
101056,ACC_OPEN,25,1,24,1,6,5,15,5,1,39.52
101056,CUST_SVC,10,1,1,1,4,2,13,5,0,29.17
101045,CUST_SVC,10,1,20,1,4,8,11,4,1,7.77
101045,DEPOSIT,6,0,11,1,2,5,16,4,1,1.97
101012,CREDIT_CARD,12,1,24,1,5,3,13,3,0,20.16
101045,CREDIT_CARD,12,1,24,1,5,7,10,5,1,8.75
101033,REMITTANCE,10,0,3,1,1,4,11,2,1,0.64
101012,ONLINE_SUP,12,0,35,1,10,5,11,1,1,19.14
101033,FIXED_DEP,15,0,48,1,14,4,16,1,1,79.22
101045,INSURANCE,20,1,13,1,4,3,16,3,1,23.89
101012,ATM_CDM,8,1,20,1,4,4,15,4,1,8.89
101056,ATM_CDM,8,1,20,1,4,4,12,2,0,6.93
101012,ONLINE_SUP,12,0,29,1,9,6,14,1,1,14.91
101056,DEPOSIT,6,0,5,1,8,6,10,2,1,7.64
101033,DEPOSIT,6,0,38,0,10,7,9,4,1,13.17
101078,FIXED_DEP,15,0,22,1,6,6,10,5,1,9.76
101012,DEPOSIT,6,0,16,0,5,5,14,3,1,10.11
101033,ACC_OPEN,25,1,18,1,3,4,14,1,1,26.29
101033,ONLINE_SUP,12,1,3,1,8,5,14,3,1,30.62
101056,CREDIT_CARD,12,1,15,1,2,2,12,3,0,11.67
101078,DEPOSIT,6,1,16,1,7,2,13,2,0,15.16
101056,BIZ_BANK,18,1,19,1,14,6,15,4,1,44.36
101056,CREDIT_CARD,12,1,18,1,9,5,11,5,1,28.65
101045,REMITTANCE,10,1,5,1,2,6,9,5,1,4.57
101012,CUST_SVC,10,0,35,1,9,5,16,1,1,16.57
101012,DEPOSIT,6,0,32,1,8,4,16,3,1,9.42
101033,CUST_SVC,10,1,12,1,3,3,16,5,1,9.67
101056,ACC_OPEN,25,1,21,1,6,5,11,1,1,34.05
101056,DEPOSIT,6,1,24,1,6,6,11,4,1,8.62
101033,ACC_OPEN,25,1,3,1,0,5,11,3,1,0.4
101045,INSURANCE,20,0,23,1,5,5,14,1,1,19.1
101012,DEPOSIT,6,1,36,1,10,7,11,4,1,11.71
101033,LOAN,30,1,23,1,6,7,15,1,1,40.36
101012,INVEST,22,0,35,1,10,7,11,4,1,27.25
101056,CUST_SVC,10,1,15,1,5,4,9,1,1,16.36
101045,BIZ_BANK,18,0,10,1,4,2,12,2,0,11.28
101012,ACC_OPEN,25,1,38,1,15,3,16,4,1,90.0
101012,CUST_SVC,10,0,29,1,7,4,14,3,1,24.15
101012,DEPOSIT,6,1,14,1,10,6,15,3,1,15.77
101033,ONLINE_SUP,12,1,8,1,5,5,16,5,1,13.88
101045,ATM_CDM,8,1,15,1,8,6,11,5,1,10.61
101056,INSURANCE,20,1,15,1,10,7,15,5,1,20.81
101033,CUST_SVC,10,1,13,1,7,5,15,5,1,16.74
101012,ACC_OPEN,25,1,46,1,13,7,15,5,1,43.73
101012,REMITTANCE,10,1,33,1,8,4,14,5,1,23.13
101012,CUST_SVC,10,1,4,1,2,5,15,3,1,3.97
101012,CREDIT_CARD,12,1,22,1,5,4,12,1,0,10.26
101033,INVEST,22,0,12,1,7,7,10,2,1,22.23
101012,LOAN,30,1,23,1,9,4,11,4,1,48.58
101056,WITHDRAW,5,0,11,1,6,7,11,5,1,3.9
101056,DEPOSIT,6,0,17,1,3,6,14,1,1,5.67
101045,CREDIT_CARD,12,0,2,1,3,7,16,4,1,3.55
101012,BIZ_BANK,18,1,11,1,9,7,14,5,1,13.02
101033,CUST_SVC,10,1,5,1,6,6,14,4,1,18.87
101056,DEPOSIT,6,1,24,1,7,6,10,3,1,9.7
101078,CUST_SVC,10,0,26,1,6,5,10,4,1,6.73
101078,CREDIT_CARD,12,1,10,1,4,2,12,5,0,19.84
101056,FIXED_DEP,15,0,5,1,10,5,9,2,1,17.73
101045,DEPOSIT,6,1,15,1,2,4,14,2,1,2.65
101056,BIZ_BANK,18,0,16,1,7,8,15,4,1,4.62
101078,CUST_SVC,10,1,11,1,3,5,14,4,1,7.46
101033,REMITTANCE,10,1,13,1,6,4,11,3,1,31.59
101078,WITHDRAW,5,0,12,0,7,4,15,1,1,15.4
101033,CREDIT_CARD,12,0,10,1,3,2,12,4,0,16.67
101012,DEPOSIT,6,0,20,0,7,4,15,2,1,7.82
101045,CUST_SVC,10,0,3,1,3,2,13,5,0,16.14
101078,DEPOSIT,6,0,14,1,13,6,14,2,1,11.83
101012,DEPOSIT,6,1,6,1,4,7,9,1,1,3.65
101033,INSURANCE,20,0,17,0,3,5,10,1,1,20.02
101078,CUST_SVC,10,1,20,1,6,8,14,1,1,7.23
101056,INSURANCE,20,1,35,1,9,6,14,2,1,38.59
101078,CUST_SVC,10,1,5,1,2,4,15,3,1,4.05
101012,CUST_SVC,10,1,20,1,9,6,10,1,1,19.4
101078,ATM_CDM,8,1,11,1,3,6,10,2,1,2.64
101045,WITHDRAW,5,1,3,1,3,6,10,1,1,1.11
101078,DEPOSIT,6,0,5,1,4,4,13,3,0,3.99
101045,ONLINE_SUP,12,1,11,1,4,4,14,3,1,11.08
101056,DEPOSIT,6,1,13,1,14,5,16,1,1,23.95
101056,ATM_CDM,8,1,13,1,8,4,9,5,1,17.52
101012,REMITTANCE,10,0,8,1,7,6,14,5,1,8.3
101012,DEPOSIT,6,1,27,1,7,6,14,2,1,9.03
101012,CUST_SVC,10,1,7,1,8,7,11,4,1,13.52
101056,ATM_CDM,8,1,2,1,8,7,15,5,1,7.15
101033,DEPOSIT,6,0,15,1,3,6,14,3,1,2.96
101012,CUST_SVC,10,1,1,1,9,5,15,2,1,16.78
101033,REMITTANCE,10,1,2,1,2,3,13,3,0,8.61
101012,DEPOSIT,6,0,1,1,7,4,9,4,1,11.32
101033,CREDIT_CARD,12,0,33,1,8,5,16,5,1,22.76
101056,ACC_OPEN,25,1,19,1,8,5,14,1,1,21.37
101012,FIXED_DEP,15,1,13,1,5,3,16,5,1,23.91
101078,ONLINE_SUP,12,0,7,1,8,4,14,1,1,17.06
101033,FIXED_DEP,15,1,26,1,12,6,14,3,1,27.28
101045,CREDIT_CARD,12,1,21,1,4,6,11,2,1,8.2
101033,CUST_SVC,10,0,14,1,3,6,11,5,1,4.46
101045,INSURANCE,20,1,13,1,3,2,13,4,0,43.12
101078,ONLINE_SUP,12,1,27,1,6,4,9,1,1,22.34
101012,ACC_OPEN,25,1,7,1,9,6,9,4,1,65.25
101078,LOAN,30,1,16,1,6,6,16,4,1,35.52
101045,CUST_SVC,10,1,17,1,8,7,10,5,1,11.15
101033,LOAN,30,0,18,1,4,2,13,4,0,34.67
101056,DEPOSIT,6,1,24,1,10,5,9,4,1,9.86
101045,BIZ_BANK,18,0,22,1,13,5,11,1,1,49.51
101033,BIZ_BANK,18,1,15,1,7,5,10,3,1,27.26
101033,LOAN,30,1,3,1,13,5,9,1,1,90.0
101033,ATM_CDM,8,1,10,1,9,2,12,2,0,29.16
101078,ATM_CDM,8,0,7,1,2,3,12,1,0,4.57
101012,ACC_OPEN,25,0,16,1,8,4,10,1,1,66.83
101056,ACC_OPEN,25,1,19,1,4,5,11,1,1,22.48
101078,CREDIT_CARD,12,1,27,1,9,7,15,4,1,18.01
101078,INVEST,22,1,4,1,1,5,9,4,1,3.42
101012,DEPOSIT,6,1,37,1,13,6,14,2,1,18.53
101012,CREDIT_CARD,12,0,26,1,9,7,15,1,1,18.33
101033,INSURANCE,20,1,18,1,7,2,12,5,0,72.55
101012,ONLINE_SUP,12,0,7,1,5,7,11,5,1,6.6
101078,REMITTANCE,10,0,5,1,3,5,11,2,1,4.08
101045,ATM_CDM,8,1,11,1,2,2,13,1,0,10.46
101045,DEPOSIT,6,1,10,1,6,5,10,3,1,7.03
101033,BIZ_BANK,18,0,12,1,8,7,15,1,1,16.56
101056,ACC_OPEN,25,1,20,1,9,4,14,2,1,45.15
101078,INSURANCE,20,1,22,1,8,5,15,3,1,30.6
101078,REMITTANCE,10,1,16,1,4,6,11,1,1,6.52
101012,WITHDRAW,5,0,5,1,5,4,16,2,1,3.73
101078,CUST_SVC,10,1,1,1,0,4,13,2,0,1.71
101056,CREDIT_CARD,12,0,18,1,4,3,13,3,0,17.05
101012,WITHDRAW,5,1,41,1,12,4,10,1,1,29.63
101078,CREDIT_CARD,12,1,15,1,6,5,10,3,1,15.73
101012,CUST_SVC,10,0,18,1,4,8,10,3,1,4.21
101078,CUST_SVC,10,1,2,1,5,4,16,1,1,15.47
101078,ACC_OPEN,25,1,9,1,3,2,12,1,0,24.72
101045,DEPOSIT,6,1,19,1,6,6,11,4,1,7.83
101045,CUST_SVC,10,1,2,1,2,2,13,2,0,12.2
101078,INSURANCE,20,1,3,1,8,4,9,5,1,40.02
101056,BIZ_BANK,18,1,22,1,9,6,15,5,1,31.5
101012,LOAN,30,1,6,1,18,6,14,1,1,86.44
101045,DEPOSIT,6,0,24,1,7,5,16,2,1,5.51
101078,DEPOSIT,6,1,3,1,6,7,11,5,1,3.26
101078,DEPOSIT,6,1,30,1,12,5,10,5,1,13.11
101056,LOAN,30,1,18,1,5,4,14,3,1,43.07
101045,FIXED_DEP,15,1,2,1,1,5,16,3,1,2.26
101012,CREDIT_CARD,12,1,26,1,16,4,14,3,1,45.77
101012,INSURANCE,20,1,14,1,7,4,11,1,1,41.51
101045,DEPOSIT,6,0,21,1,9,7,11,1,1,6.98
101033,FIXED_DEP,15,1,32,1,13,7,10,1,1,45.59
101033,ACC_OPEN,25,0,37,1,10,7,15,1,1,43.04
101012,FIXED_DEP,15,0,4,1,5,5,10,3,1,17.25
101056,BIZ_BANK,18,1,9,1,4,6,9,4,1,6.87
101078,FIXED_DEP,15,1,15,1,4,4,15,2,1,18.21
101045,INVEST,22,1,21,1,8,4,9,4,1,49.85
101012,ATM_CDM,8,1,14,1,4,6,10,3,1,6.79
101045,CUST_SVC,10,1,1,1,3,4,13,2,0,7.17
101012,DEPOSIT,6,1,52,1,16,4,14,2,1,26.82
101012,CUST_SVC,10,0,37,1,10,4,10,5,1,29.33
101078,ONLINE_SUP,12,1,18,1,6,5,14,4,1,18.91
101045,CREDIT_CARD,12,1,13,1,5,4,11,2,1,16.79
101078,BIZ_BANK,18,1,21,1,10,4,14,1,1,41.94
101056,BIZ_BANK,18,1,13,1,7,4,10,4,1,20.19
101056,INSURANCE,20,0,30,1,8,5,9,4,1,30.92
101078,DEPOSIT,6,0,20,1,4,5,14,3,1,4.75
101033,ATM_CDM,8,1,9,1,1,5,11,4,1,3.04
101045,CREDIT_CARD,12,1,22,1,6,2,12,1,0,32.37
101012,WITHDRAW,5,0,29,1,9,4,15,3,1,6.63
101033,ATM_CDM,8,0,32,0,8,4,15,1,1,8.8
101078,FIXED_DEP,15,1,13,1,7,6,9,2,1,27.33
101012,ACC_OPEN,25,1,12,1,4,4,9,1,1,33.24
101012,FIXED_DEP,15,1,10,1,14,4,11,5,1,75.99
101078,LOAN,30,1,20,1,9,6,9,1,1,32.92
101045,FIXED_DEP,15,1,13,1,6,6,15,5,1,22.2
101078,BIZ_BANK,18,0,12,0,2,2,13,5,0,32.97
101033,LOAN,30,1,23,1,9,7,14,3,1,52.2
101012,REMITTANCE,10,1,11,1,7,5,10,2,1,22.37
101078,BIZ_BANK,18,1,4,1,7,7,14,2,1,18.42
101056,ATM_CDM,8,1,15,1,5,7,10,5,1,5.14
101012,BIZ_BANK,18,1,35,1,14,5,16,1,1,67.27
101012,FIXED_DEP,15,0,7,1,7,7,14,2,1,10.82
101078,CUST_SVC,10,1,21,1,8,6,15,5,1,14.8
101056,INVEST,22,1,25,1,13,4,10,1,1,90.0
101045,ATM_CDM,8,1,6,1,4,6,10,1,1,10.64
101012,ONLINE_SUP,12,0,16,1,5,6,9,3,1,8.75
101078,INSURANCE,20,1,7,1,7,4,16,1,1,36.75
101056,REMITTANCE,10,1,30,1,8,7,9,3,1,6.64
101056,ATM_CDM,8,1,9,1,8,4,15,5,1,19.68
101056,CUST_SVC,10,0,23,1,5,4,14,3,1,22.32
101078,ATM_CDM,8,0,4,1,4,7,10,1,1,1.44
101012,LOAN,30,1,24,1,9,7,15,4,1,39.11
101033,CREDIT_CARD,12,0,25,1,9,6,15,1,1,14.17
101012,INVEST,22,0,2,0,9,6,15,2,1,49.77
101078,DEPOSIT,6,1,15,1,2,3,13,3,0,6.18
101033,WITHDRAW,5,1,11,1,8,7,9,4,1,8.35
101056,INVEST,22,1,7,1,5,4,14,3,1,41.16
101012,ONLINE_SUP,12,1,6,1,9,4,9,4,1,17.41
101033,ATM_CDM,8,1,4,1,3,6,11,3,1,5.93
101012,DEPOSIT,6,0,9,0,11,5,11,5,1,17.93
101045,ATM_CDM,8,1,24,1,7,5,9,3,1,16.77
101012,ATM_CDM,8,1,31,1,12,4,14,2,1,40.91
101045,ATM_CDM,8,1,7,1,2,4,14,4,1,5.37
101012,ONLINE_SUP,12,1,3,1,4,3,16,3,1,23.04
101045,CUST_SVC,10,0,28,1,7,4,10,4,1,14.85
101033,FIXED_DEP,15,0,15,1,7,5,11,2,1,22.5
101078,DEPOSIT,6,1,7,1,7,5,14,4,1,8.24
101012,DEPOSIT,6,1,15,1,11,8,14,4,1,10.01
101078,FIXED_DEP,15,1,27,1,6,5,16,5,1,39.27
101056,FIXED_DEP,15,1,17,1,10,4,16,5,1,41.57
101033,BIZ_BANK,18,1,11,1,4,4,9,4,1,14.98
101033,CREDIT_CARD,12,0,9,1,3,4,13,1,0,7.27
101078,BIZ_BANK,18,1,2,1,4,6,9,2,1,17.84
101056,CREDIT_CARD,12,1,21,1,9,3,12,1,0,20.62
101078,DEPOSIT,6,1,23,1,9,5,9,1,1,15.4
101012,CUST_SVC,10,1,26,1,6,6,9,2,1,15.37
101033,CUST_SVC,10,0,5,0,8,6,9,5,1,8.65
101045,BIZ_BANK,18,0,9,1,0,4,13,1,0,0.74
101033,DEPOSIT,6,1,14,1,6,4,11,5,1,6.94
101012,CREDIT_CARD,12,1,4,1,5,7,11,4,1,12.67
101078,ATM_CDM,8,0,14,1,9,5,11,2,1,10.47
101012,DEPOSIT,6,1,13,1,5,5,11,5,1,9.93
101056,CUST_SVC,10,0,21,1,11,4,11,5,1,13.62
101012,BIZ_BANK,18,0,20,1,8,5,9,2,1,40.32
101012,INVEST,22,0,3,1,8,4,10,2,1,37.56
101045,ACC_OPEN,25,0,23,0,5,7,16,5,1,16.33
101033,INSURANCE,20,1,12,1,6,6,14,4,1,13.03
101056,DEPOSIT,6,1,28,1,8,3,13,1,0,17.84
101012,BIZ_BANK,18,1,17,1,19,6,10,1,1,65.21
101045,ATM_CDM,8,0,12,1,2,2,13,2,0,7.11
101033,ONLINE_SUP,12,1,33,1,9,5,10,5,1,24.57
101045,CUST_SVC,10,1,3,1,7,2,12,5,0,48.58
101078,REMITTANCE,10,1,11,1,2,4,14,5,1,2.95
101045,BIZ_BANK,18,1,4,1,2,5,16,5,1,7.41
101078,DEPOSIT,6,0,1,0,2,3,12,1,0,3.43
101012,WITHDRAW,5,1,7,1,10,7,14,4,1,5.71
101012,CREDIT_CARD,12,1,8,1,4,5,9,2,1,9.33
101033,INSURANCE,20,0,4,1,7,6,10,4,1,18.07
101012,CUST_SVC,10,1,25,1,7,4,14,5,1,21.16
101012,CUST_SVC,10,1,5,1,11,4,16,1,1,16.47
101012,DEPOSIT,6,0,18,1,10,4,11,1,1,11.63
101078,DEPOSIT,6,1,18,1,5,5,16,4,1,9.03
101056,DEPOSIT,6,1,30,1,8,3,16,1,1,25.26
101012,INVEST,22,1,5,1,1,2,13,3,0,12.5
101012,ATM_CDM,8,1,12,1,8,5,11,1,1,14.47
101056,DEPOSIT,6,0,2,1,5,4,9,1,1,8.3
101056,DEPOSIT,6,1,30,1,10,5,10,1,1,21.17
101045,BIZ_BANK,18,1,11,1,8,4,10,3,1,24.11
101033,CUST_SVC,10,1,17,1,6,4,10,1,1,18.41
101078,CUST_SVC,10,1,6,1,6,6,10,2,1,7.11
101045,CREDIT_CARD,12,1,9,1,4,6,14,1,1,11.07
101056,INVEST,22,1,17,1,9,5,10,1,1,66.77
101056,CREDIT_CARD,12,0,18,1,4,6,9,3,1,6.82
101078,CREDIT_CARD,12,1,13,1,2,6,14,1,1,5.05
101078,ACC_OPEN,25,1,35,1,12,6,9,5,1,69.08
101033,BIZ_BANK,18,1,17,1,5,4,9,2,1,18.52
101012,ACC_OPEN,25,1,26,1,7,7,11,3,1,40.53
101045,CREDIT_CARD,12,0,17,1,4,6,16,2,1,5.98
101045,LOAN,30,1,12,1,2,3,12,2,0,19.44
101033,CUST_SVC,10,1,32,1,10,6,10,1,1,23.72
101078,INVEST,22,0,16,1,6,7,14,3,1,13.99
101078,REMITTANCE,10,1,15,1,5,6,15,3,1,14.21
101033,DEPOSIT,6,0,11,0,8,4,14,1,1,23.89
101045,CREDIT_CARD,12,1,5,1,8,5,11,2,1,24.36
101033,DEPOSIT,6,1,8,1,6,5,9,2,1,5.3
101045,ACC_OPEN,25,1,6,1,8,5,15,5,1,38.33
101078,LOAN,30,1,30,1,11,7,10,3,1,61.56
101012,DEPOSIT,6,1,37,1,11,6,15,2,1,9.01
101078,CUST_SVC,10,0,12,1,4,4,12,2,0,5.65
101012,INSURANCE,20,1,14,1,10,7,10,5,1,35.15
101078,CREDIT_CARD,12,1,21,1,4,4,11,1,1,13.94
101012,LOAN,30,0,9,1,7,6,9,3,1,20.72
101045,DEPOSIT,6,1,36,1,14,5,15,1,1,17.68
101045,FIXED_DEP,15,1,7,1,4,4,14,2,1,20.05
101012,ONLINE_SUP,12,1,41,1,13,7,16,3,1,32.23
101056,LOAN,30,1,16,1,5,5,16,4,1,28.53
101045,ACC_OPEN,25,1,14,1,7,7,15,1,1,23.67
101045,INVEST,22,1,1,1,3,6,9,3,1,16.54
101056,DEPOSIT,6,1,13,1,7,6,15,1,1,9.3
101012,DEPOSIT,6,1,4,1,7,3,13,1,0,9.59
101056,WITHDRAW,5,0,4,1,8,4,11,1,1,9.8
101056,ACC_OPEN,25,1,27,1,10,6,14,2,1,74.68
101056,CUST_SVC,10,1,8,1,9,4,14,2,1,29.07
101056,CUST_SVC,10,1,15,1,6,5,9,2,1,15.98
101056,ATM_CDM,8,1,13,1,11,7,15,4,1,7.93
101012,INSURANCE,20,1,21,1,6,6,15,4,1,23.03
101045,INSURANCE,20,0,7,1,6,3,16,2,1,37.57
101012,CREDIT_CARD,12,0,14,1,9,4,9,4,1,33.14
101056,ATM_CDM,8,0,15,1,7,5,14,4,1,7.14
101033,DEPOSIT,6,1,30,1,7,6,14,5,1,9.42
101078,ACC_OPEN,25,0,9,1,1,3,16,4,1,5.81
101078,BIZ_BANK,18,1,9,1,10,7,14,5,1,31.56
101045,INSURANCE,20,0,4,1,1,2,13,4,0,7.01
101045,ONLINE_SUP,12,0,8,1,2,3,12,4,0,7.21
101012,INVEST,22,1,3,1,7,6,9,2,1,27.67
101056,REMITTANCE,10,1,10,1,7,5,14,2,1,15.87
101012,ATM_CDM,8,0,20,1,6,7,14,3,1,7.09
101056,DEPOSIT,6,0,8,1,8,6,9,1,1,6.1
101078,CUST_SVC,10,0,15,1,5,2,13,2,0,16.95
101012,CREDIT_CARD,12,1,26,1,7,2,12,5,0,46.01
101078,REMITTANCE,10,1,15,1,2,4,15,1,1,6.39
101045,DEPOSIT,6,1,9,1,7,4,9,3,1,7.07
101078,BIZ_BANK,18,1,27,1,8,5,9,4,1,33.5
101056,BIZ_BANK,18,1,28,1,10,6,11,4,1,38.34
101056,LOAN,30,0,31,1,11,6,9,1,1,73.24
101045,ONLINE_SUP,12,1,15,1,9,6,15,5,1,20.53
101033,CREDIT_CARD,12,0,28,1,7,8,14,4,1,10.32
101033,CUST_SVC,10,1,3,1,11,4,10,4,1,23.84
101078,CUST_SVC,10,1,3,1,5,5,15,1,1,12.59
101033,REMITTANCE,10,1,15,1,9,6,15,4,1,17.49
101012,ONLINE_SUP,12,1,5,1,5,3,13,1,0,17.46
101012,LOAN,30,1,16,1,3,3,16,2,1,50.84
101045,LOAN,30,0,12,1,5,4,15,1,1,34.25
101012,ACC_OPEN,25,1,10,1,1,3,12,4,0,12.64
101056,DEPOSIT,6,0,25,1,6,4,9,4,1,13.06
101056,ATM_CDM,8,0,15,1,6,4,9,1,1,20.19
101078,LOAN,30,0,1,1,11,6,15,5,1,50.47
101056,ATM_CDM,8,0,21,0,4,7,14,4,1,4.39
101078,FIXED_DEP,15,1,17,1,5,7,11,5,1,16.06
101056,DEPOSIT,6,0,12,1,6,2,13,3,0,17.32
101045,CUST_SVC,10,1,10,1,2,4,13,1,0,8.76
101078,WITHDRAW,5,0,23,0,10,7,14,1,1,7.37
101012,CUST_SVC,10,1,28,1,10,5,15,1,1,13.71
101012,CUST_SVC,10,1,40,1,11,4,15,1,1,38.16
101033,REMITTANCE,10,1,3,1,10,4,14,1,1,27.0
101033,BIZ_BANK,18,1,26,1,6,7,14,5,1,17.05
101045,CREDIT_CARD,12,1,9,1,5,7,10,3,1,10.57
101033,DEPOSIT,6,1,1,1,13,6,9,1,1,13.18
101012,ACC_OPEN,25,1,25,1,8,4,15,2,1,83.42
101078,CREDIT_CARD,12,1,22,1,7,6,11,5,1,17.11
101033,FIXED_DEP,15,0,17,1,6,7,11,4,1,18.88
101078,REMITTANCE,10,0,18,1,6,6,11,3,1,10.09
101056,DEPOSIT,6,1,44,1,15,5,10,1,1,22.13
101045,ATM_CDM,8,1,9,1,5,4,11,1,1,8.08
101045,CREDIT_CARD,12,1,3,1,2,4,14,3,1,4.91
101033,BIZ_BANK,18,1,36,1,9,4,9,5,1,60.35
101033,DEPOSIT,6,1,15,1,12,7,9,5,1,11.25
101012,ACC_OPEN,25,1,13,1,9,5,10,4,1,37.36
101078,DEPOSIT,6,0,21,1,11,4,10,1,1,13.52
101045,INSURANCE,20,0,19,1,8,5,11,5,1,29.84
101012,ONLINE_SUP,12,0,26,1,9,6,9,1,1,22.44
101012,CREDIT_CARD,12,0,9,1,9,6,16,5,1,15.37
101033,INVEST,22,1,23,1,9,6,9,1,1,60.76
101045,BIZ_BANK,18,0,14,1,6,6,10,4,1,20.28
101012,FIXED_DEP,15,1,3,1,9,5,9,5,1,33.27
101033,CREDIT_CARD,12,1,10,1,4,4,12,2,0,8.94
101045,DEPOSIT,6,0,23,1,6,4,14,1,1,8.02
101033,CUST_SVC,10,0,11,1,10,6,9,1,1,16.47
101078,INSURANCE,20,0,25,1,6,5,14,5,1,33.71
101033,DEPOSIT,6,1,16,1,3,4,12,2,0,4.32
101056,ACC_OPEN,25,1,14,1,6,4,12,1,0,42.74
101078,DEPOSIT,6,0,34,1,9,6,14,1,1,12.0
101056,DEPOSIT,6,1,4,1,7,5,15,3,1,7.0
101078,ACC_OPEN,25,1,33,1,10,7,16,1,1,37.58
101045,ATM_CDM,8,1,18,1,6,4,15,1,1,9.57
101012,ATM_CDM,8,1,1,1,5,6,10,2,1,7.67
101056,INSURANCE,20,1,15,1,10,4,15,4,1,50.52
101056,FIXED_DEP,15,0,24,1,5,4,16,1,1,15.27
101078,ATM_CDM,8,0,12,1,7,5,15,5,1,11.37
101012,CUST_SVC,10,1,36,1,17,5,15,1,1,40.67
101045,CUST_SVC,10,1,16,1,8,6,14,5,1,23.98
101078,BIZ_BANK,18,1,25,1,9,5,16,1,1,25.97
101056,WITHDRAW,5,1,14,1,7,6,15,3,1,8.84
101012,BIZ_BANK,18,0,4,1,9,6,15,1,1,26.69
101078,DEPOSIT,6,1,23,1,5,5,15,1,1,8.65
101012,LOAN,30,1,16,1,7,4,11,4,1,16.73
101045,CREDIT_CARD,12,1,4,1,5,4,14,2,1,22.05
101033,INSURANCE,20,1,8,1,4,4,9,1,1,30.54
101033,REMITTANCE,10,1,17,1,4,6,14,3,1,4.7
101033,CUST_SVC,10,1,2,1,5,5,9,1,1,16.06
101045,LOAN,30,1,15,1,8,8,15,2,1,28.06
101033,CUST_SVC,10,1,18,1,4,6,10,4,1,5.94
101078,DEPOSIT,6,1,24,1,9,3,13,1,0,12.73
101033,INVEST,22,1,11,1,1,4,13,2,0,5.1
101045,DEPOSIT,6,1,10,1,1,2,12,5,0,2.18
101056,LOAN,30,1,2,1,7,4,15,5,1,45.24
101012,CUST_SVC,10,1,15,1,7,3,16,3,1,30.52
101056,ATM_CDM,8,1,3,1,8,6,11,4,1,12.58
101045,DEPOSIT,6,1,14,1,2,6,14,1,1,1.54
101045,REMITTANCE,10,1,4,1,3,7,10,3,1,6.11
101056,CUST_SVC,10,1,16,1,3,5,10,2,1,2.16
101012,CUST_SVC,10,1,7,1,12,5,11,1,1,44.36
101078,LOAN,30,0,13,1,2,3,13,5,0,17.74
101078,LOAN,30,1,18,1,5,8,14,1,1,33.24
101056,ATM_CDM,8,0,10,1,7,5,10,2,1,9.37
101012,CUST_SVC,10,0,45,1,13,8,10,1,1,16.56
101045,DEPOSIT,6,1,14,1,5,7,15,2,1,5.17
101033,FIXED_DEP,15,1,5,1,9,5,14,1,1,34.01
101078,ACC_OPEN,25,1,4,1,3,7,9,4,1,12.18
101056,BIZ_BANK,18,1,13,1,8,5,15,2,1,40.99
101045,ACC_OPEN,25,1,2,1,5,6,11,4,1,27.73
101078,DEPOSIT,6,1,1,1,4,6,14,4,1,5.48
101012,ATM_CDM,8,1,19,1,4,4,9,3,1,2.11
101033,ONLINE_SUP,12,1,6,1,5,4,13,1,0,16.78
101012,CUST_SVC,10,1,37,1,13,4,16,5,1,36.46
101078,BIZ_BANK,18,1,4,1,3,4,12,4,0,14.16
101078,CREDIT_CARD,12,1,21,1,4,6,9,1,1,10.75
101033,CUST_SVC,10,1,2,1,5,4,13,2,0,18.98
101012,LOAN,30,1,16,1,4,4,13,3,0,44.09
101045,CREDIT_CARD,12,0,12,1,6,4,15,1,1,15.24
101078,CUST_SVC,10,1,10,1,2,5,11,4,1,4.74
101033,FIXED_DEP,15,1,28,1,11,5,9,1,1,31.19
101056,ACC_OPEN,25,1,12,1,8,6,16,5,1,46.65
101078,ATM_CDM,8,0,23,1,9,6,14,5,1,6.29
101056,ATM_CDM,8,1,5,1,8,6,14,4,1,7.84
101012,WITHDRAW,5,1,20,1,11,6,11,2,1,12.73
101033,CUST_SVC,10,1,22,1,6,4,10,3,1,15.62
101045,DEPOSIT,6,1,27,1,8,4,11,5,1,21.85
101012,LOAN,30,1,6,1,6,7,14,4,1,24.84
101078,CUST_SVC,10,1,30,1,9,2,13,1,0,51.68
101033,LOAN,30,1,21,1,7,5,9,1,1,64.81
101033,CUST_SVC,10,1,19,1,10,4,11,1,1,18.15
101012,DEPOSIT,6,1,48,1,14,6,11,1,1,16.48
101045,INSURANCE,20,0,4,1,0,3,13,2,0,0.0
101045,FIXED_DEP,15,1,19,1,13,5,10,4,1,68.19
101033,CUST_SVC,10,1,23,1,6,2,12,5,0,36.48
101078,CREDIT_CARD,12,0,26,1,7,8,15,5,1,13.89
101012,INVEST,22,0,16,1,13,6,11,4,1,50.97
101045,CREDIT_CARD,12,1,5,1,0,8,10,2,1,0.59
101045,DEPOSIT,6,0,13,1,3,4,13,1,0,4.05
101033,ATM_CDM,8,0,19,1,5,7,16,2,1,4.8
101012,BIZ_BANK,18,0,19,0,5,5,11,2,1,22.88
101078,WITHDRAW,5,0,38,1,12,5,10,1,1,12.85
101045,BIZ_BANK,18,0,19,1,6,3,12,2,0,23.62
101033,ACC_OPEN,25,0,6,1,3,4,12,5,0,16.5
101078,FIXED_DEP,15,1,3,1,2,3,12,1,0,11.48
101033,CREDIT_CARD,12,1,32,1,12,6,10,5,1,32.55
101045,FIXED_DEP,15,1,14,1,2,8,9,4,1,4.57
101056,LOAN,30,0,8,0,8,5,15,4,1,72.03
101078,DEPOSIT,6,1,5,1,5,6,10,2,1,9.29
101045,ONLINE_SUP,12,1,21,1,8,5,14,1,1,22.26
101033,ATM_CDM,8,1,2,1,10,5,15,4,1,21.05
101012,REMITTANCE,10,0,17,1,12,6,9,1,1,24.23
101056,CUST_SVC,10,0,13,1,10,4,10,4,1,17.42
101078,REMITTANCE,10,1,37,1,15,4,10,1,1,42.89
101033,BIZ_BANK,18,1,18,1,6,6,15,2,1,18.12
101033,REMITTANCE,10,1,5,1,13,5,10,3,1,23.35
101045,CUST_SVC,10,1,23,1,8,5,10,3,1,14.89
101078,ACC_OPEN,25,0,4,1,6,6,10,3,1,12.26
101078,CREDIT_CARD,12,0,11,1,4,6,10,4,1,9.88
101078,ATM_CDM,8,1,13,1,3,5,16,2,1,6.02
101045,CREDIT_CARD,12,1,23,1,5,5,16,3,1,15.47
101056,CUST_SVC,10,0,16,1,13,5,11,2,1,17.38
101045,INVEST,22,1,21,1,4,4,13,2,0,35.73
101056,DEPOSIT,6,0,17,1,5,3,16,1,1,5.24
101056,INSURANCE,20,1,2,1,5,2,13,5,0,69.13
101078,INVEST,22,1,23,1,8,5,11,1,1,25.88
101033,LOAN,30,0,18,1,4,2,12,4,0,36.94
101012,CUST_SVC,10,1,13,1,10,5,15,5,1,33.5
101078,CUST_SVC,10,1,1,1,3,4,12,5,0,9.35
101045,WITHDRAW,5,1,25,1,6,4,13,4,0,10.09
101078,DEPOSIT,6,1,7,1,6,3,13,5,0,14.48
101045,ATM_CDM,8,1,7,1,2,3,16,2,1,8.58
101033,BIZ_BANK,18,1,37,1,17,3,16,1,1,56.52
101033,CUST_SVC,10,1,11,1,4,3,13,4,0,20.76
101033,ATM_CDM,8,1,26,1,9,8,15,3,1,12.79
101012,REMITTANCE,10,1,48,1,13,6,10,4,1,31.81
101012,DEPOSIT,6,0,34,0,12,5,9,1,1,14.68
101045,CUST_SVC,10,1,15,1,8,4,14,5,1,22.88
101078,ACC_OPEN,25,1,13,1,5,7,9,5,1,19.82
101078,CUST_SVC,10,1,13,1,3,4,14,5,1,7.13
101012,ATM_CDM,8,0,51,1,14,5,14,5,1,23.23
101033,DEPOSIT,6,1,1,1,0,4,12,2,0,0.84
101045,REMITTANCE,10,1,26,1,8,5,10,2,1,23.19
101078,REMITTANCE,10,1,10,1,6,5,14,3,1,10.44
101012,ONLINE_SUP,12,0,19,1,9,4,10,3,1,19.32
101012,INSURANCE,20,1,12,1,3,3,12,2,0,21.97
101033,CREDIT_CARD,12,0,3,1,7,6,11,1,1,7.25
101045,ONLINE_SUP,12,0,14,1,5,6,9,1,1,5.57
101012,REMITTANCE,10,1,4,1,7,2,12,5,0,45.74
101056,FIXED_DEP,15,1,31,1,10,4,9,1,1,38.54
101033,ONLINE_SUP,12,1,11,1,8,4,15,2,1,31.49
101045,ATM_CDM,8,1,8,1,8,7,15,1,1,13.43
101078,INSURANCE,20,0,2,0,6,4,14,1,1,21.27
101045,CREDIT_CARD,12,1,31,1,9,4,16,4,1,40.5
101045,ONLINE_SUP,12,1,10,1,2,3,13,1,0,10.21
101045,CUST_SVC,10,0,21,1,14,5,10,1,1,36.77
101045,LOAN,30,1,7,1,4,5,9,3,1,31.18
101045,REMITTANCE,10,0,2,1,8,4,10,3,1,15.12
101056,ATM_CDM,8,1,31,1,8,7,14,1,1,8.49
101045,DEPOSIT,6,1,25,1,7,6,14,2,1,8.32
101056,ATM_CDM,8,1,15,1,7,5,15,1,1,10.33
101033,DEPOSIT,6,0,19,1,6,5,10,5,1,6.17
101012,INSURANCE,20,1,17,1,11,6,15,1,1,31.01
101078,LOAN,30,1,15,1,2,4,13,5,0,17.75
101033,CUST_SVC,10,1,5,1,3,6,14,4,1,6.26
101033,DEPOSIT,6,0,5,1,5,8,10,4,1,5.51
101056,INSURANCE,20,0,20,1,5,5,10,2,1,12.78
101078,CREDIT_CARD,12,1,18,1,11,5,10,4,1,22.45
101033,ONLINE_SUP,12,1,35,1,9,5,9,4,1,29.05
101045,ATM_CDM,8,1,27,1,8,5,15,2,1,9.57
101078,REMITTANCE,10,1,31,1,10,3,16,5,1,17.1
101056,CUST_SVC,10,1,15,1,3,4,12,5,0,8.94
101078,CREDIT_CARD,12,1,13,1,2,6,10,2,1,6.55
101078,CREDIT_CARD,12,0,1,1,9,5,15,3,1,21.44
101033,ACC_OPEN,25,1,4,1,5,5,9,3,1,34.08
101012,ATM_CDM,8,0,6,0,8,4,10,1,1,14.45
101056,CUST_SVC,10,0,27,1,8,6,15,1,1,15.04
101045,BIZ_BANK,18,1,3,1,10,5,10,2,1,34.84
101078,INSURANCE,20,1,18,1,3,5,11,5,1,15.84
101033,CREDIT_CARD,12,0,25,1,7,4,15,2,1,35.8
101033,CUST_SVC,10,0,11,1,3,6,10,4,1,7.07
101033,DEPOSIT,6,1,8,1,11,5,10,3,1,10.58
101045,CUST_SVC,10,1,4,1,3,7,15,2,1,3.79
101045,CREDIT_CARD,12,1,18,1,4,4,9,1,1,18.85
101033,LOAN,30,0,20,1,14,4,9,1,1,90.0
101045,ACC_OPEN,25,0,23,1,5,4,10,3,1,36.6
101012,CREDIT_CARD,12,0,31,1,8,6,10,1,1,21.93
101033,ONLINE_SUP,12,1,32,1,8,4,11,4,1,38.63
101012,CUST_SVC,10,1,9,1,5,5,15,3,1,10.81
101012,DEPOSIT,6,1,38,1,12,6,15,2,1,9.45
101045,DEPOSIT,6,1,6,1,9,6,15,1,1,13.51
101045,CUST_SVC,10,1,12,1,1,4,12,4,0,5.84
101056,INSURANCE,20,0,4,1,5,4,11,5,1,29.18
101056,CUST_SVC,10,0,21,0,5,6,15,1,1,7.91
101033,ATM_CDM,8,1,5,1,6,4,14,1,1,18.37
101012,ACC_OPEN,25,1,29,1,8,4,14,1,1,61.41
101033,DEPOSIT,6,0,27,1,10,8,9,1,1,8.68
101078,DEPOSIT,6,0,9,1,0,3,13,2,0,1.11
101078,ATM_CDM,8,1,3,1,1,4,12,4,0,2.06
101033,CREDIT_CARD,12,1,55,1,16,5,10,4,1,49.79
101056,BIZ_BANK,18,1,2,1,3,4,12,1,0,13.48
101056,FIXED_DEP,15,0,1,1,9,6,10,4,1,25.64
101056,CREDIT_CARD,12,1,8,1,5,4,14,3,1,24.71
101078,REMITTANCE,10,1,25,1,7,4,14,4,1,22.83
101078,ATM_CDM,8,1,3,1,2,5,14,2,1,4.39
101056,INVEST,22,0,44,0,13,5,15,1,1,56.56
101012,REMITTANCE,10,0,28,1,11,5,15,3,1,7.68
101078,CUST_SVC,10,0,13,1,8,5,10,3,1,10.81
101012,CUST_SVC,10,1,17,1,8,4,13,5,0,26.02
101045,CUST_SVC,10,1,22,1,5,6,9,3,1,6.12
101045,DEPOSIT,6,1,12,1,5,5,14,1,1,6.42
101012,CREDIT_CARD,12,1,19,1,6,4,11,2,1,31.15
101078,ATM_CDM,8,1,14,1,6,2,13,2,0,34.37
101078,CUST_SVC,10,1,1,1,1,3,12,4,0,5.48
101045,ATM_CDM,8,1,9,1,3,5,14,2,1,5.32
101033,ACC_OPEN,25,1,12,1,7,6,9,1,1,38.77
101078,ACC_OPEN,25,1,29,1,10,6,9,5,1,41.34
101045,CUST_SVC,10,1,14,1,11,6,14,1,1,24.53
101033,CREDIT_CARD,12,1,22,1,11,6,11,1,1,32.95
101056,ACC_OPEN,25,0,12,1,3,2,13,4,0,42.61
101078,ONLINE_SUP,12,1,35,1,10,7,10,1,1,28.3
101045,CREDIT_CARD,12,1,9,1,4,5,11,5,1,10.8
101056,ATM_CDM,8,1,7,1,9,4,15,3,1,19.77
101012,FIXED_DEP,15,0,11,0,8,7,15,4,1,19.33
101033,REMITTANCE,10,1,1,1,8,7,10,1,1,6.29
101033,DEPOSIT,6,1,7,1,4,6,16,4,1,4.87
101045,DEPOSIT,6,1,23,1,13,5,10,2,1,23.16
101056,CREDIT_CARD,12,0,58,1,22,7,10,1,1,43.27
101078,DEPOSIT,6,0,20,1,5,5,14,1,1,5.28
101033,CUST_SVC,10,0,5,1,4,2,13,5,0,14.84
101056,REMITTANCE,10,1,22,1,12,5,14,2,1,25.15
101045,FIXED_DEP,15,1,4,1,9,6,16,5,1,37.13
101078,REMITTANCE,10,0,39,0,10,5,16,1,1,10.46
101045,CUST_SVC,10,1,18,1,9,4,9,1,1,19.26
101078,DEPOSIT,6,1,1,1,3,7,10,3,1,2.73
101078,DEPOSIT,6,1,25,1,7,6,15,3,1,8.7
101078,ATM_CDM,8,1,18,1,3,3,13,2,0,12.96
101056,ACC_OPEN,25,1,16,1,6,7,10,4,1,28.01
101078,INSURANCE,20,1,7,1,1,3,12,3,0,7.52
101045,CREDIT_CARD,12,1,18,1,7,3,16,4,1,28.88
101033,REMITTANCE,10,0,23,1,6,7,15,2,1,9.19
101045,CUST_SVC,10,1,2,1,2,4,12,4,0,5.45
101012,CUST_SVC,10,1,12,1,10,7,9,1,1,17.19
101012,ACC_OPEN,25,1,6,1,6,6,11,3,1,37.33
101045,CUST_SVC,10,1,8,1,4,4,10,3,1,5.86
101078,ACC_OPEN,25,1,11,1,4,4,14,3,1,24.72
101012,ATM_CDM,8,1,1,1,4,3,12,4,0,16.61
101078,INSURANCE,20,0,29,1,13,4,10,2,1,71.7
101078,INVEST,22,1,7,1,2,2,13,1,0,16.98
101012,CREDIT_CARD,12,1,18,1,9,4,9,5,1,32.11
101078,DEPOSIT,6,1,9,1,10,6,14,1,1,12.57
101078,BIZ_BANK,18,1,41,1,11,8,10,5,1,26.11
101056,CUST_SVC,10,1,22,1,8,6,10,4,1,17.69
101033,ACC_OPEN,25,0,38,1,10,6,10,2,1,43.65
101033,CREDIT_CARD,12,1,9,1,4,4,13,1,0,8.23
101078,CREDIT_CARD,12,1,15,1,4,5,14,5,1,7.01
101045,CUST_SVC,10,1,18,1,3,3,12,5,0,6.28
101012,REMITTANCE,10,0,24,1,10,4,9,2,1,25.83
101078,BIZ_BANK,18,1,17,1,4,4,10,4,1,22.51
101078,INSURANCE,20,0,1,1,2,2,12,1,0,20.15
101045,REMITTANCE,10,1,15,1,4,6,11,1,1,2.5
101012,ATM_CDM,8,1,2,1,14,7,10,1,1,22.66
101033,CREDIT_CARD,12,0,12,0,12,5,15,1,1,23.77
101056,DEPOSIT,6,1,5,1,5,2,13,4,0,14.02
101033,LOAN,30,0,7,1,4,6,11,1,1,15.15
101078,REMITTANCE,10,1,5,1,8,4,9,4,1,25.4
101012,WITHDRAW,5,1,4,1,4,4,12,5,0,5.54
101045,BIZ_BANK,18,1,25,1,8,5,9,1,1,26.33
101045,CREDIT_CARD,12,0,23,1,8,6,11,5,1,12.29
101056,CUST_SVC,10,0,25,1,6,6,16,1,1,9.75
101045,CUST_SVC,10,0,23,1,9,6,16,1,1,14.16
101045,DEPOSIT,6,1,15,1,7,6,15,2,1,7.76
101045,CREDIT_CARD,12,1,6,1,0,4,12,5,0,1.13
101033,INSURANCE,20,1,15,1,4,4,16,2,1,24.54
101033,ATM_CDM,8,1,8,1,8,8,11,4,1,7.28
101045,CREDIT_CARD,12,0,16,1,9,6,10,5,1,23.89
101078,CUST_SVC,10,0,12,1,3,2,12,5,0,14.36
101078,ACC_OPEN,25,1,1,1,4,4,11,2,1,16.31
101045,DEPOSIT,6,0,5,1,1,4,14,4,1,2.67
101078,DEPOSIT,6,0,31,1,8,5,10,2,1,9.02
101045,CUST_SVC,10,1,26,1,6,4,10,1,1,12.56
101056,INVEST,22,1,5,1,5,3,16,1,1,51.33
101012,CREDIT_CARD,12,1,4,1,5,7,9,3,1,8.35
101045,ATM_CDM,8,1,13,1,2,3,13,5,0,6.44
101045,DEPOSIT,6,1,6,1,5,6,9,2,1,5.58
101033,CREDIT_CARD,12,1,8,1,10,7,14,5,1,9.65
101056,LOAN,30,1,14,1,8,4,10,1,1,89.16
101012,REMITTANCE,10,1,3,1,4,5,14,3,1,8.09
101056,ATM_CDM,8,1,19,1,7,4,15,4,1,29.57
101078,ATM_CDM,8,1,26,1,7,6,16,4,1,7.71
101078,DEPOSIT,6,1,18,1,10,5,10,1,1,10.27
101078,ACC_OPEN,25,1,12,1,2,4,10,4,1,7.98
101078,ACC_OPEN,25,1,19,1,10,7,9,4,1,28.08
101033,INSURANCE,20,0,20,0,11,3,16,5,1,90.0
101056,CUST_SVC,10,1,16,1,8,5,15,2,1,10.0
101056,BIZ_BANK,18,1,23,1,11,7,14,1,1,36.44
101056,CUST_SVC,10,1,8,1,0,2,12,4,0,0.65
101012,ACC_OPEN,25,1,16,1,7,6,11,2,1,27.41
101056,DEPOSIT,6,1,1,1,3,5,16,5,1,3.62
101012,INVEST,22,1,31,1,15,5,15,1,1,44.51
101012,WITHDRAW,5,1,12,1,4,4,12,3,0,9.33
101078,DEPOSIT,6,1,20,1,5,4,11,2,1,4.58
101012,ATM_CDM,8,1,8,1,8,4,14,5,1,21.66
101012,CREDIT_CARD,12,1,2,1,10,2,13,5,0,44.98
101045,INSURANCE,20,1,7,1,1,4,13,5,0,9.19
101056,DEPOSIT,6,0,35,1,9,4,10,3,1,12.19
101033,DEPOSIT,6,0,32,1,8,6,10,2,1,6.36
101045,ACC_OPEN,25,1,4,1,4,5,15,3,1,20.15
101056,ACC_OPEN,25,1,19,1,4,3,12,2,0,39.13
101045,ACC_OPEN,25,0,1,1,4,7,14,3,1,21.81
101056,BIZ_BANK,18,0,3,1,6,6,14,3,1,23.3
101078,CREDIT_CARD,12,0,12,1,4,6,14,3,1,5.67
101056,ATM_CDM,8,1,5,1,7,5,10,1,1,14.62
101033,FIXED_DEP,15,1,25,1,8,5,16,1,1,25.71
101056,CUST_SVC,10,1,23,1,5,8,10,4,1,5.72
101033,WITHDRAW,5,0,16,1,4,2,12,4,0,13.24
101078,ATM_CDM,8,0,5,1,9,7,10,1,1,12.06
101012,INSURANCE,20,1,38,1,11,8,15,3,1,40.88
101078,ACC_OPEN,25,1,26,1,12,4,9,5,1,55.62
101012,LOAN,30,0,30,0,9,7,10,1,1,58.74
101033,CUST_SVC,10,0,22,1,5,4,10,4,1,8.76
101045,DEPOSIT,6,1,23,1,6,2,13,5,0,13.08
101056,CUST_SVC,10,1,6,1,11,5,15,1,1,21.07
101045,CUST_SVC,10,0,4,1,4,6,14,1,1,6.42
101056,WITHDRAW,5,1,7,1,11,3,16,5,1,29.07
101012,LOAN,30,0,15,1,4,4,11,4,1,23.77
101078,ONLINE_SUP,12,0,3,1,5,4,9,5,1,12.57
101012,ATM_CDM,8,1,19,1,5,3,13,4,0,13.92
101056,CREDIT_CARD,12,1,35,1,9,3,13,1,0,36.55
101045,ONLINE_SUP,12,0,12,1,4,2,13,1,0,29.4
101078,ATM_CDM,8,1,27,1,7,4,9,2,1,13.99
101012,ATM_CDM,8,0,21,1,4,5,11,3,1,8.17
101078,DEPOSIT,6,0,28,1,7,6,16,3,1,5.41
101033,CUST_SVC,10,1,7,1,6,5,11,5,1,11.8
101045,CREDIT_CARD,12,1,6,1,4,8,11,4,1,6.58
101012,INSURANCE,20,0,6,1,9,5,11,1,1,40.42
101078,DEPOSIT,6,1,37,1,10,6,10,1,1,19.73
101012,INSURANCE,20,0,15,0,9,4,15,2,1,31.28
101033,CREDIT_CARD,12,1,36,1,9,8,10,3,1,8.48
101078,ACC_OPEN,25,1,16,1,11,3,16,2,1,90.0
101056,DEPOSIT,6,1,7,1,6,4,16,3,1,9.55
101033,BIZ_BANK,18,1,6,1,4,6,10,4,1,19.12
101033,CUST_SVC,10,1,9,1,9,5,11,2,1,13.92
101033,INVEST,22,1,3,1,4,6,15,2,1,24.44
101056,CUST_SVC,10,1,23,1,6,5,9,5,1,14.0
101056,WITHDRAW,5,1,33,1,8,3,12,5,0,14.96
101012,CREDIT_CARD,12,0,31,1,8,6,9,3,1,14.39
101012,BIZ_BANK,18,1,45,1,14,5,10,1,1,73.64
101056,ACC_OPEN,25,1,32,1,12,6,14,5,1,47.66
101045,REMITTANCE,10,1,5,1,2,7,11,1,1,4.94
101012,DEPOSIT,6,1,39,1,10,4,15,2,1,24.09
101033,CUST_SVC,10,1,18,1,9,6,9,3,1,25.56
101078,ATM_CDM,8,1,35,1,9,4,16,5,1,24.03
101078,ACC_OPEN,25,1,19,1,6,7,16,2,1,23.91
101033,BIZ_BANK,18,1,14,1,2,4,12,1,0,3.66
101012,DEPOSIT,6,1,44,1,18,6,15,1,1,16.03
101056,INVEST,22,0,42,1,11,6,11,2,1,26.88
101045,BIZ_BANK,18,1,16,1,8,7,11,3,1,26.91
101045,ACC_OPEN,25,0,20,1,8,5,10,2,1,31.61
101056,CREDIT_CARD,12,0,48,1,14,5,14,5,1,44.78
101045,ONLINE_SUP,12,1,11,1,6,6,15,4,1,8.0
101012,WITHDRAW,5,1,2,1,9,8,9,2,1,8.84
101078,BIZ_BANK,18,1,30,1,12,7,15,1,1,34.64
101012,ONLINE_SUP,12,1,33,1,14,5,16,2,1,27.57
101033,REMITTANCE,10,1,4,1,6,2,12,5,0,22.81
101033,DEPOSIT,6,1,20,1,8,6,15,2,1,11.97
101012,REMITTANCE,10,0,13,1,2,3,12,3,0,5.61
101045,INSURANCE,20,1,4,1,5,5,15,1,1,25.04
101078,CUST_SVC,10,1,35,1,13,4,10,5,1,26.14
101012,BIZ_BANK,18,1,46,1,18,4,15,1,1,90.0
101056,ONLINE_SUP,12,1,13,1,14,5,15,2,1,40.21
101033,ACC_OPEN,25,1,11,1,10,8,11,1,1,36.6
101056,DEPOSIT,6,0,20,1,10,4,15,4,1,22.96
101033,DEPOSIT,6,1,21,1,4,6,9,2,1,2.83
101078,ATM_CDM,8,1,7,1,5,7,15,3,1,5.22
101045,DEPOSIT,6,0,15,1,3,6,16,3,1,2.58
101012,CUST_SVC,10,0,5,0,9,4,10,4,1,28.07
101012,ACC_OPEN,25,1,2,1,0,3,12,3,0,1.06
101012,LOAN,30,0,5,1,6,5,11,3,1,52.31
101056,DEPOSIT,6,1,6,1,6,3,16,1,1,15.43
101078,CUST_SVC,10,1,17,1,3,7,14,3,1,3.49
101056,ACC_OPEN,25,1,16,1,9,4,16,2,1,56.76
101033,DEPOSIT,6,1,2,1,7,3,12,1,0,16.16
101078,INVEST,22,1,21,1,8,4,15,2,1,61.03
101056,FIXED_DEP,15,0,20,0,9,7,14,1,1,19.14
101078,FIXED_DEP,15,1,11,1,1,5,11,3,1,1.53
101045,INSURANCE,20,1,11,1,2,5,9,3,1,5.67
101033,FIXED_DEP,15,0,15,1,4,3,13,5,0,23.48
101056,WITHDRAW,5,1,5,1,3,7,9,4,1,2.64
101045,DEPOSIT,6,1,15,1,5,5,10,5,1,4.38
101012,REMITTANCE,10,1,3,1,3,4,13,3,0,5.18
101033,LOAN,30,1,21,1,7,6,10,2,1,42.45
101045,FIXED_DEP,15,1,15,1,9,7,9,2,1,29.65
101012,REMITTANCE,10,1,16,1,3,2,12,1,0,11.75
101012,CUST_SVC,10,0,34,1,13,7,9,5,1,12.82
101012,CREDIT_CARD,12,0,11,0,4,5,16,2,1,13.53
101033,ACC_OPEN,25,0,26,1,9,6,10,4,1,25.39
101033,CUST_SVC,10,0,14,1,2,6,11,4,1,3.82
101045,BIZ_BANK,18,1,4,1,5,4,12,1,0,26.48
101033,REMITTANCE,10,1,18,1,10,4,10,4,1,25.56
101012,ATM_CDM,8,1,8,1,7,8,15,1,1,12.48
101045,ATM_CDM,8,0,3,1,2,4,16,5,1,2.93
101012,WITHDRAW,5,0,23,1,6,4,10,2,1,10.74
101012,DEPOSIT,6,0,1,1,3,6,11,2,1,1.05
101056,BIZ_BANK,18,1,2,1,5,6,10,2,1,13.37
101045,CUST_SVC,10,1,9,1,5,4,11,1,1,20.48
101012,ATM_CDM,8,0,9,0,8,6,16,3,1,9.42
101033,BIZ_BANK,18,1,5,1,6,2,12,2,0,54.62
101012,INSURANCE,20,1,6,1,7,3,13,3,0,44.14
101045,FIXED_DEP,15,1,23,1,13,6,11,1,1,32.81
101045,BIZ_BANK,18,0,8,0,10,6,10,5,1,39.51
101012,WITHDRAW,5,1,18,1,3,3,12,5,0,5.25
101045,ACC_OPEN,25,1,9,1,6,5,14,2,1,21.51
101045,ATM_CDM,8,1,7,1,2,4,16,3,1,3.56
101033,ACC_OPEN,25,0,10,1,10,7,10,5,1,43.14
101033,CREDIT_CARD,12,0,21,0,7,7,10,1,1,16.12
101012,DEPOSIT,6,0,10,1,5,5,15,4,1,7.73
101056,ATM_CDM,8,1,22,1,9,5,14,1,1,19.02
101078,CREDIT_CARD,12,1,29,1,7,4,13,1,0,18.02
101056,CUST_SVC,10,0,15,1,3,2,12,3,0,17.8
101033,ACC_OPEN,25,1,9,1,5,4,12,2,0,24.34
101045,INSURANCE,20,1,10,1,1,6,15,5,1,7.0
101056,LOAN,30,0,27,0,7,5,16,2,1,36.21
101045,INSURANCE,20,0,5,1,0,3,16,2,1,0.91
101045,CUST_SVC,10,0,6,1,6,6,10,4,1,11.0
101033,DEPOSIT,6,1,33,1,12,4,11,1,1,17.53
101078,CUST_SVC,10,1,12,1,8,6,9,4,1,22.05
101045,LOAN,30,1,35,1,9,5,10,1,1,72.85
101078,CUST_SVC,10,1,7,1,2,3,13,2,0,6.91
101078,CREDIT_CARD,12,0,18,1,7,6,11,2,1,16.04
101033,DEPOSIT,6,1,17,1,5,7,15,4,1,5.86
101012,DEPOSIT,6,0,31,1,8,6,15,5,1,3.46
101056,INVEST,22,1,11,1,16,6,15,1,1,54.9
101033,INSURANCE,20,1,8,1,4,4,11,2,1,33.93
101078,LOAN,30,1,10,1,2,2,13,5,0,33.41
101045,CUST_SVC,10,0,13,1,6,7,15,1,1,11.44
101056,ACC_OPEN,25,1,35,1,10,6,9,2,1,37.98
101056,CREDIT_CARD,12,1,31,1,8,7,9,5,1,10.58
101012,DEPOSIT,6,1,3,1,3,2,12,3,0,8.43
101078,CUST_SVC,10,1,13,1,2,4,13,1,0,7.34
101078,CUST_SVC,10,1,5,1,5,6,16,2,1,8.09
101078,LOAN,30,0,10,1,2,4,16,4,1,11.33
101078,INSURANCE,20,1,14,1,4,3,12,2,0,21.45
101012,WITHDRAW,5,1,14,1,5,7,16,2,1,4.34
101012,ATM_CDM,8,1,57,1,17,6,10,1,1,31.49
101078,ACC_OPEN,25,1,10,1,2,4,12,1,0,11.05
101056,CUST_SVC,10,1,39,1,10,5,10,1,1,31.92
101078,FIXED_DEP,15,1,22,1,10,4,15,5,1,37.12
101033,DEPOSIT,6,1,22,1,5,5,9,2,1,3.65
101056,INSURANCE,20,1,45,1,16,5,10,4,1,81.58
101045,CUST_SVC,10,1,13,1,12,7,10,3,1,14.8
101033,REMITTANCE,10,0,3,1,6,6,9,2,1,8.54
101045,DEPOSIT,6,0,1,1,8,5,9,4,1,9.06
101078,FIXED_DEP,15,1,3,1,5,6,9,4,1,16.14
101045,CUST_SVC,10,1,4,1,8,8,15,1,1,7.42
101012,ATM_CDM,8,1,6,1,7,5,14,1,1,10.35
101078,ATM_CDM,8,1,13,1,2,6,11,2,1,1.94
101012,ATM_CDM,8,1,46,1,13,6,15,5,1,23.5
101078,DEPOSIT,6,1,7,1,7,6,14,5,1,5.81
101012,ACC_OPEN,25,1,16,1,5,4,14,4,1,29.2
101012,BIZ_BANK,18,1,22,1,9,7,10,4,1,27.26
101045,ACC_OPEN,25,1,17,1,5,4,14,3,1,12.53
101045,CUST_SVC,10,0,3,1,7,4,9,5,1,21.23
101045,ACC_OPEN,25,1,3,1,3,7,11,1,1,16.36
101078,DEPOSIT,6,1,1,1,6,5,9,4,1,6.68
101056,INSURANCE,20,1,9,1,4,4,11,5,1,20.04
101033,LOAN,30,1,3,1,5,5,10,1,1,41.79
101033,CUST_SVC,10,0,13,1,8,6,10,2,1,17.49
101012,INSURANCE,20,1,9,1,2,2,13,2,0,22.78
101056,CREDIT_CARD,12,1,19,1,9,5,10,2,1,27.89
101078,FIXED_DEP,15,0,16,1,6,5,14,5,1,6.88
101078,CUST_SVC,10,1,4,1,4,5,14,4,1,5.75
101045,ATM_CDM,8,0,9,1,1,4,13,2,0,0.96
101012,INVEST,22,1,14,1,8,3,16,4,1,67.66
101012,ONLINE_SUP,12,0,13,1,5,5,15,4,1,6.29
101033,ACC_OPEN,25,1,10,1,5,6,14,5,1,31.81
101012,CUST_SVC,10,0,24,1,12,7,11,1,1,8.63
101078,CUST_SVC,10,1,6,1,5,6,10,2,1,8.22
101078,ONLINE_SUP,12,1,15,1,5,5,11,3,1,18.13
101012,CREDIT_CARD,12,1,3,1,5,3,13,4,0,23.48
101056,DEPOSIT,6,0,5,1,3,4,12,4,0,4.38
101056,REMITTANCE,10,1,15,1,3,6,14,3,1,6.26
101045,REMITTANCE,10,1,12,1,1,5,11,3,1,2.68
101056,CREDIT_CARD,12,1,5,1,11,4,10,1,1,50.44
101045,INVEST,22,1,12,1,4,5,10,3,1,31.07
101045,DEPOSIT,6,1,2,1,3,3,13,1,0,5.28
101033,ACC_OPEN,25,1,2,1,10,4,10,5,1,53.29
101033,ACC_OPEN,25,1,11,1,4,4,13,1,0,32.08
101033,CREDIT_CARD,12,1,22,1,12,8,15,4,1,28.22
101056,FIXED_DEP,15,1,16,1,9,5,11,2,1,14.68
101012,WITHDRAW,5,1,12,1,8,7,9,1,1,7.99
101033,ONLINE_SUP,12,0,24,1,5,4,9,3,1,10.92
101056,FIXED_DEP,15,1,33,1,9,5,10,5,1,33.91
101033,FIXED_DEP,15,1,23,1,5,6,15,5,1,12.6
101056,FIXED_DEP,15,0,24,1,7,5,10,5,1,10.39
101078,INSURANCE,20,0,3,1,5,7,14,3,1,16.62
101012,INSURANCE,20,1,27,1,14,5,15,1,1,70.08
101045,CUST_SVC,10,1,3,1,4,8,9,2,1,5.21
101056,CUST_SVC,10,1,9,1,3,7,15,5,1,3.75
101033,INSURANCE,20,1,9,1,7,5,9,1,1,28.77
101012,ONLINE_SUP,12,0,44,1,16,7,16,5,1,27.87
101078,ATM_CDM,8,1,16,1,10,3,13,1,0,17.65
101033,ATM_CDM,8,1,17,1,9,7,15,1,1,12.1
101056,ATM_CDM,8,1,26,1,9,3,16,4,1,28.39
101078,WITHDRAW,5,1,22,1,5,6,16,1,1,6.43
101078,ATM_CDM,8,1,21,1,5,4,12,1,0,9.88
101056,INSURANCE,20,0,42,1,13,5,15,4,1,40.01
101045,ATM_CDM,8,0,23,0,6,7,10,5,1,5.34
101056,DEPOSIT,6,0,30,1,8,6,16,3,1,7.94
101012,DEPOSIT,6,1,26,1,11,8,14,5,1,11.05
101056,INVEST,22,1,8,1,8,4,9,5,1,47.71
101078,INVEST,22,1,21,1,5,4,14,2,1,39.25
101056,CUST_SVC,10,1,1,1,2,5,16,1,1,3.86
101056,DEPOSIT,6,0,6,1,6,5,10,3,1,8.13
101056,LOAN,30,0,18,1,5,7,11,2,1,16.02
101078,CUST_SVC,10,1,23,1,9,5,14,3,1,17.75
101056,DEPOSIT,6,1,13,1,13,4,9,1,1,29.8
101033,ACC_OPEN,25,0,7,1,3,7,9,3,1,5.29
101045,ATM_CDM,8,0,8,1,4,6,11,4,1,4.35
101056,ACC_OPEN,25,1,14,1,6,4,10,4,1,29.03
101033,BIZ_BANK,18,1,11,1,3,4,16,1,1,19.46
101012,FIXED_DEP,15,0,49,1,18,4,10,2,1,58.73
101056,CUST_SVC,10,1,20,1,4,2,12,2,0,16.01
101078,CREDIT_CARD,12,1,13,1,2,4,12,2,0,3.88
101056,FIXED_DEP,15,0,14,1,6,5,14,1,1,14.98
101078,FIXED_DEP,15,0,25,1,6,4,14,3,1,26.42
101033,FIXED_DEP,15,1,11,1,4,6,16,4,1,12.82
101056,CUST_SVC,10,1,13,1,5,5,14,2,1,6.91
101078,INSURANCE,20,1,6,1,3,6,15,2,1,5.47
101045,ATM_CDM,8,0,6,0,2,3,12,4,0,4.0
101056,ATM_CDM,8,1,2,1,5,5,14,1,1,12.83
101012,ATM_CDM,8,1,13,1,10,5,16,1,1,25.13
101056,BIZ_BANK,18,1,5,1,12,3,16,3,1,72.28
101012,CUST_SVC,10,1,30,1,8,5,14,3,1,13.55
101056,DEPOSIT,6,0,37,0,10,4,15,2,1,14.43
101012,BIZ_BANK,18,0,8,1,15,6,14,1,1,67.98
101033,CUST_SVC,10,1,27,1,7,6,16,4,1,11.67
101045,CREDIT_CARD,12,0,19,1,6,5,16,3,1,9.58
101033,INSURANCE,20,0,29,1,12,5,11,1,1,30.77
101078,DEPOSIT,6,1,4,1,2,2,12,4,0,7.12
101033,CUST_SVC,10,1,11,1,1,4,12,1,0,4.01
101045,DEPOSIT,6,0,33,0,11,4,9,5,1,22.86
101012,BIZ_BANK,18,1,29,1,7,3,13,1,0,67.15
101033,LOAN,30,0,16,0,8,5,14,3,1,78.23
101056,DEPOSIT,6,1,34,1,9,6,9,2,1,16.82
101033,FIXED_DEP,15,0,9,0,3,7,15,2,1,6.06
101056,DEPOSIT,6,0,16,1,10,4,15,5,1,10.89
101033,ACC_OPEN,25,1,19,1,5,4,9,4,1,35.09
101045,CREDIT_CARD,12,0,8,1,4,4,9,1,1,7.47
101045,ATM_CDM,8,0,6,1,4,6,15,2,1,3.9
101056,DEPOSIT,6,0,6,1,17,6,10,1,1,15.47
101045,ACC_OPEN,25,1,9,1,6,4,14,4,1,48.2
101078,CREDIT_CARD,12,1,21,1,5,5,15,1,1,12.76
101012,INVEST,22,1,2,1,5,6,10,2,1,17.72
101012,DEPOSIT,6,1,13,1,6,4,9,2,1,13.03
101033,INSURANCE,20,1,18,1,8,5,16,1,1,41.74
101012,BIZ_BANK,18,1,11,1,6,6,11,2,1,28.09
101033,DEPOSIT,6,1,1,1,7,4,11,2,1,9.39
101056,INSURANCE,20,1,16,1,9,6,14,5,1,40.19
101012,ATM_CDM,8,0,42,0,11,2,12,1,0,75.26
101078,CREDIT_CARD,12,1,4,1,2,5,16,3,1,5.45
101045,INVEST,22,1,27,1,7,5,9,3,1,27.15
101078,CREDIT_CARD,12,1,10,1,13,6,16,1,1,17.65
101078,CREDIT_CARD,12,1,18,1,4,6,14,3,1,9.74
101033,DEPOSIT,6,1,36,1,10,2,13,4,0,40.19
101078,REMITTANCE,10,0,7,0,1,4,15,3,1,4.02
101045,ACC_OPEN,25,1,9,1,3,4,9,2,1,19.83
101078,DEPOSIT,6,1,3,1,9,5,11,3,1,8.65
101045,ATM_CDM,8,1,10,1,2,7,14,1,1,0.05
101012,WITHDRAW,5,1,20,1,8,3,12,2,0,13.6
101056,BIZ_BANK,18,0,19,1,6,2,13,2,0,56.33
101078,LOAN,30,1,16,1,5,6,15,1,1,46.65
101012,CREDIT_CARD,12,0,10,1,12,4,10,4,1,25.08
101045,DEPOSIT,6,0,16,1,3,3,12,1,0,2.59
101033,ATM_CDM,8,0,6,1,8,7,15,2,1,7.92
101045,INSURANCE,20,0,27,1,7,6,9,5,1,26.19
101033,LOAN,30,1,25,1,9,4,13,3,0,68.57
101078,DEPOSIT,6,1,10,1,7,4,11,1,1,15.95
101078,CUST_SVC,10,0,12,1,7,6,14,1,1,11.87
101056,REMITTANCE,10,1,9,1,3,2,12,4,0,11.18
101012,CREDIT_CARD,12,1,13,1,6,5,14,5,1,23.75
101012,CREDIT_CARD,12,0,4,1,4,5,11,5,1,15.2
101056,DEPOSIT,6,1,21,1,6,4,15,2,1,8.48
101012,WITHDRAW,5,1,32,1,14,6,10,5,1,22.94
101078,DEPOSIT,6,1,8,1,7,7,10,3,1,7.1
101078,DEPOSIT,6,0,5,1,4,5,15,3,1,6.35
101056,REMITTANCE,10,1,26,1,13,7,15,5,1,27.56
101033,BIZ_BANK,18,1,23,1,7,4,9,4,1,31.52
101078,ONLINE_SUP,12,1,27,1,6,7,10,3,1,6.15
101078,ATM_CDM,8,0,6,1,5,7,9,4,1,5.05
101033,CREDIT_CARD,12,1,2,1,7,5,14,5,1,28.56
101012,CUST_SVC,10,1,19,1,12,7,15,1,1,9.32
101045,WITHDRAW,5,0,13,0,2,4,13,3,0,1.15
101078,CUST_SVC,10,1,1,1,4,4,13,1,0,5.87
101078,CREDIT_CARD,12,1,8,1,3,7,16,2,1,0.86
101056,ACC_OPEN,25,0,10,1,3,7,16,3,1,14.51
101012,CREDIT_CARD,12,1,28,1,16,6,10,1,1,45.14
101078,WITHDRAW,5,1,3,1,6,5,9,4,1,2.82
101033,DEPOSIT,6,1,18,1,5,6,15,4,1,6.71
101012,WITHDRAW,5,1,2,1,9,6,16,2,1,6.55
101033,LOAN,30,1,8,1,3,6,9,4,1,23.14
101045,ATM_CDM,8,1,9,1,0,3,12,3,0,0.71
101045,DEPOSIT,6,0,11,1,6,4,10,1,1,13.1
101056,LOAN,30,0,12,1,8,4,10,5,1,71.67
101056,ACC_OPEN,25,1,18,1,5,4,9,2,1,19.07
101045,REMITTANCE,10,1,11,1,5,4,13,4,0,11.94
101045,LOAN,30,1,11,1,6,7,9,3,1,20.25
101056,ATM_CDM,8,1,29,1,10,4,14,5,1,19.68
101033,INVEST,22,1,1,1,8,5,14,5,1,39.1
101012,BIZ_BANK,18,0,6,1,3,4,11,5,1,9.74
101033,FIXED_DEP,15,1,5,1,8,5,16,2,1,36.8
101078,INVEST,22,1,6,1,4,5,9,2,1,17.37
101012,ACC_OPEN,25,1,10,1,7,4,14,3,1,54.27
101045,CREDIT_CARD,12,1,37,1,11,5,16,1,1,25.37
101056,CUST_SVC,10,1,18,1,3,4,12,5,0,7.62
101056,DEPOSIT,6,1,38,1,10,6,10,2,1,13.82
101012,CREDIT_CARD,12,0,22,1,7,5,9,2,1,13.24
101056,BIZ_BANK,18,1,3,1,2,6,14,2,1,4.93
101033,CUST_SVC,10,0,13,1,12,4,9,1,1,29.83
101078,ATM_CDM,8,1,28,1,8,6,15,2,1,12.03
101056,LOAN,30,0,25,1,6,4,11,1,1,39.9
101033,LOAN,30,1,19,1,4,5,15,1,1,28.47
101012,ACC_OPEN,25,1,2,1,10,4,9,3,1,63.48
101045,ONLINE_SUP,12,1,7,1,0,4,12,2,0,1.31
101033,ONLINE_SUP,12,0,15,1,5,7,9,5,1,6.79
101045,ACC_OPEN,25,1,15,1,2,4,10,3,1,18.09
101045,BIZ_BANK,18,1,11,1,7,4,9,5,1,19.12
101033,CUST_SVC,10,1,6,1,4,2,13,3,0,21.43
101045,FIXED_DEP,15,1,15,1,4,4,15,3,1,13.03
101033,CUST_SVC,10,1,27,1,9,4,13,5,0,17.27
101012,INVEST,22,1,20,1,5,5,11,3,1,28.5
101033,DEPOSIT,6,1,14,1,3,6,14,3,1,5.09
101045,CUST_SVC,10,1,13,1,6,4,13,1,0,20.66
101045,REMITTANCE,10,1,3,1,6,6,10,2,1,16.74
101056,CUST_SVC,10,0,28,1,7,6,14,1,1,13.07
101033,DEPOSIT,6,1,36,1,12,7,11,4,1,12.9
101045,ATM_CDM,8,1,22,1,7,5,16,5,1,16.06
101056,CUST_SVC,10,0,14,1,7,4,16,2,1,18.87
101045,BIZ_BANK,18,1,18,1,7,5,10,3,1,23.68
101056,INSURANCE,20,1,8,1,6,3,16,1,1,39.81
101012,DEPOSIT,6,0,3,1,2,2,12,2,0,5.27
101078,FIXED_DEP,15,0,22,1,8,7,9,1,1,22.23
101033,CUST_SVC,10,0,15,1,11,7,9,5,1,16.75
101056,CREDIT_CARD,12,0,2,1,6,6,9,4,1,6.35
101033,FIXED_DEP,15,1,11,1,9,4,11,5,1,34.55
101033,INSURANCE,20,1,15,1,3,4,16,1,1,18.37
101056,LOAN,30,1,15,1,5,4,16,1,1,47.92
101078,INSURANCE,20,1,8,1,4,6,9,2,1,14.1
101045,INSURANCE,20,1,3,1,0,5,11,3,1,1.86
101078,CUST_SVC,10,1,14,1,5,6,14,2,1,7.77
101056,CUST_SVC,10,1,5,1,3,3,12,3,0,12.56
101012,ACC_OPEN,25,0,46,1,13,7,15,1,1,56.43
101045,ATM_CDM,8,1,16,1,6,4,14,5,1,17.15
101045,ATM_CDM,8,0,3,0,7,4,15,5,1,10.97
101045,INSURANCE,20,1,1,1,3,3,12,4,0,15.23
101033,ATM_CDM,8,0,8,1,8,8,10,5,1,6.09
101045,DEPOSIT,6,1,21,1,4,6,9,1,1,5.86
101033,ACC_OPEN,25,0,6,1,4,7,10,5,1,20.57
101033,ATM_CDM,8,1,3,1,3,6,9,3,1,4.34
101056,LOAN,30,1,23,1,10,4,11,1,1,90.0
101012,CUST_SVC,10,1,9,1,6,3,16,2,1,20.28
101045,CUST_SVC,10,1,8,1,2,4,13,4,0,6.51
101045,ATM_CDM,8,1,22,1,5,8,10,3,1,6.09
101056,ONLINE_SUP,12,1,17,1,10,4,14,1,1,31.57
101012,CUST_SVC,10,1,20,1,7,5,10,3,1,19.4
101045,LOAN,30,1,12,1,7,6,15,2,1,19.98
101045,INVEST,22,0,26,1,7,6,15,3,1,21.87
101056,ONLINE_SUP,12,0,22,1,9,5,11,5,1,10.99
101045,BIZ_BANK,18,1,40,1,11,8,11,1,1,15.61
101033,DEPOSIT,6,1,32,1,13,6,10,1,1,22.36
101012,LOAN,30,1,35,1,15,5,15,4,1,90.0
101045,DEPOSIT,6,1,7,1,4,5,15,1,1,1.79
101078,REMITTANCE,10,1,19,1,4,5,11,2,1,11.13
101078,DEPOSIT,6,1,13,1,3,6,11,1,1,1.89
101012,LOAN,30,1,51,1,15,3,16,1,1,90.0
101045,ACC_OPEN,25,1,5,1,7,6,16,2,1,30.29
101078,CUST_SVC,10,0,25,1,6,3,13,2,0,21.31
101033,DEPOSIT,6,1,30,1,11,4,9,2,1,20.81
101012,FIXED_DEP,15,1,13,1,8,5,15,4,1,31.88
101056,INVEST,22,0,25,1,7,4,10,4,1,46.31
101033,INSURANCE,20,1,13,1,3,7,9,4,1,10.84
101012,CREDIT_CARD,12,1,11,1,4,6,16,2,1,8.92
101012,WITHDRAW,5,0,16,1,7,4,11,2,1,14.09
101078,CUST_SVC,10,0,24,1,8,4,9,5,1,30.77
101078,ATM_CDM,8,1,4,1,1,3,13,2,0,3.39
101078,CUST_SVC,10,1,23,1,9,6,14,5,1,12.91
101078,INSURANCE,20,1,3,1,4,4,11,2,1,33.15
101033,CUST_SVC,10,0,7,1,5,5,11,1,1,11.36
101045,ATM_CDM,8,0,16,1,8,5,15,3,1,14.68
101056,CUST_SVC,10,1,4,1,4,2,12,3,0,22.6
101056,DEPOSIT,6,1,23,1,14,4,9,1,1,31.08
101056,INSURANCE,20,1,24,1,16,6,15,1,1,65.31
101033,CUST_SVC,10,0,14,1,5,3,16,1,1,13.82
101012,LOAN,30,0,24,1,6,7,15,3,1,33.06
101033,ONLINE_SUP,12,0,2,1,13,5,9,1,1,39.18
101012,CUST_SVC,10,1,20,1,10,5,14,1,1,28.61
101033,DEPOSIT,6,1,20,1,7,6,14,4,1,8.85
101012,LOAN,30,1,7,1,8,4,16,4,1,63.94
101033,CUST_SVC,10,1,10,1,6,6,9,2,1,10.88
101078,CREDIT_CARD,12,0,15,1,6,5,16,1,1,14.11
101045,ACC_OPEN,25,1,14,1,4,4,16,5,1,28.92
101012,LOAN,30,1,24,1,9,5,15,2,1,51.12
101033,BIZ_BANK,18,1,21,1,4,7,10,1,1,18.49
101033,CREDIT_CARD,12,1,27,1,11,6,15,1,1,23.5
101078,ONLINE_SUP,12,1,11,1,5,4,12,1,0,15.93
101045,ATM_CDM,8,1,4,1,1,7,10,4,1,1.69
101056,LOAN,30,1,31,1,12,5,10,5,1,90.0
101045,ACC_OPEN,25,1,5,1,7,5,9,1,1,53.81
101056,ACC_OPEN,25,0,2,1,3,7,11,4,1,17.15
101012,DEPOSIT,6,1,38,1,10,4,14,3,1,14.12
101056,BIZ_BANK,18,1,21,1,10,6,9,3,1,33.78
101033,FIXED_DEP,15,0,38,0,12,4,10,4,1,32.17
101033,DEPOSIT,6,1,33,1,9,6,10,2,1,5.43
101012,BIZ_BANK,18,1,39,1,14,4,9,1,1,49.15
101056,ACC_OPEN,25,1,25,1,6,4,9,4,1,46.87
101012,ATM_CDM,8,1,38,1,11,5,11,1,1,20.47
101033,INSURANCE,20,1,30,1,7,5,15,3,1,34.0
101033,FIXED_DEP,15,1,6,1,10,8,15,5,1,16.73
101012,DEPOSIT,6,1,40,1,12,8,15,1,1,14.69
101045,ATM_CDM,8,0,21,1,6,4,11,4,1,5.77
101045,CUST_SVC,10,1,20,1,6,7,14,4,1,9.03
101045,CUST_SVC,10,1,24,1,5,6,10,3,1,10.5
101033,ACC_OPEN,25,0,20,1,7,4,10,5,1,19.41
101078,BIZ_BANK,18,0,1,1,8,5,11,1,1,19.64
101078,ATM_CDM,8,1,4,1,3,5,14,2,1,6.97
101056,REMITTANCE,10,1,6,1,10,7,9,3,1,15.96
101056,CUST_SVC,10,1,5,1,3,3,13,1,0,12.23
101012,CREDIT_CARD,12,1,20,1,4,4,14,3,1,12.41
101033,CREDIT_CARD,12,1,1,1,2,4,11,3,1,6.87
101012,CUST_SVC,10,1,12,1,8,3,16,3,1,21.79
101012,CREDIT_CARD,12,1,30,1,15,5,9,5,1,46.04
101033,ACC_OPEN,25,1,11,1,4,2,13,5,0,62.66
101078,CREDIT_CARD,12,1,27,1,8,2,13,1,0,51.46
101056,CUST_SVC,10,1,6,1,10,5,15,5,1,22.6
101056,ATM_CDM,8,0,41,1,11,5,11,5,1,25.2
101045,CUST_SVC,10,1,16,1,3,3,12,5,0,16.97
101078,DEPOSIT,6,1,23,1,9,7,11,4,1,11.19
101056,WITHDRAW,5,1,11,1,8,4,11,5,1,8.36
101056,DEPOSIT,6,1,6,1,5,3,13,1,0,9.68
101056,CUST_SVC,10,1,36,1,9,7,9,5,1,11.13
101012,ACC_OPEN,25,1,6,1,5,3,12,1,0,47.93
101012,CUST_SVC,10,1,2,1,5,4,9,2,1,18.19
101033,ATM_CDM,8,1,13,1,6,7,15,2,1,5.96
101045,DEPOSIT,6,1,37,1,10,4,16,1,1,14.93
101033,CREDIT_CARD,12,1,27,1,9,5,10,4,1,17.18
101033,CUST_SVC,10,1,18,1,3,6,11,2,1,6.21
101045,FIXED_DEP,15,0,5,1,4,5,15,1,1,10.36
101033,CUST_SVC,10,1,9,1,1,2,13,3,0,5.1
101012,CUST_SVC,10,1,2,1,6,4,9,1,1,20.36
101056,REMITTANCE,10,0,1,0,7,8,10,4,1,6.84
101045,BIZ_BANK,18,1,18,1,5,3,12,1,0,35.8
101056,CUST_SVC,10,1,15,1,2,3,12,5,0,5.52
101045,REMITTANCE,10,0,6,1,5,7,10,2,1,7.58
101056,CREDIT_CARD,12,1,18,1,7,7,16,2,1,14.55
101012,REMITTANCE,10,0,24,1,6,7,9,4,1,7.45
101033,LOAN,30,1,18,1,5,6,16,2,1,30.16
101078,CUST_SVC,10,1,10,1,11,6,10,1,1,18.83
101045,FIXED_DEP,15,1,15,1,3,2,13,1,0,16.35
101056,ACC_OPEN,25,0,18,1,8,5,16,3,1,37.12
101078,CUST_SVC,10,1,4,1,12,4,15,5,1,27.26
101012,FIXED_DEP,15,0,12,0,5,2,13,4,0,48.84
101078,INSURANCE,20,1,21,1,8,4,15,2,1,71.16
101045,DEPOSIT,6,1,5,1,4,4,11,4,1,5.79
101078,ATM_CDM,8,1,11,1,4,6,11,2,1,9.17
101012,DEPOSIT,6,1,7,1,10,5,10,4,1,10.04
101033,ATM_CDM,8,1,23,1,5,5,16,3,1,13.73
101033,CUST_SVC,10,1,14,1,5,4,16,1,1,12.94
101012,CUST_SVC,10,0,30,1,10,7,11,1,1,11.91
101012,ATM_CDM,8,1,8,1,9,5,9,2,1,22.09
101045,WITHDRAW,5,1,42,1,13,6,14,1,1,13.19
101012,FIXED_DEP,15,0,14,1,7,6,15,4,1,27.33
101045,CREDIT_CARD,12,0,14,1,8,7,10,4,1,10.28
101012,CUST_SVC,10,0,48,1,14,7,10,1,1,22.42
101045,DEPOSIT,6,0,27,0,8,5,15,3,1,10.86
101045,BIZ_BANK,18,1,16,1,5,5,16,5,1,13.98
101045,BIZ_BANK,18,0,11,0,6,6,15,4,1,12.98
101033,DEPOSIT,6,0,5,1,5,4,14,2,1,8.49
101056,ACC_OPEN,25,1,10,1,8,6,9,1,1,51.12
101045,BIZ_BANK,18,1,2,1,6,5,10,1,1,21.06
101045,DEPOSIT,6,0,17,1,3,5,10,4,1,2.64
101012,ATM_CDM,8,0,8,0,2,6,14,3,1,3.11
101078,CREDIT_CARD,12,1,5,1,0,4,16,4,1,1.26
101056,ATM_CDM,8,0,13,1,2,3,13,1,0,4.19
101033,CREDIT_CARD,12,1,21,1,6,4,13,1,0,17.82
101033,FIXED_DEP,15,1,11,1,3,3,16,1,1,28.13
101045,LOAN,30,0,3,1,8,6,11,1,1,41.25
101012,REMITTANCE,10,1,8,1,8,5,10,2,1,9.73
101056,FIXED_DEP,15,1,24,1,13,7,15,1,1,35.17
101033,BIZ_BANK,18,1,18,1,8,5,15,5,1,30.53
101033,DEPOSIT,6,1,5,1,6,6,9,4,1,7.24
101012,REMITTANCE,10,0,31,1,11,5,15,5,1,25.57
101045,LOAN,30,0,10,1,6,5,11,4,1,30.5
101078,CUST_SVC,10,1,9,1,6,6,11,3,1,14.32
101056,DEPOSIT,6,0,16,1,10,5,9,2,1,15.32
101045,LOAN,30,0,11,1,8,6,10,5,1,52.37
101012,CUST_SVC,10,1,26,1,14,6,15,1,1,16.22
101078,CUST_SVC,10,0,7,0,9,4,14,5,1,25.18
101033,CREDIT_CARD,12,1,30,1,8,4,10,5,1,29.3
101033,ATM_CDM,8,0,6,0,5,2,13,1,0,31.21
101056,CUST_SVC,10,0,10,1,6,2,13,4,0,19.73
101012,CUST_SVC,10,1,14,1,4,5,9,3,1,8.69
101033,INSURANCE,20,1,1,1,6,3,13,4,0,34.4
101012,ACC_OPEN,25,1,8,1,7,4,15,1,1,43.23
101012,BIZ_BANK,18,1,28,1,8,7,11,5,1,23.06
101033,LOAN,30,1,30,1,10,6,9,5,1,60.14
101012,ATM_CDM,8,1,41,1,13,6,15,4,1,26.19
101045,DEPOSIT,6,0,23,1,5,6,14,1,1,7.05
101033,CUST_SVC,10,0,11,1,4,6,9,4,1,6.33
101012,CREDIT_CARD,12,1,9,1,4,3,12,4,0,21.34
101033,CUST_SVC,10,1,4,1,3,6,14,3,1,3.04
101056,REMITTANCE,10,1,15,1,4,7,11,2,1,6.29
101056,ATM_CDM,8,1,3,1,10,5,11,3,1,12.98
101078,CREDIT_CARD,12,0,1,1,7,5,9,1,1,21.22
101056,CUST_SVC,10,1,42,1,12,8,10,5,1,20.88
101078,CREDIT_CARD,12,0,3,1,2,2,12,5,0,11.19
101045,CUST_SVC,10,0,14,1,3,2,13,5,0,8.52
101012,ONLINE_SUP,12,1,19,1,11,7,14,1,1,24.22
101056,ACC_OPEN,25,1,27,1,11,5,11,1,1,77.87
101012,ATM_CDM,8,0,27,1,9,4,14,1,1,12.51
101033,DEPOSIT,6,1,1,1,8,6,14,1,1,9.13
101056,REMITTANCE,10,0,2,1,7,4,10,2,1,15.49
101045,LOAN,30,0,14,1,3,7,14,4,1,13.47
101045,CUST_SVC,10,1,9,1,4,5,15,5,1,10.0
101033,FIXED_DEP,15,1,1,1,5,6,15,1,1,21.4
101056,INVEST,22,1,18,1,16,3,16,5,1,90.0
101078,CREDIT_CARD,12,1,1,1,7,4,15,3,1,34.49
101045,REMITTANCE,10,1,7,1,1,7,11,5,1,1.68
101033,CREDIT_CARD,12,1,11,1,3,6,10,2,1,5.86
101033,LOAN,30,0,8,1,1,2,13,1,0,14.12
101078,WITHDRAW,5,0,30,1,8,7,9,5,1,4.48
101045,BIZ_BANK,18,1,26,1,7,4,15,1,1,24.09
101045,DEPOSIT,6,0,11,1,2,6,11,1,1,1.97
101045,LOAN,30,0,1,1,5,4,12,5,0,43.5
101033,CREDIT_CARD,12,0,6,1,7,6,11,5,1,13.5
101012,ONLINE_SUP,12,1,52,1,15,7,14,1,1,24.91
101056,ACC_OPEN,25,1,29,1,8,2,12,2,0,69.0
101033,ACC_OPEN,25,0,13,1,4,6,11,4,1,16.25
101045,FIXED_DEP,15,1,7,1,5,6,15,4,1,20.63
101056,CUST_SVC,10,1,8,1,2,7,14,3,1,3.81
101045,DEPOSIT,6,1,26,1,7,7,14,4,1,7.57
101056,ATM_CDM,8,1,28,1,9,7,14,2,1,6.11
101045,INSURANCE,20,1,8,1,1,4,13,3,0,6.1
101078,ATM_CDM,8,1,3,1,9,4,10,3,1,22.68
101045,REMITTANCE,10,1,1,1,2,2,13,1,0,7.26
101033,CUST_SVC,10,1,13,1,5,6,9,2,1,13.61
101078,LOAN,30,0,17,1,6,5,10,3,1,33.78
101012,ATM_CDM,8,1,32,1,8,4,9,4,1,19.09
101012,BIZ_BANK,18,1,14,1,2,2,12,1,0,21.38
101033,ATM_CDM,8,1,3,1,6,3,13,5,0,11.99
101033,FIXED_DEP,15,1,20,1,8,5,9,3,1,37.54
101033,DEPOSIT,6,1,7,1,4,2,12,2,0,18.09
101012,DEPOSIT,6,1,15,1,8,5,16,3,1,6.68
101045,ATM_CDM,8,1,36,1,12,5,15,1,1,25.73
101033,CUST_SVC,10,0,8,1,3,6,15,3,1,5.39
101056,ATM_CDM,8,0,13,1,2,6,9,4,1,2.77
101056,CUST_SVC,10,1,18,1,4,3,12,4,0,13.93
101033,ACC_OPEN,25,1,7,1,11,6,10,4,1,36.04
101056,BIZ_BANK,18,0,7,1,6,3,16,1,1,21.55
101078,ONLINE_SUP,12,1,36,1,11,6,10,2,1,27.85
101012,CUST_SVC,10,0,9,0,5,5,10,4,1,12.92
101012,FIXED_DEP,15,1,9,1,5,4,13,4,0,19.61
101012,CUST_SVC,10,0,5,1,3,3,12,2,0,10.45
101045,CREDIT_CARD,12,1,8,1,0,7,11,1,1,0.98
101078,CREDIT_CARD,12,1,33,1,13,4,9,1,1,67.66
101045,CUST_SVC,10,1,16,1,3,6,14,3,1,5.9
101078,INSURANCE,20,0,5,1,6,3,16,2,1,26.57
101033,CUST_SVC,10,1,26,1,6,4,16,4,1,18.42
101033,DEPOSIT,6,1,30,1,9,6,15,2,1,7.63
101012,INSURANCE,20,0,18,0,11,8,15,1,1,33.69
101056,FIXED_DEP,15,1,11,1,3,4,13,5,0,12.3
101045,INVEST,22,1,23,1,6,6,14,3,1,26.45
101033,WITHDRAW,5,1,1,1,13,5,14,1,1,20.37
101078,REMITTANCE,10,1,2,1,8,6,15,1,1,17.57
101078,ACC_OPEN,25,1,19,1,5,5,9,2,1,29.45
101056,ATM_CDM,8,1,25,1,8,5,11,1,1,12.89
101033,INSURANCE,20,1,10,1,9,5,15,1,1,17.33
101078,FIXED_DEP,15,0,5,1,9,4,10,2,1,19.6
101078,DEPOSIT,6,1,14,1,12,6,15,1,1,12.63
101012,REMITTANCE,10,1,16,1,6,5,16,1,1,14.59
101045,ATM_CDM,8,0,12,1,8,5,9,2,1,14.3
101033,LOAN,30,0,30,1,14,6,10,1,1,90.0
101056,ACC_OPEN,25,1,6,1,9,6,9,3,1,51.78
101045,ONLINE_SUP,12,1,16,1,8,6,14,5,1,6.95
101078,CREDIT_CARD,12,1,3,1,4,8,10,1,1,7.35
101012,ATM_CDM,8,0,22,1,14,4,11,1,1,21.33
101033,CUST_SVC,10,1,13,1,2,2,12,2,0,9.14
101078,DEPOSIT,6,1,3,1,3,6,11,3,1,3.61
101078,DEPOSIT,6,1,21,1,4,6,11,5,1,6.97
101078,BIZ_BANK,18,1,25,1,6,4,14,3,1,29.3
101033,INVEST,22,1,33,1,8,7,11,2,1,30.21
101045,REMITTANCE,10,0,21,1,4,6,15,4,1,5.94
101045,CUST_SVC,10,0,3,0,7,7,14,2,1,10.22
101045,CUST_SVC,10,0,20,1,5,4,15,5,1,13.08
101045,DEPOSIT,6,0,18,0,3,5,9,1,1,5.48
101012,ATM_CDM,8,1,20,1,8,2,13,2,0,24.38
101078,ATM_CDM,8,1,25,1,6,4,16,1,1,16.78
101045,DEPOSIT,6,1,13,1,4,5,11,4,1,4.5
101045,DEPOSIT,6,1,23,1,7,4,15,5,1,11.83
101045,INVEST,22,1,5,1,3,2,12,4,0,23.02
101078,CUST_SVC,10,0,4,0,5,6,16,5,1,8.15
101078,INSURANCE,20,0,20,1,6,2,13,3,0,63.03
101033,ATM_CDM,8,1,3,1,9,6,15,3,1,12.34
101012,ACC_OPEN,25,1,33,1,12,5,15,3,1,63.71
101056,CUST_SVC,10,1,1,1,8,4,11,2,1,24.24
101078,LOAN,30,1,30,1,9,3,13,5,0,64.44
101045,LOAN,30,1,17,1,6,5,9,3,1,48.59
101012,FIXED_DEP,15,1,42,1,14,4,14,1,1,81.56
101012,LOAN,30,1,24,1,9,2,13,1,0,90.0
101033,FIXED_DEP,15,0,14,1,3,8,14,2,1,4.17
101078,DEPOSIT,6,1,8,1,8,5,10,3,1,12.55
101033,INSURANCE,20,1,19,1,8,2,13,5,0,90.0
101045,ACC_OPEN,25,0,17,1,4,3,12,1,0,18.94
101012,CREDIT_CARD,12,1,6,1,4,4,13,3,0,8.82
101078,REMITTANCE,10,1,14,1,2,7,15,4,1,1.29
101033,CUST_SVC,10,1,12,1,7,6,9,3,1,14.31
101045,ATM_CDM,8,0,3,1,5,4,10,2,1,8.69
101078,ATM_CDM,8,1,3,1,3,4,16,5,1,9.58
101012,ATM_CDM,8,0,20,0,12,6,15,4,1,24.63
101056,WITHDRAW,5,1,3,1,2,2,12,1,0,6.73
101056,DEPOSIT,6,1,31,1,12,5,16,1,1,14.58
101012,CREDIT_CARD,12,1,5,1,10,6,11,4,1,33.82
101045,CUST_SVC,10,1,23,1,5,5,9,5,1,17.89
101056,DEPOSIT,6,1,10,1,6,5,11,3,1,4.55
101033,CUST_SVC,10,0,18,1,7,4,10,3,1,20.54
101045,CREDIT_CARD,12,0,11,1,5,5,15,4,1,11.99
101012,ACC_OPEN,25,0,32,1,11,8,9,3,1,34.41
101033,CREDIT_CARD,12,1,7,1,4,4,14,3,1,10.93
101078,ACC_OPEN,25,1,17,1,7,4,16,5,1,35.23
101078,CREDIT_CARD,12,1,31,1,11,8,10,5,1,31.85
101056,FIXED_DEP,15,1,14,1,10,4,9,5,1,66.5
101012,DEPOSIT,6,1,8,1,9,4,16,4,1,15.79
101033,INSURANCE,20,0,4,1,0,4,12,3,0,1.05
101012,ATM_CDM,8,1,37,1,13,4,15,1,1,7.62
101012,DEPOSIT,6,1,17,1,11,4,15,1,1,16.84
101033,ONLINE_SUP,12,0,1,1,4,4,11,4,1,12.14
101056,FIXED_DEP,15,1,19,1,4,6,15,2,1,7.88
101033,CREDIT_CARD,12,1,4,1,7,5,14,3,1,29.5
101012,CUST_SVC,10,1,23,1,5,5,14,3,1,12.78
101056,BIZ_BANK,18,0,20,1,6,5,10,5,1,20.45
101078,CREDIT_CARD,12,0,11,1,4,7,14,4,1,5.46
101078,WITHDRAW,5,1,22,1,10,4,16,4,1,7.35
101012,ATM_CDM,8,0,13,1,7,6,15,5,1,11.92
101012,ATM_CDM,8,1,17,1,7,3,16,5,1,30.27
101033,CREDIT_CARD,12,1,16,1,7,7,15,1,1,13.54
101033,BIZ_BANK,18,1,19,1,6,2,13,4,0,27.78
101012,REMITTANCE,10,0,8,1,6,5,16,4,1,12.04
101012,DEPOSIT,6,1,26,1,7,5,14,5,1,9.53
101012,CUST_SVC,10,1,22,1,10,4,14,4,1,31.96
101056,CREDIT_CARD,12,0,11,1,8,7,11,4,1,12.27
101033,ATM_CDM,8,0,15,1,8,4,10,1,1,8.91
101056,DEPOSIT,6,1,14,1,13,8,15,5,1,11.49
101056,CUST_SVC,10,0,8,1,6,6,15,2,1,11.67
101056,FIXED_DEP,15,1,15,1,2,2,13,4,0,9.1
101033,CUST_SVC,10,1,41,1,15,7,15,1,1,29.37
101012,DEPOSIT,6,0,2,1,6,6,11,3,1,6.85
101033,ONLINE_SUP,12,1,10,1,9,6,14,5,1,15.06
101078,CUST_SVC,10,1,27,1,7,6,15,2,1,14.52
101012,CUST_SVC,10,1,32,1,11,6,10,3,1,22.39
101033,FIXED_DEP,15,1,22,1,12,4,9,1,1,90.0
101078,DEPOSIT,6,1,7,1,5,7,16,1,1,5.06
101056,DEPOSIT,6,0,15,1,9,6,9,5,1,7.65
101078,FIXED_DEP,15,1,3,1,10,6,14,5,1,29.81
101078,CUST_SVC,10,1,9,1,4,7,9,4,1,6.57
101033,INSURANCE,20,0,25,1,6,5,14,4,1,20.31
101078,REMITTANCE,10,0,14,1,4,6,14,2,1,7.61
101045,LOAN,30,1,12,1,9,4,15,1,1,90.0
101012,ACC_OPEN,25,0,1,1,7,3,13,1,0,39.78
101056,CUST_SVC,10,0,10,0,2,6,14,5,1,5.75
101078,REMITTANCE,10,0,15,1,5,5,16,5,1,15.47
101078,WITHDRAW,5,0,1,1,10,7,9,1,1,7.76
101033,REMITTANCE,10,0,10,1,5,7,11,1,1,8.86
101045,CUST_SVC,10,0,6,1,1,4,11,1,1,2.74
101033,CUST_SVC,10,1,28,1,7,6,11,1,1,11.43
101012,DEPOSIT,6,1,18,1,5,3,13,1,0,8.94
101078,CREDIT_CARD,12,1,24,1,10,7,9,5,1,26.51
101078,WITHDRAW,5,0,18,1,10,4,10,5,1,5.12
101056,ATM_CDM,8,1,27,1,10,8,14,5,1,14.33
101056,CREDIT_CARD,12,1,12,1,2,3,12,5,0,11.92
101078,CREDIT_CARD,12,1,16,1,3,4,11,5,1,7.57
101012,INSURANCE,20,1,31,1,10,7,11,5,1,32.92
101033,BIZ_BANK,18,0,2,1,2,6,10,3,1,6.29
101012,DEPOSIT,6,1,7,1,4,4,11,5,1,4.63
101012,INSURANCE,20,1,22,1,9,8,14,1,1,20.95
101012,CUST_SVC,10,1,11,1,5,7,9,1,1,6.32
101078,CREDIT_CARD,12,0,8,1,7,5,9,1,1,21.45
101045,LOAN,30,0,9,1,10,8,15,4,1,27.51
101012,ACC_OPEN,25,1,1,1,7,4,13,2,0,14.98
101012,ATM_CDM,8,1,4,1,7,5,14,2,1,10.88
101012,ONLINE_SUP,12,0,25,1,9,4,9,3,1,33.83
101033,DEPOSIT,6,0,14,1,6,8,15,1,1,3.6
101056,BIZ_BANK,18,0,7,1,4,6,15,2,1,6.01
101033,ONLINE_SUP,12,1,19,1,9,4,9,4,1,38.26
101012,CUST_SVC,10,1,16,1,12,4,15,2,1,31.01
101078,FIXED_DEP,15,1,7,1,4,7,11,5,1,5.55
101012,CREDIT_CARD,12,0,15,1,9,8,10,5,1,6.9
101056,DEPOSIT,6,1,18,1,9,4,15,5,1,16.05
101078,ATM_CDM,8,1,27,1,6,7,14,1,1,7.8
101012,INVEST,22,1,12,1,9,7,10,2,1,26.19
101078,CUST_SVC,10,0,14,1,10,7,15,1,1,14.29
101033,DEPOSIT,6,1,1,1,10,4,11,1,1,21.68
101056,ATM_CDM,8,0,21,1,6,5,15,2,1,10.39
101012,ACC_OPEN,25,0,24,1,6,6,10,1,1,27.72
101078,WITHDRAW,5,1,6,1,8,4,13,3,0,11.65
101078,REMITTANCE,10,1,10,1,6,6,15,4,1,9.7
101056,ATM_CDM,8,1,12,1,3,3,13,4,0,8.44
101045,DEPOSIT,6,1,8,1,6,3,13,5,0,9.13
101078,CUST_SVC,10,1,39,1,11,7,15,3,1,24.67
101033,ONLINE_SUP,12,1,6,1,3,3,16,4,1,13.59
101045,ATM_CDM,8,0,21,1,6,7,14,1,1,4.57
101012,ACC_OPEN,25,1,4,1,3,4,14,4,1,12.86
101033,INVEST,22,0,14,1,6,3,13,1,0,45.53
101045,BIZ_BANK,18,1,19,1,4,3,13,1,0,26.14
101056,WITHDRAW,5,1,4,1,7,4,14,2,1,8.21
101012,CREDIT_CARD,12,1,12,1,3,2,13,2,0,19.8
101056,WITHDRAW,5,0,33,1,9,6,9,5,1,5.19
101056,DEPOSIT,6,1,14,1,5,5,14,5,1,8.11
101012,DEPOSIT,6,1,18,1,3,2,12,5,0,8.9
101033,REMITTANCE,10,1,13,1,4,3,12,2,0,16.19
101045,ATM_CDM,8,1,32,1,11,5,10,5,1,16.51
101045,BIZ_BANK,18,1,2,1,6,5,10,2,1,25.86
101078,ATM_CDM,8,0,1,1,6,3,16,4,1,11.73
101056,DEPOSIT,6,1,7,1,8,7,14,1,1,6.08
101033,INSURANCE,20,1,24,1,8,4,10,1,1,39.52
101033,WITHDRAW,5,1,19,1,4,5,14,1,1,5.79
101056,ATM_CDM,8,1,28,1,17,4,10,1,1,44.68
101033,CUST_SVC,10,0,9,1,9,5,16,1,1,14.69
101045,INVEST,22,1,20,1,6,3,13,1,0,28.81
101045,ACC_OPEN,25,0,18,1,6,6,15,2,1,28.23
101012,CREDIT_CARD,12,1,29,1,12,6,9,3,1,16.62
101012,CUST_SVC,10,1,12,1,9,6,15,3,1,16.47
101045,ATM_CDM,8,1,5,1,3,8,10,3,1,5.72
101056,CUST_SVC,10,1,18,1,4,3,13,4,0,16.29
101012,ATM_CDM,8,1,21,1,5,4,16,3,1,10.25
101012,DEPOSIT,6,0,33,1,10,4,16,5,1,13.17
101078,DEPOSIT,6,1,15,1,7,7,10,3,1,8.96
101078,DEPOSIT,6,0,25,1,8,4,11,1,1,13.19
101033,CUST_SVC,10,1,18,1,4,2,12,2,0,13.12
101056,REMITTANCE,10,1,10,1,4,2,13,4,0,12.64
101045,DEPOSIT,6,1,14,1,4,4,15,2,1,7.91
101078,DEPOSIT,6,1,11,1,10,4,15,1,1,20.35
101012,CREDIT_CARD,12,1,27,1,7,5,14,3,1,17.6
101033,BIZ_BANK,18,1,13,1,8,4,12,4,0,32.36
101056,LOAN,30,1,11,1,3,4,16,4,1,26.71
101033,ACC_OPEN,25,1,23,1,9,4,16,1,1,42.75
101078,CUST_SVC,10,1,6,1,1,5,15,5,1,2.93
101078,ATM_CDM,8,1,14,1,8,5,16,2,1,24.42
101033,ATM_CDM,8,1,22,1,5,6,10,3,1,6.3
101033,CUST_SVC,10,1,9,1,10,7,9,5,1,16.02
101078,ATM_CDM,8,0,29,1,9,4,11,4,1,20.22
101045,ONLINE_SUP,12,0,15,0,6,5,10,5,1,17.89
101012,ATM_CDM,8,0,29,1,7,3,16,4,1,20.15
101078,ONLINE_SUP,12,0,15,1,5,5,15,5,1,13.84
101078,LOAN,30,1,34,1,9,5,15,5,1,54.99
101045,CUST_SVC,10,1,22,1,8,4,14,5,1,15.17
101012,ATM_CDM,8,0,1,1,1,2,12,2,0,4.0
101078,CUST_SVC,10,1,4,1,2,7,14,2,1,1.46
101033,DEPOSIT,6,1,14,1,3,4,16,4,1,5.45
101033,ATM_CDM,8,1,14,1,2,6,15,3,1,5.97
101056,REMITTANCE,10,1,22,1,11,4,11,2,1,32.4
101012,ACC_OPEN,25,1,13,1,10,6,10,1,1,76.55
101056,DEPOSIT,6,0,39,1,10,8,14,1,1,7.09
101012,LOAN,30,1,28,1,14,7,9,1,1,90.0
101045,FIXED_DEP,15,1,1,1,6,3,16,3,1,41.94
101078,REMITTANCE,10,1,21,1,6,5,15,5,1,9.9
101012,LOAN,30,1,12,1,4,3,16,5,1,39.06
101045,REMITTANCE,10,0,10,1,4,6,9,5,1,6.87
101078,BIZ_BANK,18,1,7,1,7,5,11,3,1,34.87
101045,BIZ_BANK,18,1,22,1,5,4,12,3,0,30.45
101078,DEPOSIT,6,1,20,1,6,4,15,4,1,9.48
101078,ACC_OPEN,25,1,10,1,2,5,9,5,1,12.39
101033,FIXED_DEP,15,1,46,1,14,5,15,5,1,71.39
101045,DEPOSIT,6,0,15,1,2,2,13,2,0,5.79
101033,ONLINE_SUP,12,1,12,1,7,5,15,2,1,11.4
101045,CREDIT_CARD,12,1,1,1,7,7,14,2,1,14.19
101045,CREDIT_CARD,12,1,6,1,2,4,12,4,0,5.71
101056,CUST_SVC,10,1,2,1,4,7,11,3,1,6.5
101012,ONLINE_SUP,12,1,27,1,13,5,14,5,1,43.66
101033,CREDIT_CARD,12,1,8,1,9,5,15,1,1,39.3
101012,FIXED_DEP,15,1,5,1,6,5,10,2,1,26.9
101056,ONLINE_SUP,12,1,5,1,9,4,14,1,1,25.3
101045,REMITTANCE,10,1,13,1,2,7,14,4,1,1.17
101045,INSURANCE,20,1,15,1,6,5,10,2,1,30.35
101056,CUST_SVC,10,0,4,1,3,4,15,3,1,8.87
101033,INSURANCE,20,1,14,1,9,6,10,4,1,31.69
101033,REMITTANCE,10,1,19,1,9,6,11,4,1,25.46
101033,CUST_SVC,10,1,4,1,4,3,13,2,0,5.99
101056,BIZ_BANK,18,1,1,1,4,4,11,5,1,32.36
101056,BIZ_BANK,18,1,27,1,6,6,15,4,1,18.11
101012,CUST_SVC,10,0,4,0,7,4,10,2,1,14.59
101012,INSURANCE,20,1,9,1,3,6,15,4,1,15.63
101056,REMITTANCE,10,1,3,1,4,4,12,2,0,13.97
101045,LOAN,30,1,19,1,6,4,11,4,1,61.76
101012,REMITTANCE,10,1,4,1,4,5,9,4,1,11.2
101078,CUST_SVC,10,0,21,0,5,4,11,1,1,22.92
101033,LOAN,30,1,41,1,11,5,11,1,1,90.0
101033,ONLINE_SUP,12,1,4,1,6,6,14,2,1,12.17
101078,ATM_CDM,8,0,21,1,7,5,14,5,1,11.47
101056,ATM_CDM,8,0,18,1,7,2,12,5,0,34.32
101056,ONLINE_SUP,12,1,22,1,11,7,14,5,1,20.27
101012,LOAN,30,0,11,1,9,6,15,3,1,26.74
101012,ATM_CDM,8,1,23,1,5,6,14,3,1,8.83
101056,ACC_OPEN,25,1,16,1,8,6,10,2,1,36.54
101033,ATM_CDM,8,1,1,1,5,4,15,1,1,13.37
101045,REMITTANCE,10,1,13,1,3,2,13,4,0,14.59
101033,CUST_SVC,10,0,2,1,2,2,13,4,0,11.93
101078,ACC_OPEN,25,0,4,1,6,7,11,1,1,14.78
101078,ACC_OPEN,25,1,12,1,3,6,14,5,1,18.67
101056,FIXED_DEP,15,1,22,1,10,8,14,2,1,19.02
101056,DEPOSIT,6,1,23,1,10,4,10,5,1,18.83
101056,FIXED_DEP,15,1,13,1,8,6,16,2,1,33.6
101056,ACC_OPEN,25,1,14,1,7,6,16,2,1,27.48
101056,BIZ_BANK,18,0,37,1,10,6,14,2,1,33.09
101033,DEPOSIT,6,1,35,1,9,7,14,5,1,8.35
101012,ATM_CDM,8,1,5,1,1,3,16,4,1,0.9
101056,ACC_OPEN,25,0,2,1,5,5,15,1,1,15.94
101045,FIXED_DEP,15,0,16,1,10,5,14,1,1,32.73
101012,CUST_SVC,10,1,41,1,13,7,10,2,1,33.21
101056,BIZ_BANK,18,1,17,1,9,7,14,3,1,25.48
101012,CUST_SVC,10,1,9,1,6,2,13,5,0,25.69
101056,CUST_SVC,10,1,9,1,7,8,11,5,1,9.81
101045,CREDIT_CARD,12,1,11,1,3,4,9,2,1,9.3
101045,DEPOSIT,6,1,6,1,3,4,11,2,1,5.31
101078,REMITTANCE,10,1,2,1,3,4,15,4,1,10.11
101078,INVEST,22,1,21,1,8,5,11,2,1,39.85
101012,CUST_SVC,10,1,20,1,8,4,15,3,1,22.58
101033,FIXED_DEP,15,1,11,1,6,4,15,4,1,23.39
101045,ACC_OPEN,25,1,13,1,5,8,15,5,1,13.43
101056,CUST_SVC,10,1,12,1,2,3,16,3,1,8.11
101033,CUST_SVC,10,1,12,1,2,7,15,4,1,1.37
101045,CUST_SVC,10,1,24,1,5,4,11,1,1,15.62
101056,DEPOSIT,6,0,21,1,6,7,15,5,1,6.01
101056,ATM_CDM,8,1,1,1,8,7,14,5,1,5.87
101033,DEPOSIT,6,1,4,1,2,3,12,3,0,4.61
101056,LOAN,30,1,10,1,11,7,15,1,1,63.6
101045,REMITTANCE,10,1,14,1,4,2,12,2,0,14.99
101078,CUST_SVC,10,1,16,1,3,6,15,2,1,5.13
101033,CREDIT_CARD,12,0,6,1,5,5,16,1,1,12.77
101012,WITHDRAW,5,1,15,1,2,4,12,5,0,2.22
101056,ONLINE_SUP,12,1,19,1,4,2,12,1,0,24.05
101012,DEPOSIT,6,1,4,1,5,5,14,1,1,8.25
101045,DEPOSIT,6,1,8,1,4,2,13,4,0,13.92
101078,ATM_CDM,8,1,9,1,7,4,15,1,1,14.32
101033,CREDIT_CARD,12,1,14,1,3,6,15,5,1,8.97
101078,ACC_OPEN,25,0,25,0,6,8,14,1,1,26.61
101078,BIZ_BANK,18,1,12,1,2,6,16,3,1,8.81
101078,DEPOSIT,6,1,38,1,11,5,9,2,1,15.95
101056,CUST_SVC,10,1,8,1,5,3,16,3,1,16.38
101078,ATM_CDM,8,1,36,1,9,7,15,2,1,9.27
101056,BIZ_BANK,18,1,27,1,8,4,10,5,1,46.64
101033,REMITTANCE,10,1,33,1,9,4,11,2,1,32.93
101056,CUST_SVC,10,0,2,1,4,4,13,1,0,7.98
101045,ACC_OPEN,25,1,12,1,7,4,14,5,1,59.48
101045,INSURANCE,20,1,2,1,5,5,15,3,1,22.01
101033,FIXED_DEP,15,1,20,1,4,6,11,2,1,10.67
101012,DEPOSIT,6,1,25,1,13,8,10,5,1,8.2
101012,LOAN,30,1,14,1,5,4,10,3,1,42.79
101012,DEPOSIT,6,0,17,1,8,6,9,4,1,8.54
101012,CREDIT_CARD,12,1,10,1,10,5,14,5,1,24.94
101056,INVEST,22,1,45,1,12,6,15,1,1,66.25
101078,CREDIT_CARD,12,0,13,1,3,2,13,3,0,13.86
101012,CUST_SVC,10,1,4,1,4,4,13,5,0,10.24
101012,ATM_CDM,8,0,13,1,4,3,12,1,0,6.49
101056,INSURANCE,20,1,21,1,6,6,16,1,1,27.57
101045,ACC_OPEN,25,1,16,1,7,4,9,4,1,42.52
101056,DEPOSIT,6,1,16,1,5,3,12,4,0,9.02
101056,DEPOSIT,6,0,5,1,10,3,13,5,0,21.99
101012,ACC_OPEN,25,1,19,1,10,5,14,3,1,51.19
101045,FIXED_DEP,15,1,22,1,6,4,9,2,1,15.71
101033,DEPOSIT,6,1,1,1,7,6,14,3,1,4.91
101045,INSURANCE,20,1,4,1,11,6,10,5,1,27.96
101033,INVEST,22,1,17,1,10,6,10,1,1,57.67
101012,DEPOSIT,6,0,7,1,7,7,11,1,1,5.52
101056,WITHDRAW,5,1,19,1,5,4,11,5,1,8.72
101056,LOAN,30,1,11,1,10,4,15,3,1,90.0
101056,CREDIT_CARD,12,0,9,1,10,6,14,2,1,16.26
101033,LOAN,30,0,23,1,9,5,11,1,1,70.2
101078,BIZ_BANK,18,1,15,1,8,6,10,1,1,24.19
101033,LOAN,30,1,38,1,10,5,11,5,1,90.0
101012,ONLINE_SUP,12,1,34,1,10,8,9,1,1,23.41
101056,BIZ_BANK,18,1,8,1,7,7,16,2,1,15.62
101078,LOAN,30,1,18,1,7,5,16,5,1,41.21
101012,CUST_SVC,10,1,10,1,7,6,9,5,1,11.77
101045,REMITTANCE,10,0,23,1,5,7,10,5,1,7.28
101056,INSURANCE,20,1,3,1,5,6,14,5,1,23.15
101033,ATM_CDM,8,1,2,1,2,4,13,4,0,4.86
101045,LOAN,30,1,5,1,3,2,13,1,0,34.61
101056,CREDIT_CARD,12,0,15,1,7,3,12,3,0,24.25
101033,FIXED_DEP,15,1,13,1,2,4,12,2,0,4.44
101078,CREDIT_CARD,12,0,12,1,3,5,15,5,1,7.09
101056,CUST_SVC,10,0,12,1,5,6,11,2,1,8.58
101056,FIXED_DEP,15,0,7,1,4,8,14,3,1,8.47
101045,WITHDRAW,5,1,5,1,5,4,10,2,1,5.94
101045,CUST_SVC,10,1,6,1,3,5,16,5,1,8.52
101033,ATM_CDM,8,0,18,1,11,7,11,2,1,12.59
101012,CUST_SVC,10,1,7,1,6,7,11,5,1,11.65
101033,DEPOSIT,6,1,24,1,5,4,15,1,1,9.31
101056,ATM_CDM,8,1,12,1,4,5,15,1,1,8.04
101045,DEPOSIT,6,1,17,1,4,5,10,3,1,6.16
101045,BIZ_BANK,18,1,4,1,6,6,15,3,1,16.2
101078,FIXED_DEP,15,1,13,1,7,6,9,2,1,34.49
101078,DEPOSIT,6,1,2,1,2,2,13,5,0,3.4
101078,BIZ_BANK,18,1,31,1,8,6,14,2,1,46.94
101078,ATM_CDM,8,1,9,1,6,5,14,4,1,7.83
101078,CUST_SVC,10,1,19,1,8,6,10,1,1,18.18
101012,DEPOSIT,6,1,10,1,6,4,14,2,1,14.93
101078,REMITTANCE,10,1,24,1,11,5,14,1,1,25.78
101056,ACC_OPEN,25,0,25,1,8,8,15,3,1,23.68
101056,REMITTANCE,10,1,23,1,8,4,11,5,1,26.34
101056,FIXED_DEP,15,1,39,1,10,3,16,1,1,55.23
101045,ATM_CDM,8,0,32,1,10,5,14,5,1,15.56
101012,BIZ_BANK,18,1,12,1,1,3,12,2,0,5.73
101056,DEPOSIT,6,1,3,1,7,2,13,3,0,33.49
101012,BIZ_BANK,18,1,32,1,13,5,14,1,1,41.44
101012,ATM_CDM,8,0,10,1,7,5,15,1,1,7.68
101033,CREDIT_CARD,12,1,10,1,10,4,14,1,1,22.03
101056,ATM_CDM,8,1,21,1,5,5,11,1,1,7.85
101012,CUST_SVC,10,1,5,1,8,4,14,5,1,13.16
101033,CUST_SVC,10,0,21,1,5,4,16,2,1,12.46
101012,CUST_SVC,10,1,16,1,6,6,15,3,1,11.17
101033,CREDIT_CARD,12,1,3,1,6,7,14,2,1,10.26
101045,DEPOSIT,6,0,19,0,4,6,11,2,1,3.58
101012,ACC_OPEN,25,0,16,1,7,6,15,2,1,35.78
101012,CREDIT_CARD,12,1,16,1,7,6,14,4,1,14.26
101056,LOAN,30,1,27,1,17,7,15,1,1,90.0
101033,INSURANCE,20,0,1,1,2,5,10,2,1,5.88
101033,ACC_OPEN,25,0,9,1,5,6,10,5,1,24.94
101045,INSURANCE,20,1,6,1,4,5,11,4,1,14.62
101056,DEPOSIT,6,1,18,1,5,6,15,5,1,4.98
101012,INSURANCE,20,1,7,1,13,6,15,1,1,41.35
101033,DEPOSIT,6,0,17,1,4,4,13,3,0,5.96
101078,DEPOSIT,6,1,6,1,2,2,12,1,0,3.06
101056,CUST_SVC,10,1,18,1,9,7,14,1,1,13.4
101078,ONLINE_SUP,12,1,8,1,5,4,13,5,0,22.76
101045,INSURANCE,20,1,30,1,13,5,15,5,1,28.35
101045,CUST_SVC,10,1,6,1,8,6,14,5,1,12.62
101012,CUST_SVC,10,1,8,1,6,7,9,1,1,10.29
101056,CUST_SVC,10,0,17,0,5,6,14,4,1,11.31
101012,ONLINE_SUP,12,1,5,1,11,6,11,3,1,29.67
101045,ATM_CDM,8,1,19,1,8,5,16,5,1,15.86
101045,DEPOSIT,6,1,1,1,6,5,9,5,1,10.47
101033,CREDIT_CARD,12,1,2,1,13,4,10,5,1,42.16
101033,FIXED_DEP,15,1,8,1,11,5,16,1,1,42.91
101012,CUST_SVC,10,0,10,1,8,3,13,2,0,13.53
101078,DEPOSIT,6,0,29,1,10,4,14,2,1,22.7
101012,ACC_OPEN,25,0,16,1,6,4,13,4,0,54.7
101056,WITHDRAW,5,1,22,1,5,2,13,4,0,13.54
101045,INSURANCE,20,0,8,1,7,5,14,3,1,32.64
101045,ONLINE_SUP,12,1,14,1,2,6,16,5,1,6.19
101078,ONLINE_SUP,12,1,8,1,4,5,11,2,1,6.13
101045,CUST_SVC,10,1,16,1,8,5,15,1,1,9.55
101012,CUST_SVC,10,0,28,1,9,4,14,2,1,29.79
101056,ACC_OPEN,25,1,13,1,8,4,13,2,0,27.21
101045,FIXED_DEP,15,1,4,1,8,5,16,5,1,27.99
101045,BIZ_BANK,18,1,19,1,5,4,10,4,1,27.36
101078,CREDIT_CARD,12,0,6,1,2,4,11,4,1,3.7
101033,ACC_OPEN,25,1,31,1,14,4,9,5,1,64.91
101012,BIZ_BANK,18,1,22,1,7,2,13,1,0,61.51
101056,ATM_CDM,8,1,28,1,8,5,16,1,1,13.95
101078,CUST_SVC,10,1,4,1,0,3,12,2,0,0.29
101045,FIXED_DEP,15,0,18,1,7,7,10,4,1,17.04
101012,BIZ_BANK,18,1,40,1,14,5,11,1,1,73.71
101012,DEPOSIT,6,1,21,1,6,4,14,1,1,8.57
101033,INSURANCE,20,1,17,1,5,3,13,5,0,30.35
101012,INSURANCE,20,1,19,1,5,8,15,3,1,10.15
101078,CUST_SVC,10,1,19,1,7,6,11,3,1,9.42
101045,DEPOSIT,6,1,40,1,11,4,11,5,1,20.32
101012,DEPOSIT,6,1,7,1,0,4,12,3,0,1.13
101012,INSURANCE,20,1,12,1,3,2,13,4,0,29.61
101012,DEPOSIT,6,1,10,1,13,6,10,5,1,11.09
101045,ATM_CDM,8,1,5,1,7,4,9,4,1,16.33
101056,CUST_SVC,10,0,5,1,1,4,12,3,0,1.89
101033,CUST_SVC,10,1,4,1,3,6,11,2,1,7.86
101033,CUST_SVC,10,1,10,1,6,4,15,5,1,9.35
101045,ACC_OPEN,25,1,7,1,3,6,11,5,1,13.64
101078,LOAN,30,0,13,1,6,7,14,2,1,29.75
101033,ONLINE_SUP,12,1,17,1,7,5,9,5,1,21.5
101045,ONLINE_SUP,12,1,8,1,7,5,15,5,1,24.19
101078,ATM_CDM,8,1,10,1,4,6,11,1,1,5.01
101033,ATM_CDM,8,0,20,1,6,8,11,3,1,5.93
101033,ATM_CDM,8,0,9,1,2,4,12,2,0,1.36
101056,ONLINE_SUP,12,1,18,1,4,7,9,2,1,8.04
101045,CUST_SVC,10,1,13,1,6,6,15,5,1,11.16
101033,ATM_CDM,8,1,5,1,2,4,13,5,0,2.73
101033,DEPOSIT,6,1,5,1,1,2,13,2,0,1.7
101045,DEPOSIT,6,1,28,1,8,5,11,3,1,12.43
101056,DEPOSIT,6,1,14,1,7,4,11,2,1,9.5
101078,DEPOSIT,6,1,12,1,4,2,13,4,0,10.22
101078,REMITTANCE,10,1,3,1,1,3,12,2,0,3.62
101033,CREDIT_CARD,12,1,7,1,7,7,9,3,1,13.97
101033,LOAN,30,1,2,1,5,5,9,4,1,27.19
101056,REMITTANCE,10,1,11,1,4,8,14,3,1,4.71
101033,CREDIT_CARD,12,1,12,1,8,4,9,4,1,25.87
101056,BIZ_BANK,18,1,26,1,6,4,16,4,1,26.39
101078,ACC_OPEN,25,1,16,1,3,4,13,3,0,15.24
101033,ONLINE_SUP,12,1,10,1,7,4,9,4,1,24.25
101012,ONLINE_SUP,12,1,2,1,10,6,10,4,1,36.24
101012,FIXED_DEP,15,1,15,1,9,5,14,2,1,24.26
101033,ATM_CDM,8,1,11,1,5,6,10,1,1,6.79
101045,DEPOSIT,6,1,14,1,9,7,10,5,1,12.98
101045,ATM_CDM,8,1,16,1,6,5,9,5,1,8.45
101012,DEPOSIT,6,1,32,1,13,5,15,5,1,27.21
101012,INVEST,22,1,22,1,15,4,10,1,1,90.0
101033,ATM_CDM,8,0,9,1,4,5,14,2,1,7.78
101012,CUST_SVC,10,1,23,1,8,5,16,5,1,26.6
101078,DEPOSIT,6,1,17,1,7,5,15,1,1,8.55
101078,INSURANCE,20,1,4,1,15,4,10,4,1,90.0
101033,DEPOSIT,6,1,4,1,0,2,13,4,0,0.86
101012,CUST_SVC,10,1,1,1,8,4,10,4,1,16.77
101056,FIXED_DEP,15,1,13,1,3,7,10,2,1,8.11
101033,DEPOSIT,6,1,2,1,7,2,13,1,0,19.87
101033,ATM_CDM,8,1,33,1,10,4,14,1,1,26.31
101045,LOAN,30,1,4,1,9,8,15,4,1,28.24
101045,CREDIT_CARD,12,0,3,1,6,4,11,3,1,23.37
101012,CUST_SVC,10,1,21,1,6,4,14,1,1,22.63
101045,DEPOSIT,6,1,4,1,6,5,15,1,1,10.73
101078,CUST_SVC,10,1,21,1,6,5,10,1,1,20.52
101045,FIXED_DEP,15,1,3,1,15,6,10,1,1,56.26
101012,BIZ_BANK,18,1,14,1,8,3,13,2,0,69.61
101056,ACC_OPEN,25,1,12,1,8,6,11,5,1,37.02
101056,ATM_CDM,8,0,17,1,10,6,10,2,1,8.99
101012,ATM_CDM,8,0,12,1,7,4,11,1,1,12.62
101033,DEPOSIT,6,0,1,1,3,4,10,2,1,3.16
101056,INSURANCE,20,1,16,1,3,4,10,2,1,17.47
101078,CREDIT_CARD,12,1,12,1,9,4,10,2,1,29.2
101033,LOAN,30,1,19,1,4,4,11,3,1,34.35
101045,ATM_CDM,8,1,1,1,6,6,11,1,1,10.39
101012,FIXED_DEP,15,1,18,1,9,6,11,2,1,36.07
101045,DEPOSIT,6,1,12,1,3,4,14,4,1,7.56
101078,DEPOSIT,6,0,5,1,4,7,14,2,1,5.05
101056,CREDIT_CARD,12,1,3,1,6,6,11,2,1,8.88
101078,WITHDRAW,5,1,14,1,5,8,9,1,1,4.25
101045,REMITTANCE,10,1,4,1,7,7,14,1,1,9.1
101078,DEPOSIT,6,1,13,1,3,4,16,2,1,5.99
101033,BIZ_BANK,18,1,5,1,6,7,11,3,1,11.0
101078,BIZ_BANK,18,0,12,1,4,6,11,3,1,6.67
101033,CUST_SVC,10,1,2,1,6,4,15,2,1,24.41
101045,ATM_CDM,8,0,13,1,2,4,11,3,1,4.13
101078,INSURANCE,20,1,19,1,4,4,15,2,1,32.72
101078,BIZ_BANK,18,1,21,1,4,4,13,4,0,9.09
101056,CUST_SVC,10,1,20,1,6,3,13,1,0,11.25
101012,BIZ_BANK,18,1,17,1,7,6,9,2,1,26.13
101045,CUST_SVC,10,1,9,1,6,4,15,2,1,16.28
101033,BIZ_BANK,18,0,1,1,5,7,14,5,1,11.28
101078,ACC_OPEN,25,1,17,1,5,6,15,5,1,18.29
101078,ACC_OPEN,25,1,19,1,6,7,9,1,1,24.46
101045,DEPOSIT,6,0,3,1,2,4,9,2,1,3.71
101033,ATM_CDM,8,1,2,1,7,6,14,1,1,12.18
101078,WITHDRAW,5,0,4,0,2,2,13,5,0,6.03
101045,INVEST,22,1,11,1,4,6,9,2,1,6.0
101056,DEPOSIT,6,1,15,1,7,4,9,1,1,10.67
101078,ONLINE_SUP,12,0,8,1,6,5,16,5,1,9.1
101045,ATM_CDM,8,1,11,1,6,7,14,4,1,5.86
101012,CUST_SVC,10,1,3,1,5,3,16,2,1,23.06
101045,CUST_SVC,10,0,7,1,2,2,12,3,0,4.03
101056,CUST_SVC,10,1,5,1,4,6,15,4,1,7.24
101033,INSURANCE,20,1,27,1,7,6,16,3,1,28.07
101056,INSURANCE,20,1,6,1,4,4,9,5,1,35.8
101056,ONLINE_SUP,12,1,14,1,3,4,14,3,1,8.7
101078,DEPOSIT,6,1,13,1,6,4,9,5,1,9.15
101033,REMITTANCE,10,0,7,1,6,6,10,3,1,8.17
101078,CUST_SVC,10,0,18,1,7,5,14,1,1,11.53
101078,CUST_SVC,10,0,10,1,4,4,12,2,0,6.26
101045,CUST_SVC,10,0,23,0,7,5,11,1,1,13.65
101033,BIZ_BANK,18,0,11,1,11,5,14,2,1,51.35
101078,BIZ_BANK,18,1,6,1,5,6,11,1,1,16.52
101056,ACC_OPEN,25,1,2,1,9,6,9,2,1,41.08
101012,CUST_SVC,10,0,6,1,9,8,11,5,1,13.68
101012,CREDIT_CARD,12,1,4,1,1,4,12,2,0,3.83
101033,ACC_OPEN,25,1,29,1,7,6,10,1,1,57.23
101012,ATM_CDM,8,0,2,1,8,7,9,2,1,9.04
101078,REMITTANCE,10,1,12,1,2,4,15,4,1,7.26
101012,BIZ_BANK,18,1,35,1,11,6,11,2,1,23.94
101078,DEPOSIT,6,1,16,1,4,4,15,3,1,9.71
101078,ONLINE_SUP,12,1,23,1,5,6,15,3,1,9.13
101012,REMITTANCE,10,1,3,1,3,3,12,3,0,6.92
101045,INVEST,22,1,18,1,4,5,16,2,1,20.03
101033,INSURANCE,20,1,13,1,5,6,14,5,1,17.43
101045,ACC_OPEN,25,1,17,1,3,3,12,5,0,25.1
101045,CUST_SVC,10,1,12,1,9,6,11,3,1,26.24
101045,ATM_CDM,8,1,18,1,7,2,12,5,0,15.43
101033,ATM_CDM,8,0,43,1,14,7,10,5,1,17.02
101056,INSURANCE,20,1,3,1,5,4,16,2,1,27.34
101056,ATM_CDM,8,1,36,1,9,5,14,4,1,16.36
101033,CREDIT_CARD,12,0,44,1,12,6,16,5,1,17.34
101012,ACC_OPEN,25,1,6,1,9,4,14,3,1,54.15
101033,ONLINE_SUP,12,1,27,1,6,6,9,1,1,11.93
101078,DEPOSIT,6,1,10,1,5,7,9,2,1,5.73
101078,WITHDRAW,5,1,1,1,1,5,9,2,1,1.43
101045,INVEST,22,1,19,1,8,4,15,1,1,71.39
101078,CUST_SVC,10,0,3,1,8,3,16,3,1,25.58
101078,ATM_CDM,8,1,15,1,6,3,16,1,1,21.3
101012,FIXED_DEP,15,0,38,1,10,4,16,3,1,47.11
101033,ATM_CDM,8,0,31,0,9,3,16,2,1,31.29
101033,BIZ_BANK,18,1,7,1,7,4,15,5,1,22.75
101056,ACC_OPEN,25,0,2,1,5,3,16,1,1,42.63
101012,DEPOSIT,6,1,27,1,10,7,15,5,1,8.13
101078,BIZ_BANK,18,0,9,1,6,5,11,3,1,14.37
101045,CREDIT_CARD,12,1,8,1,3,4,10,4,1,9.65
101033,REMITTANCE,10,1,6,1,11,8,11,2,1,14.91
101033,DEPOSIT,6,0,23,1,5,4,11,1,1,7.86
101033,BIZ_BANK,18,1,3,1,7,7,10,2,1,16.18
101056,CREDIT_CARD,12,0,4,1,5,4,15,3,1,21.85
101056,ACC_OPEN,25,1,2,1,5,6,14,5,1,24.68
101078,DEPOSIT,6,1,4,1,6,5,9,3,1,8.85
101012,CUST_SVC,10,1,32,1,8,6,15,4,1,12.16
101056,INSURANCE,20,1,8,1,17,7,14,5,1,64.75
101056,CUST_SVC,10,0,14,1,6,6,16,1,1,7.83
101033,INSURANCE,20,1,2,1,4,5,15,4,1,14.61
101033,LOAN,30,1,2,1,4,4,15,2,1,35.68
101045,CUST_SVC,10,1,6,1,6,4,9,4,1,22.74
101056,CUST_SVC,10,1,13,1,3,8,11,3,1,7.7
101033,ACC_OPEN,25,1,2,1,3,4,16,2,1,20.05
101045,INVEST,22,1,1,1,2,3,16,2,1,16.05
101033,WITHDRAW,5,1,14,1,6,4,15,1,1,10.72
101012,BIZ_BANK,18,1,11,1,7,4,9,5,1,17.8
101033,LOAN,30,0,35,1,9,8,10,4,1,32.47
101056,DEPOSIT,6,1,5,1,8,4,11,1,1,18.88
101078,CREDIT_CARD,12,0,12,1,4,8,10,3,1,6.47
101033,DEPOSIT,6,1,22,1,10,5,9,1,1,9.91
101033,ATM_CDM,8,1,2,1,9,6,11,3,1,6.15
101078,ATM_CDM,8,1,1,1,6,6,10,1,1,7.3
101078,FIXED_DEP,15,1,19,1,4,7,15,2,1,15.08
101045,INSURANCE,20,1,21,1,5,3,13,5,0,37.61
101056,FIXED_DEP,15,0,37,1,10,6,10,5,1,26.66
101033,INSURANCE,20,1,2,1,3,3,12,2,0,27.65
101045,ACC_OPEN,25,0,4,1,4,4,11,2,1,18.4
101012,CUST_SVC,10,1,26,1,15,8,14,1,1,20.74
101045,ACC_OPEN,25,1,6,1,4,5,14,3,1,31.6
101045,CREDIT_CARD,12,1,30,1,7,5,14,5,1,14.48
101012,CUST_SVC,10,1,7,1,7,5,11,4,1,9.86
101012,ACC_OPEN,25,1,21,1,14,6,15,1,1,30.2
101012,CREDIT_CARD,12,0,7,1,11,6,15,3,1,24.37
101078,FIXED_DEP,15,1,21,1,6,4,12,4,0,29.99
101078,FIXED_DEP,15,1,4,1,6,8,14,5,1,11.92
101056,WITHDRAW,5,1,7,1,3,5,11,4,1,3.42
101056,INSURANCE,20,1,3,1,8,6,15,5,1,35.16
101012,REMITTANCE,10,1,4,1,8,6,14,5,1,19.91
101078,CUST_SVC,10,1,10,1,5,3,16,5,1,23.05
101033,ATM_CDM,8,0,6,0,3,3,13,4,0,7.99
101033,CREDIT_CARD,12,0,19,1,5,4,10,2,1,14.73
101078,ACC_OPEN,25,1,23,1,5,3,16,2,1,62.12
101056,INSURANCE,20,1,15,1,13,4,15,5,1,63.65
101012,ATM_CDM,8,1,14,1,10,4,11,2,1,32.52
101056,BIZ_BANK,18,1,26,1,6,3,13,2,0,43.51
101033,INSURANCE,20,1,26,1,7,6,9,4,1,17.29
101056,DEPOSIT,6,1,12,1,4,2,12,1,0,19.21
101033,ACC_OPEN,25,1,1,1,3,2,12,5,0,18.56
101045,ATM_CDM,8,1,5,1,3,6,11,1,1,2.72
101033,INVEST,22,1,9,1,1,3,13,5,0,9.65
101045,ATM_CDM,8,1,21,1,5,2,13,3,0,17.48
101056,BIZ_BANK,18,1,4,1,6,6,14,3,1,20.84
101045,BIZ_BANK,18,0,15,1,3,3,13,1,0,20.59
101056,ATM_CDM,8,1,9,1,2,3,13,2,0,5.34
101045,CREDIT_CARD,12,1,21,1,4,7,14,5,1,9.57
101056,CREDIT_CARD,12,0,7,1,11,6,15,5,1,18.12
101078,REMITTANCE,10,1,7,1,10,6,15,2,1,13.7
101012,ATM_CDM,8,1,16,1,3,3,12,5,0,4.62
101078,ATM_CDM,8,1,17,1,3,3,13,5,0,12.55
101033,INVEST,22,0,16,1,3,5,15,3,1,18.31
101056,DEPOSIT,6,0,20,0,7,3,16,5,1,23.58
101033,ONLINE_SUP,12,1,24,1,5,6,9,5,1,4.78
101078,CREDIT_CARD,12,0,8,1,8,7,15,5,1,19.83
101078,LOAN,30,1,10,1,2,7,15,2,1,10.41
101056,ACC_OPEN,25,0,21,0,8,8,9,5,1,29.23
101078,INSURANCE,20,1,9,1,0,4,14,4,1,0.46
101033,BIZ_BANK,18,1,1,1,4,4,14,3,1,24.77
101012,CUST_SVC,10,1,4,1,7,2,13,1,0,14.52
101045,CUST_SVC,10,1,3,1,7,6,15,1,1,12.64
101056,CUST_SVC,10,1,13,1,5,2,12,5,0,18.3
101056,CUST_SVC,10,1,13,1,7,6,10,3,1,8.61
101045,CUST_SVC,10,1,14,1,4,4,14,5,1,14.48
101012,ACC_OPEN,25,0,30,1,7,2,12,1,0,90.0
101078,CREDIT_CARD,12,1,16,1,5,2,12,2,0,31.03
101078,CREDIT_CARD,12,1,11,1,8,6,15,1,1,20.8
101056,ATM_CDM,8,0,30,1,7,5,10,1,1,12.88
101033,DEPOSIT,6,1,24,1,5,5,9,2,1,7.09
101045,CUST_SVC,10,1,28,1,8,4,10,3,1,16.22
101045,CUST_SVC,10,1,16,1,4,6,10,3,1,8.29
101012,CREDIT_CARD,12,1,29,1,13,7,9,5,1,13.77
101078,LOAN,30,1,13,1,2,4,16,2,1,17.33
101045,DEPOSIT,6,1,12,1,7,4,11,1,1,6.02
101033,ONLINE_SUP,12,0,5,0,3,2,13,1,0,17.49
101056,DEPOSIT,6,1,19,1,7,5,9,2,1,9.06
101012,CREDIT_CARD,12,0,23,1,9,7,11,4,1,18.12
101056,ATM_CDM,8,1,2,1,9,6,9,1,1,18.04
101033,CUST_SVC,10,1,25,1,8,4,11,5,1,22.25
101045,CUST_SVC,10,1,20,1,4,7,15,4,1,8.09
101012,ATM_CDM,8,1,10,1,9,6,9,2,1,18.36
101045,WITHDRAW,5,1,20,1,5,4,15,2,1,6.14
101045,CREDIT_CARD,12,1,10,1,4,5,14,4,1,9.66
101033,CREDIT_CARD,12,1,17,1,4,6,11,1,1,6.34
101033,CREDIT_CARD,12,1,2,1,1,4,13,3,0,4.32
101045,ATM_CDM,8,1,1,1,7,5,16,2,1,9.15
101045,CUST_SVC,10,1,4,1,4,4,15,4,1,18.21
101078,DEPOSIT,6,0,3,0,6,4,11,5,1,9.97
101045,BIZ_BANK,18,0,5,1,6,4,9,5,1,31.08
101033,ACC_OPEN,25,1,2,1,2,7,11,1,1,7.77
101056,DEPOSIT,6,1,26,1,15,4,14,2,1,13.65
101045,CUST_SVC,10,0,1,1,4,3,13,4,0,12.61
101033,BIZ_BANK,18,1,16,1,8,4,14,1,1,47.25
101033,FIXED_DEP,15,1,1,1,8,4,16,3,1,32.15
101012,LOAN,30,0,9,1,13,5,10,1,1,68.52
101078,CREDIT_CARD,12,1,18,1,6,3,16,3,1,21.17
101045,CREDIT_CARD,12,1,1,1,5,6,10,4,1,11.37
101045,ACC_OPEN,25,1,19,1,5,4,13,3,0,43.38
101033,CREDIT_CARD,12,1,15,1,2,2,12,2,0,9.08
101033,CUST_SVC,10,1,12,1,2,8,11,4,1,2.48
101012,CREDIT_CARD,12,1,13,1,5,2,13,1,0,34.29
101033,ATM_CDM,8,0,9,1,3,6,11,3,1,4.58
101056,CREDIT_CARD,12,1,9,1,9,8,15,2,1,8.88
101033,BIZ_BANK,18,0,8,0,7,6,11,4,1,19.44
101045,WITHDRAW,5,1,20,1,5,4,10,5,1,5.18
101078,CUST_SVC,10,0,6,1,8,4,15,1,1,17.68
101045,CUST_SVC,10,0,5,1,2,3,13,5,0,6.89
101045,LOAN,30,0,11,1,6,4,12,2,0,35.7
101012,ONLINE_SUP,12,0,17,1,5,5,16,3,1,10.71
101033,DEPOSIT,6,1,11,1,6,6,9,2,1,4.14
101012,LOAN,30,0,27,1,12,4,15,1,1,56.44
101078,ATM_CDM,8,1,8,1,2,3,16,2,1,5.98
101012,ONLINE_SUP,12,0,21,1,16,5,16,1,1,34.25
101033,CUST_SVC,10,1,16,1,10,4,10,5,1,48.75
101078,REMITTANCE,10,1,12,1,2,4,13,2,0,3.18
101045,ATM_CDM,8,1,13,1,7,4,16,1,1,17.27
101033,CUST_SVC,10,0,14,0,3,4,16,5,1,6.16
101012,CREDIT_CARD,12,1,35,1,9,6,10,1,1,16.78
101012,BIZ_BANK,18,0,19,1,15,6,10,5,1,28.2
101078,DEPOSIT,6,1,1,1,0,6,9,3,1,1.94
101012,CUST_SVC,10,1,5,1,8,5,11,4,1,13.3
101045,CUST_SVC,10,0,14,1,3,6,9,5,1,5.02
101012,LOAN,30,0,4,1,5,6,11,2,1,27.54
101033,REMITTANCE,10,1,18,1,7,5,15,2,1,9.7
101078,CUST_SVC,10,1,39,1,11,4,9,3,1,29.74
101012,BIZ_BANK,18,1,14,1,12,5,14,2,1,58.39
101056,CUST_SVC,10,1,30,1,12,4,10,1,1,45.97
101012,DEPOSIT,6,1,29,1,7,4,11,2,1,12.14
101033,INSURANCE,20,0,32,0,9,4,15,2,1,42.17
101056,CUST_SVC,10,0,9,0,8,4,14,2,1,19.83
101033,CUST_SVC,10,0,4,1,0,2,12,2,0,1.96
101056,ACC_OPEN,25,1,39,1,10,3,16,4,1,90.0
101078,ATM_CDM,8,1,3,1,5,7,9,5,1,6.83
101045,CREDIT_CARD,12,0,10,1,8,4,12,4,0,21.65
101078,DEPOSIT,6,1,24,1,9,6,11,2,1,9.45
101078,CREDIT_CARD,12,0,24,1,5,2,12,2,0,27.09
101056,CREDIT_CARD,12,1,3,1,9,4,15,2,1,30.52
101056,DEPOSIT,6,1,27,1,6,7,14,3,1,9.15
101033,CUST_SVC,10,1,10,1,5,5,11,4,1,8.17
101045,CUST_SVC,10,1,2,1,4,3,12,2,0,15.05
101056,CREDIT_CARD,12,1,23,1,5,4,12,2,0,10.75
101033,ONLINE_SUP,12,1,10,1,11,4,15,3,1,21.01
101033,ATM_CDM,8,1,17,1,8,7,15,1,1,8.78
101012,BIZ_BANK,18,1,24,1,6,7,11,2,1,26.33
101056,REMITTANCE,10,1,1,1,5,5,16,1,1,12.37
101078,ATM_CDM,8,0,9,0,2,5,15,3,1,2.74
101033,INSURANCE,20,1,16,1,5,4,14,2,1,28.49
101033,DEPOSIT,6,1,32,1,8,4,12,4,0,15.42
101056,FIXED_DEP,15,1,16,1,5,5,11,2,1,15.53
101045,DEPOSIT,6,1,26,1,10,8,10,2,1,6.09
101033,LOAN,30,1,22,1,13,3,16,5,1,90.0
101056,INVEST,22,1,20,1,7,5,10,3,1,34.75
101012,WITHDRAW,5,1,33,1,16,5,15,4,1,26.08
101033,INVEST,22,1,14,1,10,6,14,5,1,22.38
101078,INSURANCE,20,1,31,1,13,6,11,5,1,71.08
101012,REMITTANCE,10,1,7,1,10,6,9,1,1,10.24
101045,CREDIT_CARD,12,1,21,1,4,4,11,2,1,14.11
101033,DEPOSIT,6,1,12,1,1,5,15,2,1,1.33
101078,CUST_SVC,10,1,11,1,1,4,12,1,0,1.06
101033,INVEST,22,1,9,1,9,4,10,4,1,63.8
101012,CREDIT_CARD,12,1,3,1,5,3,12,2,0,19.27
101056,CUST_SVC,10,1,12,1,5,7,10,3,1,8.58
101078,CUST_SVC,10,1,9,1,1,3,16,3,1,3.28
101012,ACC_OPEN,25,1,8,1,9,5,14,3,1,52.23
101078,LOAN,30,0,20,1,6,6,10,5,1,11.69
101045,BIZ_BANK,18,1,16,1,9,5,9,1,1,37.66
101012,CUST_SVC,10,0,22,1,6,4,15,4,1,11.01
101078,FIXED_DEP,15,1,15,1,3,6,11,4,1,9.94
101012,INSURANCE,20,1,24,1,7,6,9,3,1,16.75
101045,INSURANCE,20,1,20,1,5,6,11,3,1,27.27
101056,CUST_SVC,10,1,3,1,2,5,10,3,1,5.08
101033,ACC_OPEN,25,0,4,0,7,6,9,3,1,41.76
101045,CUST_SVC,10,0,1,1,7,6,15,3,1,12.45
101012,WITHDRAW,5,1,33,1,9,4,13,1,0,13.29
101056,DEPOSIT,6,1,10,1,10,6,14,1,1,11.59
101033,ACC_OPEN,25,1,14,1,6,5,16,2,1,30.83
101033,DEPOSIT,6,1,26,1,11,4,15,3,1,14.33
101045,CREDIT_CARD,12,1,14,1,4,2,12,5,0,15.16
101045,WITHDRAW,5,1,14,1,3,6,9,3,1,2.54
101033,REMITTANCE,10,0,14,1,6,4,11,4,1,12.65
101078,ACC_OPEN,25,0,6,1,0,4,16,3,1,0.25
101078,INVEST,22,1,2,1,9,5,11,1,1,41.77
101078,DEPOSIT,6,1,24,1,7,6,15,2,1,10.31
101012,CREDIT_CARD,12,1,4,1,18,5,15,1,1,40.09
101045,WITHDRAW,5,1,1,1,4,6,15,4,1,6.46
101012,ATM_CDM,8,0,7,1,8,6,10,2,1,12.03
101045,ATM_CDM,8,1,5,1,4,2,12,5,0,8.33
101045,REMITTANCE,10,0,2,1,3,8,14,2,1,1.02
101056,BIZ_BANK,18,0,8,1,6,2,12,2,0,47.52
101078,INSURANCE,20,1,5,1,7,6,14,3,1,20.21
101078,ATM_CDM,8,1,15,1,4,6,11,2,1,7.0
101078,CUST_SVC,10,0,6,1,5,8,14,2,1,7.81
101056,DEPOSIT,6,1,2,1,10,4,16,4,1,15.28
101033,CUST_SVC,10,0,12,1,5,5,10,5,1,12.98
101012,BIZ_BANK,18,0,8,1,11,7,15,5,1,33.42
101078,DEPOSIT,6,1,1,1,5,8,15,2,1,2.83
101056,CREDIT_CARD,12,0,7,1,4,8,10,4,1,5.51
101012,REMITTANCE,10,0,13,1,6,4,14,1,1,16.57
101078,CUST_SVC,10,0,5,1,4,3,12,5,0,7.24
101012,CUST_SVC,10,1,27,1,9,4,10,3,1,34.76
101056,FIXED_DEP,15,1,35,1,11,6,14,4,1,31.72
101056,CUST_SVC,10,0,11,0,3,5,10,4,1,6.85
101045,REMITTANCE,10,1,28,1,9,5,16,4,1,21.28
101012,ONLINE_SUP,12,0,40,0,12,4,9,2,1,47.56
101078,CUST_SVC,10,0,4,1,8,7,16,1,1,10.54
101056,FIXED_DEP,15,1,24,1,7,6,11,4,1,24.94
101056,CUST_SVC,10,0,29,1,9,6,11,3,1,14.34
101045,REMITTANCE,10,1,19,1,9,7,10,1,1,21.91
101033,ONLINE_SUP,12,1,2,1,2,6,16,2,1,3.37
101078,CUST_SVC,10,1,10,1,10,8,9,1,1,19.07
101078,INSURANCE,20,1,5,1,2,4,12,2,0,7.38
101045,CUST_SVC,10,1,14,1,3,6,9,5,1,8.89
101033,INVEST,22,0,41,1,17,6,10,4,1,76.44
101012,LOAN,30,0,28,1,9,4,12,1,0,59.91
101056,CUST_SVC,10,1,8,1,0,5,16,3,1,1.28
101012,CUST_SVC,10,1,39,1,15,8,10,1,1,18.8
101078,ATM_CDM,8,1,28,1,8,4,11,5,1,16.39
101045,INSURANCE,20,1,21,1,8,5,10,1,1,51.11
101033,CUST_SVC,10,0,13,1,3,4,9,5,1,8.07
101078,ACC_OPEN,25,1,28,1,10,5,9,2,1,49.56
101056,ATM_CDM,8,0,18,1,5,4,10,4,1,9.73
101078,INSURANCE,20,0,16,1,7,8,11,3,1,12.61
101045,ACC_OPEN,25,1,29,1,8,6,10,2,1,42.08
101045,DEPOSIT,6,0,12,1,5,4,16,1,1,11.49
101033,CREDIT_CARD,12,1,16,1,3,3,12,2,0,10.56
101012,CUST_SVC,10,0,28,1,8,6,10,3,1,20.89
101056,INSURANCE,20,1,17,1,3,4,12,2,0,14.73
101045,ATM_CDM,8,0,28,1,15,6,10,1,1,28.54
101033,CREDIT_CARD,12,1,12,1,6,4,10,3,1,10.25
101033,REMITTANCE,10,1,21,1,9,5,11,3,1,21.08
101033,FIXED_DEP,15,1,9,1,3,5,16,2,1,12.69
101012,CREDIT_CARD,12,1,32,1,11,7,9,5,1,26.61
101033,LOAN,30,0,6,1,2,8,9,1,1,9.01
101033,INSURANCE,20,1,12,1,11,4,10,5,1,87.26
101056,INVEST,22,1,23,1,10,7,9,2,1,49.41
101033,REMITTANCE,10,1,16,1,9,7,15,5,1,9.55
101078,ATM_CDM,8,0,3,1,5,4,15,3,1,9.75
101056,WITHDRAW,5,0,1,0,4,6,11,3,1,4.29
101056,ATM_CDM,8,0,18,1,8,6,10,5,1,11.77
101033,ACC_OPEN,25,1,14,1,2,4,16,3,1,17.44
101078,ATM_CDM,8,0,13,1,3,3,12,1,0,6.09
101045,ACC_OPEN,25,0,6,1,4,4,16,2,1,29.62
101056,DEPOSIT,6,1,13,1,5,7,15,2,1,4.39
101078,BIZ_BANK,18,1,24,1,5,6,11,4,1,24.96
101012,WITHDRAW,5,1,27,1,10,6,14,4,1,11.17
101056,ONLINE_SUP,12,1,23,1,9,3,16,2,1,27.65
101033,CREDIT_CARD,12,0,17,1,8,5,9,1,1,34.63
101033,INSURANCE,20,1,7,1,12,6,15,5,1,17.46
101056,CREDIT_CARD,12,1,16,1,7,3,12,5,0,38.67
101033,CUST_SVC,10,1,4,1,7,4,15,1,1,7.93
101078,ATM_CDM,8,0,10,1,5,3,16,2,1,12.68
101045,ATM_CDM,8,1,10,1,1,4,11,3,1,1.51
101045,FIXED_DEP,15,1,10,1,4,3,13,4,0,22.21
101045,ACC_OPEN,25,0,7,1,5,6,9,2,1,12.83
101078,ONLINE_SUP,12,1,19,1,5,4,15,4,1,19.95
101033,CUST_SVC,10,1,24,1,8,6,14,1,1,14.45
101078,ATM_CDM,8,0,3,1,3,4,16,2,1,4.7
101033,ONLINE_SUP,12,1,10,1,7,6,14,1,1,14.01
101033,ATM_CDM,8,1,8,1,11,6,11,2,1,16.4
101045,DEPOSIT,6,0,12,1,4,5,15,5,1,4.28
101056,ONLINE_SUP,12,1,5,1,5,5,9,3,1,13.51
101033,CUST_SVC,10,0,14,1,4,7,16,3,1,2.79
101045,FIXED_DEP,15,1,8,1,2,3,16,4,1,13.86
101078,INVEST,22,0,10,1,9,5,10,2,1,38.66
101078,DEPOSIT,6,1,20,1,4,5,14,3,1,5.12
101012,FIXED_DEP,15,1,8,1,16,5,10,1,1,35.06
101078,BIZ_BANK,18,1,4,1,5,6,9,3,1,19.13
101045,CUST_SVC,10,1,2,1,3,4,15,1,1,3.89
101033,BIZ_BANK,18,1,24,1,7,4,9,3,1,45.28
101012,REMITTANCE,10,1,3,1,2,5,14,4,1,2.37
101078,INVEST,22,1,19,1,6,5,16,4,1,29.57
101078,WITHDRAW,5,1,3,1,5,4,14,1,1,9.34
101012,CUST_SVC,10,1,13,1,7,7,15,4,1,10.52
101012,LOAN,30,1,3,1,7,8,15,1,1,21.01
101012,CREDIT_CARD,12,0,4,1,5,5,15,4,1,13.68
101045,DEPOSIT,6,1,8,1,4,5,11,5,1,5.86
101078,INSURANCE,20,1,25,1,9,6,10,1,1,22.52
101033,DEPOSIT,6,1,22,1,6,6,16,1,1,4.01
101033,CREDIT_CARD,12,0,33,1,11,7,11,3,1,15.28
101033,ACC_OPEN,25,0,3,0,3,6,15,2,1,11.1
101012,REMITTANCE,10,0,24,0,9,4,14,3,1,16.14
101045,DEPOSIT,6,1,2,1,2,6,11,2,1,3.63
101033,LOAN,30,0,2,1,7,2,13,1,0,80.11
101078,ONLINE_SUP,12,1,27,1,6,4,10,3,1,15.86
101012,ONLINE_SUP,12,1,36,1,10,4,14,3,1,10.6
101012,BIZ_BANK,18,1,7,1,6,6,11,5,1,18.61
101033,ATM_CDM,8,1,1,1,6,4,16,2,1,16.44
101012,ONLINE_SUP,12,0,6,1,2,6,11,3,1,6.45
101045,INVEST,22,1,12,1,9,7,11,2,1,38.07
101045,ATM_CDM,8,1,30,1,9,4,10,1,1,22.13
101033,INVEST,22,1,28,1,7,5,14,4,1,43.09
101045,CREDIT_CARD,12,1,2,1,6,6,11,3,1,22.57
101012,INSURANCE,20,1,30,1,9,6,10,2,1,43.09
101033,CUST_SVC,10,1,25,1,6,5,9,3,1,11.03
101045,CREDIT_CARD,12,0,1,1,4,4,14,2,1,17.02
101056,CUST_SVC,10,1,4,1,3,2,12,3,0,18.51
101056,CUST_SVC,10,1,29,1,10,4,14,5,1,16.88
101045,LOAN,30,1,1,1,6,5,9,2,1,37.99
101012,INSURANCE,20,0,17,1,10,7,9,1,1,20.32
101033,DEPOSIT,6,1,30,1,13,4,15,1,1,24.2
101012,INSURANCE,20,1,3,1,8,6,10,3,1,29.66
101033,DEPOSIT,6,1,18,1,5,5,11,2,1,7.42
101033,DEPOSIT,6,0,34,1,10,4,16,2,1,16.98
101012,FIXED_DEP,15,0,17,0,9,5,10,5,1,36.02
101045,INSURANCE,20,1,25,1,6,4,9,1,1,26.94
101012,FIXED_DEP,15,0,3,1,6,5,11,5,1,15.83
101056,INVEST,22,0,5,0,10,6,14,2,1,67.77
101012,FIXED_DEP,15,1,30,1,16,4,10,5,1,67.56
101012,ACC_OPEN,25,1,20,1,9,4,9,5,1,74.21
101012,CUST_SVC,10,0,8,1,9,4,16,2,1,20.52
101012,BIZ_BANK,18,1,11,1,9,5,10,3,1,41.98
101012,REMITTANCE,10,1,15,1,6,7,10,4,1,9.33
101056,FIXED_DEP,15,0,26,1,7,4,15,4,1,22.37
101045,REMITTANCE,10,1,21,1,8,6,15,5,1,14.76
101033,CREDIT_CARD,12,1,1,1,5,6,14,2,1,9.81
101045,REMITTANCE,10,1,25,1,6,4,9,2,1,21.21
101033,ACC_OPEN,25,1,6,1,6,6,16,4,1,34.24
101078,ACC_OPEN,25,1,12,1,5,4,16,3,1,54.13
101012,ATM_CDM,8,1,17,1,12,6,14,2,1,20.47
101078,INSURANCE,20,1,19,1,5,4,13,1,0,15.46
101078,ATM_CDM,8,0,2,1,12,6,15,1,1,18.88
101078,INVEST,22,1,24,1,7,8,9,4,1,20.92
101045,BIZ_BANK,18,1,1,1,4,6,16,3,1,12.54
101078,REMITTANCE,10,1,22,1,5,4,13,3,0,8.73
101012,LOAN,30,1,13,1,12,3,13,3,0,90.0
101012,CUST_SVC,10,0,2,1,5,4,14,2,1,13.49
101078,DEPOSIT,6,1,12,1,3,5,10,1,1,4.69
101078,INVEST,22,1,17,1,3,2,12,2,0,41.25
101033,BIZ_BANK,18,0,19,1,4,5,14,2,1,25.27
101078,ATM_CDM,8,0,13,1,2,3,13,3,0,5.11
101045,CUST_SVC,10,0,8,1,1,4,9,2,1,1.5
101056,ATM_CDM,8,1,13,1,5,4,13,4,0,11.65
101012,ATM_CDM,8,1,36,1,10,4,15,1,1,24.43
101045,CREDIT_CARD,12,1,1,1,4,5,15,3,1,8.22
101045,CREDIT_CARD,12,0,11,1,9,7,10,5,1,11.34
101078,ATM_CDM,8,0,12,1,4,5,9,3,1,1.42
101045,CUST_SVC,10,1,23,1,7,4,16,5,1,24.29
101056,BIZ_BANK,18,0,20,1,5,3,16,1,1,31.71
101056,FIXED_DEP,15,1,13,1,3,2,12,3,0,24.08
101033,BIZ_BANK,18,0,24,1,6,5,14,5,1,17.77
101078,DEPOSIT,6,0,7,1,3,5,9,4,1,1.61
101078,ATM_CDM,8,1,12,1,8,4,15,1,1,17.05
101045,DEPOSIT,6,0,8,1,8,6,11,3,1,9.81
101045,DEPOSIT,6,1,17,1,3,6,14,2,1,7.6
101078,ACC_OPEN,25,1,3,1,5,6,9,1,1,31.81
101078,DEPOSIT,6,1,9,1,7,4,11,5,1,14.66
101056,LOAN,30,1,9,1,3,5,14,1,1,12.48
101078,CREDIT_CARD,12,0,1,1,10,4,10,3,1,28.66
101056,INSURANCE,20,1,5,1,6,3,16,2,1,43.5
101012,INVEST,22,1,5,1,4,2,12,5,0,75.05
101033,REMITTANCE,10,1,1,1,4,6,15,3,1,8.05
101056,CUST_SVC,10,0,39,1,12,4,9,5,1,25.26
101012,ATM_CDM,8,1,9,1,6,8,15,3,1,9.22
101045,DEPOSIT,6,0,8,1,5,4,10,3,1,7.76
101045,CREDIT_CARD,12,1,4,1,8,3,13,5,0,30.03
101033,CUST_SVC,10,1,23,1,7,3,13,5,0,23.39
101056,ATM_CDM,8,1,5,1,5,3,12,4,0,22.82
101033,CREDIT_CARD,12,0,18,0,6,3,16,1,1,16.53
101078,CREDIT_CARD,12,1,7,1,2,2,13,1,0,6.12
101012,CUST_SVC,10,0,38,1,15,6,10,1,1,19.45
101056,ATM_CDM,8,0,29,1,8,5,11,3,1,12.51
101045,LOAN,30,0,7,1,1,7,11,5,1,2.82
101045,FIXED_DEP,15,1,8,1,5,6,11,2,1,16.12
101056,BIZ_BANK,18,1,23,1,5,5,16,5,1,24.17
101056,CUST_SVC,10,1,22,1,8,4,11,3,1,26.26
101033,DEPOSIT,6,0,1,1,10,4,16,2,1,15.74
101033,BIZ_BANK,18,1,12,1,4,2,12,1,0,46.43
101056,FIXED_DEP,15,1,4,1,7,5,10,1,1,39.04
101056,DEPOSIT,6,1,14,1,6,4,9,4,1,14.39
101033,CUST_SVC,10,1,6,1,7,4,10,2,1,26.66
101045,ONLINE_SUP,12,1,3,1,10,6,9,1,1,28.94
101045,REMITTANCE,10,1,6,1,6,5,9,2,1,14.34
101045,ATM_CDM,8,1,4,1,2,3,16,3,1,6.99
101033,INSURANCE,20,0,21,1,7,5,9,1,1,54.02
101078,LOAN,30,0,4,1,7,7,15,4,1,5.77
101033,CREDIT_CARD,12,1,1,1,8,3,16,3,1,42.14
101056,ONLINE_SUP,12,0,22,1,7,2,13,2,0,47.02
101078,LOAN,30,1,6,1,7,4,14,2,1,75.97
101033,ONLINE_SUP,12,0,7,1,2,3,13,2,0,8.17
101056,ACC_OPEN,25,1,18,1,10,4,10,1,1,90.0
101045,INSURANCE,20,1,20,1,6,4,14,5,1,40.36
101033,CUST_SVC,10,1,7,1,6,5,9,2,1,11.52
101078,WITHDRAW,5,0,6,1,5,7,15,3,1,4.05
101056,DEPOSIT,6,1,29,1,7,5,10,5,1,6.14
101045,LOAN,30,0,6,1,9,5,10,5,1,53.28
101033,DEPOSIT,6,1,3,1,3,5,16,3,1,3.38
101078,CREDIT_CARD,12,1,11,1,3,6,15,5,1,6.61
101078,DEPOSIT,6,1,17,1,4,4,16,4,1,7.74
101012,ACC_OPEN,25,1,10,1,4,3,13,5,0,29.17
101045,CUST_SVC,10,1,2,1,8,6,9,5,1,9.92
101045,ATM_CDM,8,1,15,1,5,4,10,2,1,13.87
101033,DEPOSIT,6,1,24,1,5,4,16,4,1,8.33
101012,ATM_CDM,8,1,1,1,6,5,11,5,1,7.37
101078,CREDIT_CARD,12,1,13,1,3,5,14,4,1,7.66
101078,CUST_SVC,10,0,22,1,5,5,15,2,1,10.89
101056,ATM_CDM,8,1,4,1,13,5,9,1,1,27.3
101078,INSURANCE,20,0,18,1,5,7,9,2,1,13.44
101045,ONLINE_SUP,12,1,23,1,8,6,15,1,1,24.74
101056,WITHDRAW,5,1,35,1,10,6,11,1,1,12.88
101078,INSURANCE,20,1,15,1,6,5,14,1,1,31.27
101033,INSURANCE,20,1,5,1,3,2,12,2,0,36.55
101045,ATM_CDM,8,1,14,1,3,3,16,1,1,11.63
101045,BIZ_BANK,18,0,10,1,5,5,16,1,1,15.36
101012,DEPOSIT,6,1,5,1,7,3,16,5,1,12.56
101033,CUST_SVC,10,0,12,1,4,4,12,3,0,4.71
101078,CUST_SVC,10,1,18,1,5,4,11,5,1,16.91
101045,CUST_SVC,10,1,14,1,4,4,11,5,1,12.33
101012,CUST_SVC,10,1,33,1,8,4,13,1,0,13.0
101078,LOAN,30,1,2,1,3,3,13,2,0,33.31
101012,DEPOSIT,6,1,26,1,11,4,11,5,1,13.33
101078,INVEST,22,0,10,1,3,4,13,3,0,16.92
101012,CUST_SVC,10,0,17,1,4,6,11,3,1,2.49
101078,CREDIT_CARD,12,1,4,1,2,3,13,4,0,4.67
101012,DEPOSIT,6,1,20,1,7,6,14,2,1,11.62
101056,REMITTANCE,10,1,28,1,8,4,15,3,1,20.47
101045,ONLINE_SUP,12,1,14,1,6,5,10,4,1,14.92
101056,CUST_SVC,10,0,9,1,8,4,9,2,1,22.29
101012,CUST_SVC,10,0,25,1,9,7,9,1,1,17.99
101045,ATM_CDM,8,0,28,1,10,6,15,3,1,18.58
101078,CUST_SVC,10,1,7,1,6,5,11,2,1,10.05
101056,CUST_SVC,10,1,2,1,4,4,9,5,1,8.0
101078,CREDIT_CARD,12,1,7,1,3,3,16,3,1,14.45
101078,WITHDRAW,5,1,21,1,5,4,11,4,1,5.61
101045,CUST_SVC,10,1,4,1,7,3,16,1,1,21.5
101056,ATM_CDM,8,1,20,1,6,4,9,4,1,14.91
101012,ATM_CDM,8,1,15,1,9,5,9,3,1,18.37
101078,ACC_OPEN,25,1,14,1,2,6,14,2,1,7.17
101012,CREDIT_CARD,12,1,4,1,4,7,15,4,1,5.14
101033,DEPOSIT,6,0,18,1,9,7,15,4,1,4.42
101045,CREDIT_CARD,12,0,7,1,2,7,9,3,1,2.63
101045,ONLINE_SUP,12,1,39,1,10,6,15,1,1,22.15
101033,ATM_CDM,8,1,26,1,7,4,13,3,0,14.15
101056,REMITTANCE,10,1,14,1,2,3,12,2,0,7.5
101012,ATM_CDM,8,1,35,1,9,3,16,5,1,27.47
101033,FIXED_DEP,15,0,12,1,5,2,13,5,0,39.99
101012,INSURANCE,20,1,27,1,8,4,10,5,1,46.28
101078,CREDIT_CARD,12,1,24,1,6,6,14,4,1,11.82
101056,FIXED_DEP,15,1,11,1,9,6,14,3,1,24.55
101056,DEPOSIT,6,0,4,1,13,5,16,5,1,16.53
101012,CREDIT_CARD,12,0,29,1,12,6,14,5,1,34.27
101056,DEPOSIT,6,0,16,0,8,5,15,4,1,11.68
101056,REMITTANCE,10,1,1,1,8,7,11,4,1,12.93
101012,DEPOSIT,6,0,26,1,12,6,15,5,1,6.36
101012,INSURANCE,20,0,12,1,6,7,10,3,1,16.98
101045,ACC_OPEN,25,1,14,1,6,6,9,1,1,22.8
101056,BIZ_BANK,18,1,6,1,11,6,15,4,1,26.18
101056,CREDIT_CARD,12,1,8,1,10,6,15,4,1,26.22
101056,ATM_CDM,8,1,31,1,8,4,14,5,1,17.36
101033,DEPOSIT,6,1,14,1,6,5,16,4,1,6.88
101012,FIXED_DEP,15,1,16,1,8,4,16,4,1,27.42
101012,INVEST,22,1,8,1,5,3,13,4,0,50.42
101045,CUST_SVC,10,0,1,1,5,3,16,2,1,12.31
101078,CUST_SVC,10,0,10,1,5,4,12,5,0,8.74
101045,INVEST,22,0,17,1,5,4,9,4,1,23.33
101045,DEPOSIT,6,0,26,1,6,6,11,3,1,6.87
101045,CREDIT_CARD,12,1,7,1,7,6,14,3,1,13.97
101012,BIZ_BANK,18,1,39,1,12,5,9,5,1,72.07
101056,ATM_CDM,8,1,2,1,7,6,10,2,1,8.98
101012,INSURANCE,20,0,14,1,8,5,11,2,1,32.44
101012,CUST_SVC,10,1,39,1,11,4,14,5,1,26.99
101033,CUST_SVC,10,1,22,1,8,6,10,3,1,10.2
101078,CREDIT_CARD,12,1,12,1,3,4,10,1,1,14.94
101033,ACC_OPEN,25,0,22,1,8,5,11,5,1,55.42
101033,ATM_CDM,8,0,25,1,8,5,9,1,1,14.08
101056,CUST_SVC,10,1,8,1,5,4,14,3,1,14.78
101033,DEPOSIT,6,0,14,1,6,7,10,4,1,3.98
101078,BIZ_BANK,18,0,4,1,5,5,10,2,1,25.28
101056,CREDIT_CARD,12,1,8,1,12,4,15,3,1,39.49
101012,WITHDRAW,5,1,5,1,0,2,12,4,0,0.91
101012,CUST_SVC,10,1,38,1,11,5,9,2,1,17.3
101012,FIXED_DEP,15,0,22,1,7,6,16,3,1,17.26
101012,INSURANCE,20,1,29,1,7,6,10,5,1,35.12
101045,CREDIT_CARD,12,1,18,1,3,4,9,3,1,7.69
101056,ACC_OPEN,25,0,8,0,7,3,13,2,0,85.71
101012,DEPOSIT,6,1,21,1,11,6,15,5,1,15.62
101078,INVEST,22,1,13,1,7,5,11,5,1,38.04
101056,CUST_SVC,10,0,28,1,8,6,14,2,1,13.69
101045,DEPOSIT,6,0,5,1,5,4,11,2,1,14.57
101078,CUST_SVC,10,1,11,1,11,8,11,1,1,18.25
101078,CUST_SVC,10,1,4,1,4,4,15,2,1,7.48
101056,CREDIT_CARD,12,1,34,1,10,6,9,1,1,23.2
101078,CUST_SVC,10,1,4,1,4,3,16,1,1,17.32
101056,LOAN,30,0,4,1,3,4,10,4,1,31.72
101045,DEPOSIT,6,1,16,1,4,2,13,2,0,4.5
101078,FIXED_DEP,15,0,12,0,6,3,16,2,1,34.04
101078,ATM_CDM,8,1,25,1,6,4,13,5,0,6.16
101012,WITHDRAW,5,0,36,1,9,6,11,1,1,10.49
101045,ATM_CDM,8,0,8,1,1,7,14,3,1,2.36
101012,REMITTANCE,10,1,51,1,14,6,10,2,1,32.69
101012,ATM_CDM,8,1,19,1,11,4,10,5,1,20.95
101045,BIZ_BANK,18,1,15,1,5,4,14,5,1,41.42
101012,FIXED_DEP,15,0,16,1,4,5,14,3,1,8.2
101033,REMITTANCE,10,0,12,1,6,6,16,3,1,14.67
101056,INVEST,22,1,17,1,4,4,12,4,0,20.34
101078,INVEST,22,0,5,0,1,3,13,3,0,8.55
101045,DEPOSIT,6,0,24,1,5,5,9,1,1,7.59
101033,ACC_OPEN,25,1,27,1,8,4,15,2,1,66.59
101056,DEPOSIT,6,1,22,1,12,7,10,5,1,10.96
101033,CUST_SVC,10,1,2,1,2,5,16,3,1,4.3
101033,INSURANCE,20,0,9,1,7,5,14,2,1,35.06
101045,INSURANCE,20,1,2,1,0,2,13,4,0,1.04
101078,CUST_SVC,10,1,15,1,7,5,9,2,1,11.98
101045,INSURANCE,20,1,19,1,10,5,14,1,1,32.98
101078,ACC_OPEN,25,1,11,1,3,5,11,4,1,23.2
101033,LOAN,30,1,13,1,3,2,12,5,0,40.51
101033,LOAN,30,1,5,1,3,4,13,2,0,17.75
101045,CUST_SVC,10,0,6,1,8,8,9,1,1,15.47
101078,CUST_SVC,10,1,8,1,4,3,13,2,0,11.48
101078,REMITTANCE,10,1,16,1,7,4,10,1,1,34.15
101033,CUST_SVC,10,1,33,1,9,8,14,5,1,14.59
101033,CUST_SVC,10,1,16,1,8,3,13,5,0,29.93
101056,ATM_CDM,8,0,18,1,9,7,14,5,1,6.09
101012,ACC_OPEN,25,1,8,1,8,6,15,4,1,36.59
101012,CREDIT_CARD,12,0,17,1,13,6,10,3,1,26.45
101045,CUST_SVC,10,1,30,1,8,6,9,1,1,23.43
101012,ACC_OPEN,25,1,17,1,4,3,12,5,0,23.86
101045,CREDIT_CARD,12,1,18,1,8,4,16,3,1,32.5
101012,INSURANCE,20,1,5,1,8,6,9,4,1,26.31
101012,ATM_CDM,8,1,6,1,9,6,14,1,1,16.28
101012,INVEST,22,1,41,1,14,4,9,5,1,89.54
101033,INSURANCE,20,0,12,1,4,4,16,2,1,11.51
101078,CREDIT_CARD,12,0,3,1,5,4,9,1,1,21.95
101045,FIXED_DEP,15,1,1,1,1,7,14,2,1,3.52
101078,WITHDRAW,5,1,37,1,12,5,15,5,1,16.01
101078,DEPOSIT,6,0,16,1,5,4,9,2,1,6.26
101045,WITHDRAW,5,0,2,1,4,5,16,1,1,2.98
101012,WITHDRAW,5,0,24,0,13,3,16,5,1,30.4
101045,ACC_OPEN,25,1,6,1,8,4,11,5,1,54.5
101056,CREDIT_CARD,12,1,14,1,9,6,15,2,1,22.63
101078,ONLINE_SUP,12,1,17,1,8,8,9,2,1,11.45
101045,BIZ_BANK,18,0,7,1,3,5,10,1,1,16.84
101045,REMITTANCE,10,1,2,1,1,8,9,5,1,1.03
101033,ONLINE_SUP,12,1,17,1,8,4,11,1,1,21.26
101033,ACC_OPEN,25,1,3,1,3,2,13,5,0,53.11
101033,INVEST,22,1,24,1,8,5,15,1,1,47.33
101045,FIXED_DEP,15,1,8,1,5,5,14,2,1,20.75
101012,DEPOSIT,6,1,17,1,5,3,12,2,0,8.66
101045,LOAN,30,1,12,1,5,6,9,4,1,23.32
101056,ATM_CDM,8,0,20,1,9,5,16,5,1,18.48
101033,ATM_CDM,8,1,7,1,11,4,15,1,1,35.36
101012,FIXED_DEP,15,0,20,1,9,4,13,5,0,30.64
101056,CREDIT_CARD,12,1,7,1,4,3,12,2,0,21.64
101045,CUST_SVC,10,0,2,1,5,5,14,1,1,14.58
101078,ACC_OPEN,25,1,1,1,2,3,16,1,1,22.02
101045,BIZ_BANK,18,1,4,1,1,4,12,2,0,4.04
101056,CUST_SVC,10,1,10,1,2,4,12,4,0,3.47
101078,DEPOSIT,6,1,8,1,7,4,14,3,1,18.45
101078,ATM_CDM,8,0,16,1,6,4,11,1,1,19.96
101012,ATM_CDM,8,1,41,1,13,5,11,1,1,24.71
101056,INVEST,22,1,3,1,4,2,13,4,0,54.82
101056,INSURANCE,20,1,9,1,11,5,10,1,1,71.11
101045,WITHDRAW,5,1,5,1,7,6,9,3,1,8.74
101056,BIZ_BANK,18,1,5,1,6,2,12,3,0,36.39
101012,DEPOSIT,6,1,27,1,6,6,14,2,1,5.35
101012,CUST_SVC,10,1,16,1,7,5,11,2,1,18.1
101012,DEPOSIT,6,1,25,1,8,4,10,2,1,9.77
101012,DEPOSIT,6,0,28,1,12,6,15,5,1,12.12
101033,ATM_CDM,8,1,1,1,7,5,15,3,1,9.56
101056,FIXED_DEP,15,0,3,1,3,4,16,4,1,17.62
101045,ACC_OPEN,25,1,10,1,8,5,10,5,1,71.76
101056,CUST_SVC,10,0,19,1,9,5,15,2,1,7.26
101056,CUST_SVC,10,1,26,1,10,6,14,1,1,25.0
101033,INVEST,22,1,18,1,6,2,12,5,0,51.45
101033,FIXED_DEP,15,0,4,1,6,4,14,5,1,13.98
101033,CUST_SVC,10,1,7,1,9,5,16,5,1,21.49
101045,FIXED_DEP,15,1,9,1,5,5,10,3,1,25.36
101056,CREDIT_CARD,12,1,3,1,6,8,14,3,1,12.88
101056,ATM_CDM,8,1,3,1,2,3,12,3,0,4.15
101045,CREDIT_CARD,12,1,13,1,5,5,9,3,1,11.9
101078,ATM_CDM,8,1,10,1,2,6,16,4,1,2.37
101045,INVEST,22,1,15,1,4,8,10,2,1,21.57
101033,CREDIT_CARD,12,0,9,1,2,3,13,1,0,5.52
101056,BIZ_BANK,18,1,2,1,7,4,11,3,1,31.42
101033,ATM_CDM,8,1,7,1,6,6,10,3,1,12.26
101078,BIZ_BANK,18,0,1,1,0,2,13,1,0,0.35
101045,ACC_OPEN,25,1,24,1,5,6,15,2,1,33.8
101056,CUST_SVC,10,1,22,1,16,4,15,1,1,30.48
101012,ACC_OPEN,25,1,28,1,9,5,16,2,1,71.24
101033,BIZ_BANK,18,1,21,1,6,4,12,4,0,23.16
101045,CREDIT_CARD,12,1,14,1,7,4,15,3,1,27.28
101056,CREDIT_CARD,12,1,41,1,11,6,10,2,1,17.71
101033,INSURANCE,20,1,12,1,8,5,14,2,1,20.55
101012,LOAN,30,0,11,0,3,6,14,5,1,11.35
101078,CREDIT_CARD,12,1,3,1,5,6,16,4,1,10.99
101078,ATM_CDM,8,1,1,1,3,4,12,1,0,5.83
101056,DEPOSIT,6,1,25,1,11,7,14,1,1,13.71
101012,DEPOSIT,6,0,6,1,7,7,10,1,1,4.34
101078,LOAN,30,1,21,1,6,6,14,1,1,21.27
101045,LOAN,30,1,13,1,6,4,16,3,1,72.94
101056,BIZ_BANK,18,1,16,1,3,5,16,3,1,9.56
101012,BIZ_BANK,18,1,7,1,7,5,16,5,1,20.05
101078,ATM_CDM,8,1,37,1,11,4,14,5,1,28.72
101033,LOAN,30,1,1,1,8,4,15,1,1,49.11
101056,WITHDRAW,5,1,18,1,8,5,14,3,1,12.85
101045,ACC_OPEN,25,1,1,1,5,3,16,5,1,48.15
101033,ACC_OPEN,25,0,40,1,12,5,10,1,1,90.0
101033,DEPOSIT,6,1,21,1,8,6,15,4,1,8.73
101012,BIZ_BANK,18,0,5,1,9,4,13,1,0,28.83
101012,DEPOSIT,6,1,42,1,12,6,11,2,1,15.3
101033,ATM_CDM,8,0,21,1,4,3,16,4,1,11.41
101056,CREDIT_CARD,12,1,1,1,9,6,16,1,1,24.61
101078,ACC_OPEN,25,1,26,1,6,5,10,3,1,53.14
101078,DEPOSIT,6,1,26,1,6,6,15,5,1,9.5
101012,CUST_SVC,10,1,21,1,10,5,14,3,1,26.36
101056,LOAN,30,1,32,1,10,5,11,3,1,76.08
101045,CUST_SVC,10,1,4,1,4,7,14,4,1,6.94
101012,ATM_CDM,8,0,53,1,19,5,10,1,1,29.32
101012,INSURANCE,20,1,11,1,11,6,11,4,1,23.39
101033,WITHDRAW,5,0,10,1,7,7,11,1,1,4.32
101078,LOAN,30,0,5,1,1,3,16,1,1,8.63
101033,REMITTANCE,10,1,11,1,8,6,14,1,1,11.35
101033,CUST_SVC,10,1,13,1,5,7,16,1,1,9.45
101045,CREDIT_CARD,12,1,2,1,1,3,13,5,0,4.16
101056,BIZ_BANK,18,1,27,1,15,5,14,1,1,45.51
101056,CUST_SVC,10,1,4,1,4,5,14,4,1,9.96
101056,INVEST,22,0,12,1,7,6,14,2,1,17.78
101033,DEPOSIT,6,0,4,1,6,6,14,3,1,7.52
101056,WITHDRAW,5,1,51,1,14,5,10,1,1,29.65
101012,CUST_SVC,10,0,27,1,8,4,14,5,1,13.66
101045,INSURANCE,20,1,13,1,3,6,11,3,1,10.78
101012,ATM_CDM,8,1,1,1,7,5,14,5,1,18.4
101045,CREDIT_CARD,12,1,18,1,4,3,13,2,0,17.25
101056,CREDIT_CARD,12,1,38,1,12,8,14,2,1,14.06
101056,ONLINE_SUP,12,1,11,1,2,4,16,2,1,9.27
101033,CUST_SVC,10,0,20,1,4,6,9,3,1,9.67
101012,ATM_CDM,8,0,10,0,11,3,16,1,1,47.14
101056,BIZ_BANK,18,1,21,1,9,6,9,5,1,35.07
101012,ACC_OPEN,25,0,7,1,10,4,16,4,1,84.88
101056,CUST_SVC,10,1,1,1,9,6,11,2,1,18.43
101078,ACC_OPEN,25,0,23,1,6,4,12,1,0,28.71
101033,CREDIT_CARD,12,1,1,1,8,4,16,1,1,31.03
101012,CREDIT_CARD,12,0,21,1,10,4,14,2,1,33.74
101045,FIXED_DEP,15,0,27,1,6,4,16,5,1,20.45
101045,ATM_CDM,8,0,13,1,8,6,9,1,1,14.15
101045,CREDIT_CARD,12,0,12,1,5,4,9,1,1,18.56
101012,CUST_SVC,10,1,9,1,6,7,10,3,1,7.65
101078,BIZ_BANK,18,1,25,1,8,7,9,5,1,17.9
101033,CREDIT_CARD,12,0,6,1,13,7,9,5,1,16.74
101056,LOAN,30,1,21,1,14,4,14,1,1,87.55
101078,ONLINE_SUP,12,1,22,1,5,5,14,1,1,13.91
101045,ATM_CDM,8,1,36,1,9,6,10,2,1,18.2
101056,LOAN,30,1,8,1,7,7,14,4,1,39.8
101033,LOAN,30,0,1,1,7,8,10,1,1,36.78
101033,CUST_SVC,10,0,9,0,9,4,11,5,1,33.17
101012,CUST_SVC,10,1,2,1,4,4,12,4,0,4.47
101045,INVEST,22,1,30,1,7,5,10,1,1,42.22
101012,CREDIT_CARD,12,1,18,1,9,4,13,3,0,28.86
101033,LOAN,30,1,15,1,2,4,13,1,0,11.09
101033,LOAN,30,1,6,1,0,3,12,4,0,1.01
101078,DEPOSIT,6,1,35,1,9,5,10,5,1,11.89
101056,FIXED_DEP,15,1,23,1,6,4,11,1,1,29.35
101078,CUST_SVC,10,1,3,1,9,5,10,4,1,18.84
101033,INSURANCE,20,1,14,1,6,6,10,5,1,20.22
101056,ATM_CDM,8,1,44,1,12,4,10,1,1,21.83
101056,DEPOSIT,6,1,9,1,8,4,11,1,1,10.69
101012,REMITTANCE,10,1,27,1,6,2,12,2,0,33.08
101012,DEPOSIT,6,1,8,1,8,7,14,5,1,9.22
101078,ATM_CDM,8,1,16,1,4,4,12,3,0,8.59
101012,ATM_CDM,8,1,14,1,9,6,11,1,1,15.71
101012,ATM_CDM,8,0,31,1,10,4,15,1,1,19.58
101012,CREDIT_CARD,12,0,11,1,7,6,14,4,1,2.23
101078,ONLINE_SUP,12,1,35,1,9,4,11,5,1,25.35
101045,DEPOSIT,6,1,12,1,2,7,15,1,1,1.44
101045,LOAN,30,0,10,1,9,4,9,5,1,76.73
101045,INVEST,22,1,23,1,6,6,14,5,1,12.73
101078,DEPOSIT,6,1,30,1,7,7,10,3,1,4.16
101045,CREDIT_CARD,12,1,9,1,1,6,9,5,1,1.17
101033,DEPOSIT,6,0,17,1,6,6,15,3,1,5.72
101078,ATM_CDM,8,0,23,1,16,5,15,1,1,23.0
101078,ATM_CDM,8,1,4,1,5,5,14,2,1,9.73
101012,INSURANCE,20,0,4,1,7,4,11,5,1,54.17
101033,BIZ_BANK,18,0,19,1,5,7,15,5,1,11.55
101078,DEPOSIT,6,1,1,1,3,2,13,5,0,11.07
101056,INSURANCE,20,1,5,1,2,2,12,2,0,25.16
101012,CREDIT_CARD,12,0,10,1,8,7,15,1,1,13.57
101078,ACC_OPEN,25,1,5,1,6,4,9,4,1,66.2
101045,CUST_SVC,10,1,8,1,3,5,9,5,1,4.54
101078,DEPOSIT,6,1,15,1,7,7,11,5,1,7.18
101078,DEPOSIT,6,1,14,1,8,4,15,1,1,21.02
101033,BIZ_BANK,18,0,6,1,5,3,12,2,0,21.92
101078,CREDIT_CARD,12,1,2,1,4,4,16,1,1,14.89
101056,CUST_SVC,10,0,10,1,5,3,12,4,0,10.95
101078,DEPOSIT,6,1,22,1,6,4,13,1,0,9.37
101045,CREDIT_CARD,12,1,11,1,16,5,15,1,1,33.56
101045,DEPOSIT,6,1,31,1,8,3,12,3,0,14.39
101078,ATM_CDM,8,0,32,1,9,5,10,2,1,13.41
101056,ATM_CDM,8,0,28,1,10,5,14,5,1,22.82
101045,FIXED_DEP,15,1,21,1,8,5,15,3,1,26.14
101056,DEPOSIT,6,1,35,1,10,6,14,1,1,19.83
101033,ATM_CDM,8,1,2,1,3,6,10,3,1,6.88
101045,ACC_OPEN,25,1,11,1,3,3,13,2,0,22.91
101045,ATM_CDM,8,1,14,1,5,5,14,3,1,7.57
101078,LOAN,30,0,6,1,8,8,10,4,1,29.55
101033,DEPOSIT,6,1,12,1,12,6,15,2,1,15.37
101045,WITHDRAW,5,1,10,1,2,5,9,2,1,4.73
101012,CUST_SVC,10,1,10,1,5,5,9,3,1,11.49
101045,CREDIT_CARD,12,1,14,1,9,6,10,2,1,18.94
101045,LOAN,30,1,22,1,6,6,11,1,1,40.62
101045,DEPOSIT,6,1,23,1,7,8,15,2,1,5.34
101012,INSURANCE,20,1,20,1,7,5,9,4,1,19.61
101078,BIZ_BANK,18,1,27,1,6,7,15,1,1,26.38
101045,DEPOSIT,6,0,15,0,5,7,14,5,1,6.49
101056,ONLINE_SUP,12,1,5,1,8,5,11,3,1,28.25
101078,ATM_CDM,8,1,12,1,6,4,9,1,1,15.26
101056,CREDIT_CARD,12,1,20,1,8,4,16,1,1,32.14
101033,ATM_CDM,8,0,9,1,0,2,12,2,0,1.48
101033,LOAN,30,1,17,1,6,4,16,3,1,37.94
101056,ONLINE_SUP,12,1,9,1,1,2,12,2,0,4.11
101045,WITHDRAW,5,0,7,1,2,4,10,5,1,2.33
101078,BIZ_BANK,18,1,8,1,6,6,15,3,1,29.37
101045,LOAN,30,1,25,1,11,4,14,5,1,78.63
101078,CREDIT_CARD,12,1,8,1,0,6,10,3,1,0.34
101033,ACC_OPEN,25,1,4,1,10,2,12,1,0,90.0
101012,INSURANCE,20,0,16,1,9,4,9,3,1,30.91
101045,DEPOSIT,6,1,27,1,9,6,9,5,1,13.06
101045,ONLINE_SUP,12,1,5,1,7,5,14,5,1,18.31
101056,BIZ_BANK,18,1,29,1,8,4,10,1,1,44.21
101012,ATM_CDM,8,1,22,1,10,7,14,3,1,16.55
101012,CUST_SVC,10,0,4,0,6,6,9,4,1,14.67
101033,REMITTANCE,10,1,20,1,5,6,10,2,1,8.74
101056,REMITTANCE,10,0,2,1,6,6,10,2,1,5.78
101033,CREDIT_CARD,12,1,16,1,8,6,15,1,1,19.94
101033,ACC_OPEN,25,1,16,1,7,7,9,1,1,42.52
101033,CUST_SVC,10,0,15,1,8,7,10,5,1,9.07
101033,ATM_CDM,8,1,9,1,8,4,11,5,1,16.55
101078,ATM_CDM,8,1,1,1,3,7,9,1,1,5.82
101033,ATM_CDM,8,1,11,1,5,6,11,3,1,8.82
101012,ONLINE_SUP,12,1,14,1,4,3,13,5,0,12.9
101078,ACC_OPEN,25,1,7,1,2,3,12,4,0,17.24
101078,CREDIT_CARD,12,0,23,0,8,4,10,5,1,38.11
101056,ATM_CDM,8,0,21,1,6,4,14,4,1,11.78
101056,CREDIT_CARD,12,0,41,1,11,4,10,5,1,21.65
101033,REMITTANCE,10,1,18,1,3,8,14,4,1,4.55
101045,INVEST,22,1,2,1,3,7,14,5,1,7.61
101033,ACC_OPEN,25,0,5,1,5,3,12,2,0,31.91
101078,FIXED_DEP,15,0,6,1,9,6,14,1,1,13.87
101056,ATM_CDM,8,0,19,1,6,7,10,5,1,7.28
101056,ONLINE_SUP,12,1,14,1,11,5,14,1,1,22.44
101012,CUST_SVC,10,1,27,1,17,5,9,1,1,34.88
101012,INVEST,22,1,35,1,11,5,15,1,1,68.46
101056,LOAN,30,1,20,1,6,3,16,5,1,26.35
101012,LOAN,30,1,24,1,9,5,14,3,1,90.0
101078,DEPOSIT,6,1,26,1,11,8,11,4,1,9.48
101033,CUST_SVC,10,1,3,1,4,6,15,5,1,7.39
101012,ATM_CDM,8,1,33,1,12,4,15,2,1,26.42
101033,CUST_SVC,10,0,1,1,2,5,16,2,1,3.75
101078,CUST_SVC,10,1,12,1,6,3,13,1,0,16.59
101045,ATM_CDM,8,1,6,1,6,4,9,5,1,13.54
101012,FIXED_DEP,15,1,15,1,2,4,12,3,0,7.9
101078,CUST_SVC,10,1,2,1,6,7,11,5,1,10.5
101045,INSURANCE,20,0,14,1,4,6,14,5,1,15.51
101078,INVEST,22,1,13,1,7,4,14,4,1,54.06
101056,ACC_OPEN,25,1,24,1,6,6,14,4,1,24.38
101033,FIXED_DEP,15,0,7,1,5,4,15,1,1,21.18
101056,CREDIT_CARD,12,1,32,1,11,6,11,5,1,23.67
101033,DEPOSIT,6,1,16,1,6,6,9,2,1,10.56
101045,INSURANCE,20,1,7,1,2,6,16,3,1,11.03
101012,CREDIT_CARD,12,1,20,1,6,3,13,4,0,26.57
101078,ONLINE_SUP,12,0,4,1,2,4,16,4,1,9.62
101056,INSURANCE,20,1,14,1,5,5,15,4,1,23.88
101012,CUST_SVC,10,0,1,1,4,5,14,2,1,6.78
101078,BIZ_BANK,18,1,9,1,6,5,9,1,1,37.97
101012,CUST_SVC,10,1,22,1,6,3,13,3,0,8.27
101045,DEPOSIT,6,1,2,1,6,5,9,2,1,9.47
101056,BIZ_BANK,18,1,14,1,6,5,16,4,1,26.06
101012,DEPOSIT,6,1,13,1,8,7,9,5,1,8.96
101078,CUST_SVC,10,0,24,1,5,7,15,4,1,7.58
101056,DEPOSIT,6,1,32,1,9,6,15,4,1,9.73
101078,CREDIT_CARD,12,1,21,1,5,4,9,2,1,22.92
101045,BIZ_BANK,18,0,14,1,5,3,12,3,0,5.97
101033,REMITTANCE,10,0,5,1,2,2,13,2,0,6.29
101056,CUST_SVC,10,0,9,1,13,4,15,1,1,27.52
101056,ACC_OPEN,25,0,23,1,9,5,14,4,1,39.29
101012,ONLINE_SUP,12,1,26,1,6,7,11,4,1,16.16
101033,ATM_CDM,8,0,22,1,8,4,10,5,1,13.72
101033,CREDIT_CARD,12,0,27,1,6,4,10,4,1,11.07
101056,DEPOSIT,6,1,6,1,7,6,10,2,1,7.81
101045,ATM_CDM,8,1,22,1,5,4,12,5,0,7.58
101033,ATM_CDM,8,0,4,1,3,4,12,2,0,4.35
101078,ACC_OPEN,25,1,8,1,5,5,11,3,1,29.16
101012,ATM_CDM,8,1,11,1,7,5,15,5,1,15.96
101012,CREDIT_CARD,12,1,5,1,1,6,11,3,1,1.59
101078,DEPOSIT,6,1,12,1,2,3,16,5,1,5.68
101012,INVEST,22,0,10,1,6,7,10,4,1,29.84
101033,CUST_SVC,10,1,10,1,11,4,10,1,1,23.12
101045,BIZ_BANK,18,1,4,1,7,4,10,2,1,41.45
101033,INVEST,22,1,17,1,3,4,14,2,1,15.57
101078,CUST_SVC,10,0,12,1,7,5,9,1,1,7.88
101033,CUST_SVC,10,1,1,1,8,5,14,5,1,20.99
101012,CUST_SVC,10,0,14,1,4,5,14,3,1,1.64
101056,LOAN,30,1,18,1,7,4,9,3,1,60.57
101078,CUST_SVC,10,0,3,1,7,7,9,5,1,12.1
101033,CREDIT_CARD,12,1,16,1,6,5,10,4,1,5.89
101045,INSURANCE,20,0,2,1,0,2,13,3,0,0.77
101078,ATM_CDM,8,1,3,1,1,2,13,4,0,5.75
101056,BIZ_BANK,18,1,38,1,13,5,9,1,1,51.13
101056,LOAN,30,1,21,1,18,7,10,5,1,90.0
101012,FIXED_DEP,15,1,17,1,6,5,14,1,1,22.9
101045,ACC_OPEN,25,1,22,1,9,4,10,4,1,76.16
101012,ATM_CDM,8,1,22,1,5,5,16,5,1,14.01
101045,DEPOSIT,6,0,2,0,5,5,11,4,1,8.83
101012,CUST_SVC,10,0,7,1,8,4,14,1,1,25.06
101045,LOAN,30,0,24,1,7,5,14,2,1,29.29
101033,CUST_SVC,10,1,8,1,6,6,9,1,1,13.83
101078,INVEST,22,1,7,1,2,4,11,2,1,13.96
101012,LOAN,30,0,12,1,6,7,11,4,1,27.83
101012,ATM_CDM,8,1,5,1,5,4,13,2,0,9.76
101045,REMITTANCE,10,1,20,1,4,5,16,2,1,9.33
101012,LOAN,30,1,25,1,7,7,10,5,1,40.1
101012,CREDIT_CARD,12,1,25,1,6,6,14,4,1,14.78
101012,ATM_CDM,8,1,38,1,11,5,9,4,1,24.74
101045,DEPOSIT,6,0,30,0,9,4,10,2,1,14.31
101056,DEPOSIT,6,0,28,1,8,4,9,2,1,10.55
101078,ACC_OPEN,25,0,10,1,7,8,15,1,1,9.9
101078,CREDIT_CARD,12,0,11,0,7,4,12,2,0,28.85
101078,ACC_OPEN,25,1,4,1,6,4,10,2,1,41.84
101033,REMITTANCE,10,0,1,1,3,4,12,3,0,6.41
101056,INSURANCE,20,1,26,1,12,5,11,1,1,40.71
101012,CUST_SVC,10,1,29,1,9,5,16,5,1,11.57
101078,INVEST,22,1,23,1,5,5,10,2,1,28.62
101045,DEPOSIT,6,1,10,1,8,8,15,5,1,7.32
101012,ATM_CDM,8,1,11,1,5,4,15,4,1,11.75
101045,INSURANCE,20,1,9,1,5,4,9,5,1,24.42
101012,ACC_OPEN,25,1,26,1,9,7,10,2,1,43.29
101033,REMITTANCE,10,0,5,1,5,5,9,4,1,12.98
101056,BIZ_BANK,18,1,15,1,6,4,14,5,1,46.47
101045,FIXED_DEP,15,1,28,1,8,8,14,1,1,19.14
101078,ACC_OPEN,25,1,29,1,7,4,11,4,1,49.01
101045,BIZ_BANK,18,1,4,1,5,3,12,2,0,36.92
101045,DEPOSIT,6,1,19,1,5,5,16,5,1,5.9
101056,WITHDRAW,5,0,23,1,8,6,14,4,1,4.67
101033,INSURANCE,20,1,4,1,0,4,12,3,0,1.57
101012,INVEST,22,1,29,1,8,7,16,3,1,34.54
101056,ATM_CDM,8,1,20,1,4,4,13,1,0,7.87
101056,FIXED_DEP,15,1,22,1,10,5,9,1,1,39.11
101056,LOAN,30,1,30,1,8,7,9,2,1,22.09
101033,DEPOSIT,6,1,4,1,6,4,10,1,1,8.98
101045,CUST_SVC,10,1,1,1,5,4,15,2,1,15.81
101012,FIXED_DEP,15,1,23,1,6,3,12,1,0,30.92
101056,CUST_SVC,10,1,11,1,13,6,10,5,1,12.25
101012,DEPOSIT,6,1,26,1,18,5,9,1,1,30.97
101045,ACC_OPEN,25,1,13,1,3,5,16,4,1,29.51
101045,ATM_CDM,8,0,3,1,3,6,14,5,1,4.91
101056,ATM_CDM,8,1,3,1,12,6,9,5,1,20.94
101078,REMITTANCE,10,1,18,1,7,6,9,4,1,11.8
101045,DEPOSIT,6,0,13,1,8,5,15,5,1,6.86
101078,DEPOSIT,6,1,6,1,10,4,14,1,1,12.38
101033,CREDIT_CARD,12,1,12,1,13,6,9,2,1,38.65
101033,DEPOSIT,6,1,11,1,11,4,15,2,1,12.09
101056,REMITTANCE,10,1,20,1,7,4,15,1,1,30.62
101012,ATM_CDM,8,1,5,1,9,3,16,1,1,38.74
101078,CREDIT_CARD,12,1,16,1,5,4,10,2,1,20.11
101045,CUST_SVC,10,1,21,1,4,6,15,1,1,10.47
101078,CREDIT_CARD,12,1,5,1,4,5,11,4,1,13.36
101056,BIZ_BANK,18,1,28,1,12,6,9,4,1,22.94
101012,CREDIT_CARD,12,0,18,1,15,4,15,1,1,78.45
101045,INSURANCE,20,1,24,1,6,6,9,5,1,23.73
101078,CREDIT_CARD,12,1,31,1,12,7,10,5,1,15.72
101033,ATM_CDM,8,1,13,1,6,7,9,1,1,10.82
101045,ATM_CDM,8,1,16,1,3,3,13,4,0,9.39
101033,DEPOSIT,6,0,5,1,5,3,16,3,1,11.06
101078,INVEST,22,1,8,1,5,7,9,4,1,15.1
101045,REMITTANCE,10,1,19,1,8,7,15,3,1,8.72
101012,CUST_SVC,10,1,30,1,8,6,15,2,1,21.91
101033,WITHDRAW,5,1,11,1,9,7,14,5,1,8.72
101012,CREDIT_CARD,12,1,1,1,8,3,12,1,0,20.57
101056,BIZ_BANK,18,1,21,1,6,6,14,3,1,20.39
101056,ONLINE_SUP,12,0,11,1,7,6,10,3,1,17.02
101078,DEPOSIT,6,1,15,1,8,7,15,4,1,4.88
101033,CUST_SVC,10,1,26,1,7,6,14,4,1,16.86
101033,CREDIT_CARD,12,1,32,1,9,5,9,5,1,23.69
101045,REMITTANCE,10,1,22,1,10,6,16,1,1,19.79
101056,INSURANCE,20,1,9,1,7,7,10,1,1,35.6
101078,ATM_CDM,8,0,33,0,8,7,9,1,1,15.73
101056,CREDIT_CARD,12,1,9,1,6,4,13,5,0,14.64
101033,ATM_CDM,8,0,4,0,14,4,10,1,1,13.62
101012,ATM_CDM,8,1,6,1,5,3,12,5,0,9.84
101033,BIZ_BANK,18,0,2,1,8,5,16,1,1,24.84
101012,CREDIT_CARD,12,0,19,0,6,5,14,3,1,16.36
101012,CUST_SVC,10,1,4,1,7,5,9,1,1,14.26
101045,CREDIT_CARD,12,0,19,0,5,7,14,1,1,11.26
101033,CREDIT_CARD,12,1,29,1,8,7,11,2,1,14.07
101056,LOAN,30,1,32,1,10,8,9,5,1,36.57
101033,DEPOSIT,6,1,26,1,6,4,15,4,1,10.04
101012,LOAN,30,0,25,1,11,7,10,2,1,75.0
101078,ONLINE_SUP,12,1,22,1,7,6,16,4,1,15.29
101078,INSURANCE,20,0,7,1,1,4,12,3,0,1.33
101056,ATM_CDM,8,1,16,1,7,7,9,2,1,6.57
101045,BIZ_BANK,18,1,11,1,7,4,14,1,1,40.99
101078,BIZ_BANK,18,1,13,1,8,6,10,4,1,19.57
101056,INSURANCE,20,1,13,1,3,7,10,3,1,4.07
101012,CUST_SVC,10,0,1,1,5,2,12,5,0,17.52
101056,CUST_SVC,10,1,32,1,13,5,14,1,1,34.44
101045,DEPOSIT,6,1,11,1,3,4,9,3,1,6.23
101012,ATM_CDM,8,1,17,1,10,4,11,1,1,29.51
101012,INSURANCE,20,1,19,1,4,6,11,4,1,16.7
101012,INVEST,22,0,16,1,9,2,13,5,0,55.4
101056,ACC_OPEN,25,0,3,1,6,5,10,2,1,27.91
101012,DEPOSIT,6,1,13,1,5,8,9,2,1,1.71
101012,DEPOSIT,6,1,36,1,12,6,10,4,1,13.89
101033,INSURANCE,20,0,9,1,13,4,11,1,1,69.06
101078,WITHDRAW,5,0,8,0,4,6,11,2,1,3.63
101033,DEPOSIT,6,1,1,1,6,7,10,4,1,4.34
101012,LOAN,30,1,33,1,9,5,9,3,1,46.88
101056,ATM_CDM,8,1,14,1,12,5,10,2,1,29.38
101056,DEPOSIT,6,0,4,1,6,4,10,2,1,8.66
101012,DEPOSIT,6,1,7,1,13,5,9,1,1,11.42
101078,CREDIT_CARD,12,1,2,1,11,7,10,1,1,26.11
101033,BIZ_BANK,18,1,22,1,5,4,9,3,1,16.92
101012,BIZ_BANK,18,1,28,1,7,5,14,4,1,25.94
101045,ACC_OPEN,25,0,24,1,10,4,14,3,1,60.81
101033,ATM_CDM,8,0,6,1,3,7,14,4,1,3.91
101056,ACC_OPEN,25,1,37,1,10,7,9,1,1,36.33
101033,DEPOSIT,6,1,12,1,3,3,13,5,0,4.48
101056,INSURANCE,20,0,6,1,5,7,11,5,1,10.7
101012,CUST_SVC,10,0,20,1,4,4,11,5,1,6.82
101033,INVEST,22,1,18,1,4,7,14,2,1,9.35
101033,CUST_SVC,10,1,15,1,10,4,9,5,1,28.35
101012,CUST_SVC,10,0,23,1,15,6,15,5,1,32.61
101056,ATM_CDM,8,1,11,1,4,6,15,4,1,7.07
101056,ACC_OPEN,25,1,11,1,6,8,14,2,1,15.4
101012,CUST_SVC,10,1,18,1,10,6,15,3,1,24.09
101033,CUST_SVC,10,1,46,1,14,6,11,1,1,28.51
101078,DEPOSIT,6,1,2,1,7,6,15,3,1,10.6
101012,ATM_CDM,8,0,14,1,6,4,16,3,1,8.77
101056,LOAN,30,1,23,1,7,6,15,4,1,34.73
101056,ATM_CDM,8,1,1,1,3,6,9,3,1,6.47
101033,BIZ_BANK,18,1,4,1,7,2,13,3,0,54.5
101045,FIXED_DEP,15,1,9,1,10,5,9,1,1,31.58
101012,CREDIT_CARD,12,1,5,1,5,4,9,5,1,11.68
101012,CREDIT_CARD,12,1,27,1,7,7,14,2,1,13.68
101012,ACC_OPEN,25,1,46,1,15,4,14,5,1,90.0
101056,REMITTANCE,10,1,7,1,1,4,12,3,0,3.94
101033,CUST_SVC,10,1,14,1,3,5,16,3,1,7.89
101045,ACC_OPEN,25,1,6,1,3,2,13,1,0,35.28
101033,INSURANCE,20,1,19,1,7,5,10,4,1,46.24
101056,WITHDRAW,5,0,19,1,6,4,14,5,1,3.19
101033,LOAN,30,1,19,1,12,7,15,1,1,52.34
101078,ATM_CDM,8,0,29,1,7,6,11,2,1,12.05
101078,INSURANCE,20,0,42,1,11,7,15,1,1,21.56
101012,LOAN,30,0,33,1,12,7,10,5,1,61.31
101056,INVEST,22,1,33,1,8,5,9,4,1,53.65
101033,WITHDRAW,5,1,3,1,5,6,9,5,1,2.6
101033,CUST_SVC,10,0,10,1,1,2,12,5,0,2.85
101078,INSURANCE,20,1,7,1,6,7,10,3,1,19.17
101056,ATM_CDM,8,0,36,1,9,6,16,2,1,5.33
101033,ATM_CDM,8,0,17,1,4,5,9,2,1,8.03
101078,BIZ_BANK,18,1,6,1,1,4,13,1,0,4.53
101033,FIXED_DEP,15,1,4,1,7,6,9,5,1,31.07
101056,ATM_CDM,8,1,29,1,8,3,16,1,1,33.39
101045,DEPOSIT,6,1,7,1,6,5,10,4,1,9.51
101033,BIZ_BANK,18,0,24,0,10,5,16,5,1,35.92
101033,ATM_CDM,8,1,38,1,11,4,11,1,1,20.13
101045,CREDIT_CARD,12,1,11,1,1,3,13,1,0,3.51
101056,WITHDRAW,5,0,12,1,4,6,11,1,1,4.01
101056,DEPOSIT,6,1,9,1,4,2,12,5,0,18.25
101012,INVEST,22,1,2,1,4,3,16,2,1,44.9
101045,CUST_SVC,10,0,11,1,14,4,14,3,1,46.99
101033,REMITTANCE,10,1,14,1,5,4,9,4,1,16.77
101078,ACC_OPEN,25,0,23,1,7,3,13,3,0,56.97
101056,ATM_CDM,8,0,5,1,9,7,15,4,1,12.97
101056,ACC_OPEN,25,0,19,0,8,4,12,1,0,45.22
101056,DEPOSIT,6,0,6,1,3,2,12,4,0,7.28
101033,REMITTANCE,10,1,14,1,3,4,12,1,0,5.19
101045,CUST_SVC,10,0,14,1,6,6,9,3,1,10.84
101045,CUST_SVC,10,1,7,1,2,3,13,5,0,5.73
101033,CREDIT_CARD,12,1,14,1,8,6,15,1,1,21.93
101045,INSURANCE,20,1,14,1,4,2,13,1,0,41.09
101078,INSURANCE,20,1,6,1,3,4,9,3,1,19.19
101012,DEPOSIT,6,1,19,1,12,4,9,5,1,32.04
101033,BIZ_BANK,18,0,4,1,10,5,9,5,1,30.74
101056,LOAN,30,1,30,1,10,4,16,5,1,90.0
101012,ATM_CDM,8,1,7,1,1,5,9,2,1,0.36
101045,DEPOSIT,6,1,9,1,1,3,13,4,0,4.35
101056,CUST_SVC,10,1,4,1,7,4,16,1,1,28.73
101078,DEPOSIT,6,0,15,1,3,3,16,1,1,8.63
101056,INSURANCE,20,1,20,1,7,5,9,3,1,27.81
101078,FIXED_DEP,15,1,1,1,7,7,10,5,1,13.08
101056,FIXED_DEP,15,1,6,1,6,4,13,5,0,6.4
101012,DEPOSIT,6,1,7,1,8,6,11,5,1,10.5
101045,CUST_SVC,10,0,11,0,6,5,10,3,1,20.65
101033,CREDIT_CARD,12,0,9,1,3,5,16,3,1,7.26
101033,CUST_SVC,10,0,24,1,11,7,10,1,1,22.01
101078,ONLINE_SUP,12,1,5,1,1,7,11,4,1,2.1
101056,CUST_SVC,10,1,33,1,20,7,10,1,1,35.87
101033,INVEST,22,1,27,1,7,7,10,5,1,18.4
101078,BIZ_BANK,18,0,40,0,11,3,16,4,1,62.14
101012,CUST_SVC,10,0,15,1,8,2,13,3,0,41.26
101078,DEPOSIT,6,1,2,1,5,6,16,2,1,4.54
101012,ATM_CDM,8,1,10,1,2,3,12,3,0,3.96
101078,CUST_SVC,10,0,13,1,2,4,14,2,1,4.75
101078,DEPOSIT,6,1,2,1,6,6,9,3,1,12.08
101056,INSURANCE,20,1,4,1,1,5,10,2,1,4.31
101056,DEPOSIT,6,1,39,1,10,7,9,4,1,13.12
101078,ATM_CDM,8,0,5,0,7,4,16,2,1,16.8
101056,ATM_CDM,8,1,19,1,6,4,13,4,0,19.39
101078,CUST_SVC,10,1,7,1,8,8,10,2,1,7.79
101078,CUST_SVC,10,0,10,1,7,5,14,2,1,11.62
101033,CUST_SVC,10,0,21,1,6,6,11,3,1,6.64
101056,LOAN,30,1,14,1,5,6,14,2,1,32.94
101078,REMITTANCE,10,0,11,0,8,4,11,5,1,22.05
101045,DEPOSIT,6,0,26,1,12,5,9,1,1,20.61
101056,DEPOSIT,6,1,11,1,5,4,13,2,0,8.93
101012,CREDIT_CARD,12,1,1,1,7,5,16,2,1,24.64
101056,ACC_OPEN,25,1,32,1,12,5,15,5,1,83.67
101056,BIZ_BANK,18,1,10,1,5,2,12,1,0,34.02
101033,ONLINE_SUP,12,1,18,1,4,2,13,2,0,24.17
101078,ATM_CDM,8,0,11,1,2,6,15,2,1,3.35
101033,LOAN,30,1,2,1,4,6,10,3,1,22.14
101012,CUST_SVC,10,1,8,1,8,8,10,2,1,11.31
101012,CUST_SVC,10,1,44,1,12,6,14,1,1,12.6
101033,LOAN,30,1,4,1,1,5,11,4,1,4.63
101033,CREDIT_CARD,12,1,45,1,14,5,16,5,1,23.78
101033,REMITTANCE,10,1,15,1,2,7,11,3,1,3.04
101033,BIZ_BANK,18,0,6,1,4,4,16,2,1,23.12
101045,WITHDRAW,5,1,16,1,5,4,12,1,0,8.26
101056,CUST_SVC,10,0,33,1,9,4,14,5,1,16.97
101078,DEPOSIT,6,1,11,1,8,7,15,1,1,7.74
101012,LOAN,30,1,31,1,17,6,10,2,1,45.98
101078,ATM_CDM,8,1,1,1,4,4,16,2,1,5.29
101056,DEPOSIT,6,1,24,1,10,6,15,1,1,3.54
101078,CREDIT_CARD,12,1,6,1,4,7,9,2,1,12.09
101012,ONLINE_SUP,12,1,10,1,14,8,11,5,1,24.88
101078,CREDIT_CARD,12,0,9,1,8,5,14,2,1,21.83
101056,BIZ_BANK,18,0,28,1,9,4,9,5,1,37.03
101056,ATM_CDM,8,0,20,1,4,3,12,3,0,10.89
101045,ATM_CDM,8,1,27,1,9,7,15,1,1,8.65
101012,ATM_CDM,8,1,2,1,8,5,15,5,1,23.88
101033,CREDIT_CARD,12,1,13,1,6,5,14,2,1,21.35
101078,ATM_CDM,8,1,15,1,3,6,15,3,1,6.12
101045,REMITTANCE,10,1,24,1,10,6,10,2,1,19.78
101045,LOAN,30,1,11,1,3,4,16,4,1,12.88
101078,FIXED_DEP,15,0,5,1,5,6,11,5,1,8.61
101056,DEPOSIT,6,1,4,1,5,5,14,4,1,8.14
101045,DEPOSIT,6,1,15,1,6,2,13,2,0,19.83
101045,INSURANCE,20,1,10,1,2,3,12,1,0,15.17
101078,BIZ_BANK,18,0,4,1,8,4,11,3,1,44.52
101045,DEPOSIT,6,1,3,1,3,3,12,2,0,4.06
101045,CUST_SVC,10,1,8,1,4,4,10,1,1,11.4
101012,ACC_OPEN,25,1,4,1,7,5,14,3,1,36.59
101012,ATM_CDM,8,1,26,1,14,5,15,1,1,34.94
101045,ATM_CDM,8,1,35,1,10,8,10,1,1,7.73
101056,WITHDRAW,5,0,5,0,2,4,13,1,0,4.66
101056,WITHDRAW,5,1,2,1,0,3,13,2,0,0.84
101033,BIZ_BANK,18,0,1,0,4,3,13,1,0,22.36
101056,ONLINE_SUP,12,0,5,1,1,4,16,3,1,1.6
101045,BIZ_BANK,18,1,8,1,0,3,16,2,1,1.5
101033,FIXED_DEP,15,0,13,1,2,4,13,5,0,8.37
101078,ATM_CDM,8,0,24,1,9,6,15,1,1,12.8
101033,ONLINE_SUP,12,0,22,1,9,4,10,1,1,37.54
101045,ATM_CDM,8,0,5,1,2,2,12,1,0,3.33
101056,LOAN,30,1,13,1,4,4,14,1,1,52.21
101078,FIXED_DEP,15,0,12,1,2,8,9,2,1,3.44
101056,REMITTANCE,10,0,2,1,3,2,12,3,0,10.73
101056,LOAN,30,0,3,1,4,6,14,2,1,7.86
101033,BIZ_BANK,18,1,15,1,3,5,11,1,1,18.59
101045,BIZ_BANK,18,0,17,0,8,6,16,4,1,38.48
101012,CREDIT_CARD,12,1,21,1,5,5,14,2,1,15.49
101045,DEPOSIT,6,0,18,1,4,5,10,4,1,4.28
101033,CUST_SVC,10,1,17,1,9,7,15,3,1,18.87
101012,CREDIT_CARD,12,1,3,1,8,5,15,1,1,23.38
101078,INVEST,22,1,10,1,7,4,9,4,1,47.17
101033,ACC_OPEN,25,0,13,1,6,5,16,4,1,21.49
101078,ATM_CDM,8,1,35,1,10,8,11,2,1,15.49
101033,ONLINE_SUP,12,0,16,1,5,3,12,4,0,8.65
101045,FIXED_DEP,15,1,11,1,5,6,9,4,1,14.35
101056,INSURANCE,20,1,21,1,7,6,10,2,1,26.9
101033,DEPOSIT,6,0,6,1,4,6,11,3,1,7.01
101056,DEPOSIT,6,0,9,1,9,4,10,3,1,19.16
101078,CUST_SVC,10,0,4,1,4,3,12,3,0,14.78
101012,BIZ_BANK,18,1,9,1,7,4,11,1,1,41.65
101045,CREDIT_CARD,12,1,13,1,7,4,14,2,1,31.99
101045,ATM_CDM,8,1,5,1,2,3,16,3,1,10.14
101045,INVEST,22,1,7,1,4,5,9,5,1,12.4
101078,CREDIT_CARD,12,1,10,1,3,3,12,5,0,11.04
101078,ATM_CDM,8,0,6,1,10,4,10,4,1,19.4
101033,BIZ_BANK,18,1,28,1,8,4,9,5,1,56.83
101033,REMITTANCE,10,1,5,1,4,7,14,5,1,5.44
101078,FIXED_DEP,15,1,6,1,1,2,13,3,0,3.66
101056,CUST_SVC,10,0,20,1,5,7,16,3,1,8.5
101012,ATM_CDM,8,1,44,1,12,4,15,3,1,29.01
101012,FIXED_DEP,15,1,38,1,10,4,9,5,1,61.3
101033,REMITTANCE,10,1,18,1,10,5,15,5,1,14.97
101045,DEPOSIT,6,1,32,1,10,6,15,5,1,11.37
101033,LOAN,30,1,14,1,10,7,9,2,1,42.97
101078,DEPOSIT,6,1,25,1,6,7,11,3,1,5.02
101078,INSURANCE,20,0,8,1,6,6,11,5,1,11.18
101045,DEPOSIT,6,1,6,1,3,7,9,4,1,0.93
101045,ATM_CDM,8,1,1,1,2,6,11,5,1,2.61
101056,ACC_OPEN,25,1,5,1,7,4,14,4,1,72.26
101045,ACC_OPEN,25,1,23,1,5,3,13,1,0,25.62
101056,ATM_CDM,8,0,28,1,8,4,11,4,1,15.08
101056,FIXED_DEP,15,1,10,1,7,6,14,3,1,16.86
101012,CUST_SVC,10,1,16,1,12,5,10,5,1,30.31
101033,CUST_SVC,10,1,8,1,12,5,15,1,1,22.22
101012,INSURANCE,20,1,40,1,18,6,15,1,1,67.89
101045,DEPOSIT,6,1,15,1,4,7,11,4,1,4.48
101078,BIZ_BANK,18,0,8,1,2,7,16,2,1,7.59
101033,INSURANCE,20,1,23,1,15,5,15,1,1,90.0
101056,FIXED_DEP,15,0,17,1,4,4,11,4,1,17.14
101056,DEPOSIT,6,1,15,1,7,6,16,1,1,13.74
101078,DEPOSIT,6,1,13,1,6,6,14,1,1,5.85
101045,INSURANCE,20,1,19,1,4,7,9,4,1,18.25
101012,CUST_SVC,10,1,24,1,11,6,14,3,1,16.03
101012,INSURANCE,20,1,17,1,4,3,13,2,0,28.39
101012,REMITTANCE,10,1,1,1,21,4,9,1,1,61.82
101045,CUST_SVC,10,1,23,1,7,5,15,2,1,16.73
101078,CREDIT_CARD,12,1,25,1,7,8,10,3,1,10.72
101012,FIXED_DEP,15,0,14,1,7,5,9,4,1,24.91
101012,INSURANCE,20,1,21,1,10,8,15,4,1,25.4
101078,DEPOSIT,6,1,15,1,2,4,12,5,0,4.37
101078,ONLINE_SUP,12,0,14,1,10,4,11,1,1,38.16
101045,ONLINE_SUP,12,1,38,1,12,4,9,1,1,72.63
101045,INSURANCE,20,1,5,1,5,5,15,5,1,19.53
101045,ATM_CDM,8,0,7,1,4,5,10,5,1,8.94
101056,ATM_CDM,8,1,24,1,8,6,11,4,1,12.18
101056,REMITTANCE,10,0,22,1,8,4,14,5,1,13.3
101012,CREDIT_CARD,12,1,28,1,9,7,15,2,1,26.92
101078,ACC_OPEN,25,1,2,1,5,5,14,3,1,15.56
101033,CUST_SVC,10,0,14,1,4,5,14,1,1,8.52
101033,DEPOSIT,6,1,24,1,10,4,16,1,1,14.39
101045,INSURANCE,20,1,8,1,8,7,10,3,1,32.38
101078,INSURANCE,20,1,23,1,6,7,15,4,1,25.47
101012,CREDIT_CARD,12,0,6,1,1,2,12,1,0,7.26
101033,ATM_CDM,8,1,14,1,3,4,10,4,1,3.46
101045,BIZ_BANK,18,1,5,1,3,2,12,3,0,10.5
101078,LOAN,30,1,13,1,5,4,10,2,1,62.4
101045,ACC_OPEN,25,1,11,1,2,6,16,3,1,11.52
101033,CREDIT_CARD,12,1,16,1,5,7,10,4,1,8.74
101045,REMITTANCE,10,0,16,1,3,6,10,2,1,6.03
101078,INVEST,22,0,17,1,9,6,10,5,1,27.9
101056,ATM_CDM,8,1,22,1,6,3,12,2,0,16.44
101045,CREDIT_CARD,12,1,20,1,7,8,14,5,1,9.67
101012,INVEST,22,0,19,0,7,4,11,1,1,46.33
101056,INVEST,22,1,18,1,3,4,16,4,1,9.28
101012,CREDIT_CARD,12,1,18,1,9,2,13,1,0,53.69
101056,CREDIT_CARD,12,0,6,1,0,3,13,3,0,1.61
101033,DEPOSIT,6,1,4,1,2,3,12,4,0,2.9
101033,INVEST,22,1,18,1,12,4,10,1,1,84.19
101078,ACC_OPEN,25,1,9,1,0,3,13,4,0,1.32
101056,DEPOSIT,6,0,3,1,10,6,14,1,1,6.82
101078,INVEST,22,0,23,1,12,7,10,1,1,49.46
101045,DEPOSIT,6,1,9,1,11,6,10,1,1,13.96
101045,INVEST,22,0,1,1,9,7,14,4,1,23.14
101078,DEPOSIT,6,1,4,1,9,6,15,5,1,11.58
101056,INVEST,22,1,4,1,5,4,10,1,1,43.18
101033,ATM_CDM,8,0,15,0,4,7,15,2,1,5.16
101045,LOAN,30,0,15,1,3,3,13,5,0,29.78
101045,ACC_OPEN,25,0,8,1,2,4,11,3,1,10.36
101056,CREDIT_CARD,12,1,21,1,4,3,13,1,0,11.85
101012,CUST_SVC,10,0,17,0,9,6,10,2,1,18.53
101078,DEPOSIT,6,1,8,1,6,8,14,1,1,6.03
101078,DEPOSIT,6,1,9,1,3,5,9,3,1,3.42
101078,CUST_SVC,10,1,12,1,7,5,10,1,1,19.65
101078,ATM_CDM,8,1,24,1,5,5,16,4,1,5.84
101045,CUST_SVC,10,1,27,1,8,6,15,1,1,17.74
101033,WITHDRAW,5,1,21,1,6,4,16,2,1,9.97
101012,DEPOSIT,6,1,4,1,9,6,15,1,1,9.6
101045,INVEST,22,0,6,1,4,3,16,5,1,15.18
101012,ATM_CDM,8,1,19,1,6,4,16,3,1,9.21
101056,CUST_SVC,10,1,32,1,9,6,15,5,1,15.79
101045,LOAN,30,0,37,1,10,5,10,5,1,40.76
101033,ACC_OPEN,25,1,27,1,7,4,14,2,1,49.06
101033,CREDIT_CARD,12,1,20,1,5,7,11,5,1,8.28
101056,LOAN,30,1,3,1,5,6,11,1,1,23.96
101033,WITHDRAW,5,0,1,1,9,6,15,3,1,11.45
101012,DEPOSIT,6,1,16,1,7,6,10,3,1,4.37
101078,DEPOSIT,6,0,18,1,8,4,9,5,1,4.53
101056,CREDIT_CARD,12,1,16,1,7,6,9,2,1,16.77
101056,CREDIT_CARD,12,1,25,1,6,6,9,5,1,15.14
101078,ACC_OPEN,25,1,14,1,10,5,11,5,1,51.22
101033,BIZ_BANK,18,1,7,1,10,8,15,3,1,31.18
101033,BIZ_BANK,18,1,36,1,13,4,14,5,1,72.09
101056,CREDIT_CARD,12,0,7,0,3,2,13,3,0,29.32
101045,INVEST,22,1,3,1,2,5,14,5,1,9.13
101045,CUST_SVC,10,0,5,1,3,7,11,2,1,5.62
101056,INSURANCE,20,1,1,1,5,5,10,4,1,6.01
101012,ONLINE_SUP,12,1,28,1,14,5,14,1,1,52.47
101078,INVEST,22,1,15,1,2,4,12,2,0,12.08
101033,ACC_OPEN,25,0,34,1,11,4,14,5,1,72.58
101056,ACC_OPEN,25,1,9,1,6,5,10,1,1,53.28
101045,CUST_SVC,10,1,15,1,11,6,15,2,1,15.14
101012,ATM_CDM,8,1,13,1,5,8,9,2,1,4.7
101033,ONLINE_SUP,12,1,25,1,9,6,10,5,1,33.98
101033,FIXED_DEP,15,0,3,1,5,4,9,4,1,22.1
101033,REMITTANCE,10,1,22,1,11,6,14,5,1,24.34
101033,CREDIT_CARD,12,1,2,1,6,7,9,1,1,13.77
101045,WITHDRAW,5,0,24,1,5,5,10,3,1,1.95
101045,CUST_SVC,10,1,17,1,7,7,9,4,1,14.34
101012,CUST_SVC,10,0,24,1,5,3,12,3,0,14.47
101045,INSURANCE,20,0,3,1,4,6,14,4,1,13.68
101056,DEPOSIT,6,1,16,1,10,5,10,5,1,17.93
101033,ATM_CDM,8,1,24,1,9,5,15,5,1,11.49
101012,REMITTANCE,10,0,9,0,5,7,14,1,1,6.68
101078,CREDIT_CARD,12,0,32,1,11,3,16,1,1,46.97
101056,ATM_CDM,8,0,24,1,6,8,14,2,1,9.21
101056,REMITTANCE,10,1,24,1,11,7,11,2,1,14.74
101033,WITHDRAW,5,1,9,1,4,4,13,5,0,5.7
101056,LOAN,30,0,35,0,10,4,10,3,1,90.0
101045,CREDIT_CARD,12,1,23,1,5,4,13,5,0,10.66
101012,REMITTANCE,10,0,22,1,8,6,10,4,1,12.74
101056,CUST_SVC,10,1,10,1,6,8,9,1,1,8.98
101078,ACC_OPEN,25,1,17,1,4,6,16,4,1,19.1
101045,DEPOSIT,6,1,20,1,6,6,14,2,1,4.17
101078,ATM_CDM,8,1,35,1,9,5,11,4,1,7.57
101012,FIXED_DEP,15,1,19,1,9,6,9,4,1,15.44
101033,CUST_SVC,10,1,6,1,6,3,16,1,1,28.41
101012,INVEST,22,0,23,1,11,5,10,2,1,36.0
101056,LOAN,30,1,4,1,10,4,15,1,1,83.15
101033,ACC_OPEN,25,1,18,1,7,6,10,5,1,36.43
101056,DEPOSIT,6,1,10,1,1,5,15,3,1,0.48
101012,ACC_OPEN,25,1,5,1,4,5,9,3,1,28.02
101033,INSURANCE,20,1,12,1,6,6,14,4,1,23.45
101078,CUST_SVC,10,1,23,1,7,5,9,1,1,21.73
101012,CUST_SVC,10,0,15,1,3,2,13,2,0,8.06
101078,ACC_OPEN,25,0,15,1,9,4,14,2,1,52.81
101033,ATM_CDM,8,0,1,1,2,6,14,2,1,2.32
101045,FIXED_DEP,15,0,13,1,6,6,14,4,1,13.07
101056,FIXED_DEP,15,1,18,1,8,6,14,3,1,32.54
101056,CUST_SVC,10,1,13,1,6,3,12,5,0,17.96
101078,CUST_SVC,10,1,5,1,2,3,16,4,1,9.12
101033,ATM_CDM,8,1,3,1,12,6,15,1,1,15.71
101078,DEPOSIT,6,0,32,1,14,4,9,5,1,26.49
101045,ATM_CDM,8,1,14,1,3,2,12,2,0,14.71
101045,CUST_SVC,10,1,9,1,0,4,15,4,1,1.83
101078,WITHDRAW,5,1,27,1,10,4,14,5,1,24.77
101078,LOAN,30,1,7,1,1,2,13,4,0,14.29
101056,ONLINE_SUP,12,0,3,1,6,7,15,5,1,10.44
101045,BIZ_BANK,18,1,3,1,8,7,14,1,1,16.61
101033,CUST_SVC,10,0,19,1,7,5,15,5,1,9.09
101045,LOAN,30,1,30,1,7,6,10,3,1,25.41
101056,CUST_SVC,10,1,23,1,6,2,13,3,0,25.41
101078,DEPOSIT,6,0,4,1,7,4,10,1,1,12.82
101078,CREDIT_CARD,12,1,8,1,0,4,13,2,0,0.42
101012,DEPOSIT,6,1,26,1,10,6,14,3,1,6.33
101033,ATM_CDM,8,1,29,1,7,7,9,1,1,12.16
101078,BIZ_BANK,18,1,16,1,5,6,15,1,1,19.12
101056,CUST_SVC,10,1,12,1,2,4,13,2,0,5.76
101033,INSURANCE,20,0,5,0,5,2,13,2,0,51.63
101078,DEPOSIT,6,0,5,1,7,7,15,4,1,4.06
101056,INVEST,22,1,28,1,11,3,16,2,1,90.0
101012,CUST_SVC,10,0,42,1,11,5,9,5,1,19.59
101033,ACC_OPEN,25,1,12,1,2,2,12,3,0,21.68
101033,DEPOSIT,6,1,18,1,4,5,15,2,1,8.2
101012,ONLINE_SUP,12,1,26,1,11,7,10,3,1,14.55
101033,LOAN,30,1,24,1,6,6,14,1,1,32.8
101033,BIZ_BANK,18,1,24,1,6,4,16,3,1,40.39
101056,WITHDRAW,5,1,24,1,9,5,10,4,1,3.32
101056,ACC_OPEN,25,0,10,1,1,6,10,3,1,7.14
101012,ATM_CDM,8,1,1,1,9,6,15,1,1,4.42
101056,CUST_SVC,10,1,23,1,7,7,10,4,1,16.52
101056,BIZ_BANK,18,1,14,1,2,8,14,4,1,6.24
101056,CUST_SVC,10,1,37,1,11,4,10,1,1,35.77
101012,ONLINE_SUP,12,0,15,1,6,4,15,1,1,18.27
101056,LOAN,30,0,9,1,9,4,16,2,1,48.77
101033,LOAN,30,0,12,1,1,4,11,2,1,9.96
101012,DEPOSIT,6,1,4,1,15,6,11,2,1,22.12
101045,ONLINE_SUP,12,0,20,1,11,8,15,2,1,14.21
101078,DEPOSIT,6,1,21,1,8,6,9,4,1,11.87
101045,ACC_OPEN,25,0,6,1,3,6,9,2,1,9.65
101033,ATM_CDM,8,0,21,1,6,4,9,1,1,12.11
101012,ACC_OPEN,25,0,34,1,9,6,9,5,1,46.42
101078,ATM_CDM,8,1,16,1,3,3,13,5,0,5.83
101045,REMITTANCE,10,0,34,0,10,5,10,5,1,24.82
101045,LOAN,30,1,3,1,5,5,9,3,1,47.78
101045,DEPOSIT,6,0,1,1,8,5,11,4,1,6.72
101012,BIZ_BANK,18,1,5,1,5,4,16,2,1,31.13
101056,INSURANCE,20,1,9,1,2,4,13,2,0,6.07
101056,DEPOSIT,6,1,27,1,6,4,15,4,1,8.19
101033,DEPOSIT,6,1,2,1,7,5,9,5,1,5.43
101078,FIXED_DEP,15,0,13,1,4,8,11,4,1,6.36
101056,ACC_OPEN,25,1,20,1,5,3,12,3,0,30.26
101056,DEPOSIT,6,1,7,1,6,7,10,3,1,3.76
101045,BIZ_BANK,18,1,15,1,8,5,15,4,1,40.68
101033,WITHDRAW,5,1,21,1,5,5,10,5,1,5.78
101078,CREDIT_CARD,12,1,25,1,11,7,14,1,1,24.33
101056,CUST_SVC,10,1,26,1,7,5,9,3,1,16.03
101033,DEPOSIT,6,1,1,1,8,5,10,5,1,9.95
101056,ACC_OPEN,25,1,14,1,6,7,14,3,1,26.87
101033,WITHDRAW,5,0,3,1,4,7,11,5,1,1.41
101056,CUST_SVC,10,0,12,1,11,4,9,2,1,21.58
101012,ONLINE_SUP,12,1,9,1,6,2,13,2,0,43.71
101045,ACC_OPEN,25,1,26,1,7,4,11,1,1,50.59
101012,FIXED_DEP,15,1,19,1,15,4,11,5,1,69.5
101012,LOAN,30,1,30,1,8,4,9,5,1,60.27
101078,ONLINE_SUP,12,1,24,1,6,6,10,2,1,17.35
101012,ATM_CDM,8,1,7,1,2,3,16,4,1,8.18
101033,CUST_SVC,10,1,8,1,3,3,16,4,1,5.05
101045,CUST_SVC,10,1,5,1,3,6,15,2,1,3.79
101045,DEPOSIT,6,1,8,1,3,7,14,4,1,3.68
101033,CUST_SVC,10,1,26,1,8,8,14,1,1,13.45
101078,ACC_OPEN,25,1,16,1,5,6,10,5,1,18.94
101012,CUST_SVC,10,1,2,1,5,5,11,5,1,11.29
101078,ATM_CDM,8,1,18,1,4,5,11,5,1,8.11
101012,DEPOSIT,6,1,16,1,10,4,15,1,1,14.54
101045,DEPOSIT,6,1,28,1,7,5,11,5,1,9.49
101033,INSURANCE,20,0,5,1,5,5,14,4,1,8.66
101033,CUST_SVC,10,1,17,1,7,5,9,3,1,7.59
101033,ONLINE_SUP,12,1,11,1,6,4,12,1,0,10.0
101056,REMITTANCE,10,1,11,1,3,6,14,2,1,2.17
101012,CUST_SVC,10,1,32,1,11,8,11,1,1,10.23
101056,DEPOSIT,6,1,34,1,9,4,11,4,1,14.7
101045,DEPOSIT,6,1,16,1,4,5,10,5,1,4.08
101012,INSURANCE,20,1,4,1,7,6,11,1,1,23.73
101012,INSURANCE,20,1,19,1,13,4,15,5,1,75.35
101033,ONLINE_SUP,12,0,27,1,9,4,14,3,1,32.68
101012,DEPOSIT,6,1,39,1,10,4,10,4,1,12.94
101056,LOAN,30,1,13,1,4,5,11,2,1,36.67
101012,INSURANCE,20,1,32,1,16,5,11,5,1,90.0
101078,DEPOSIT,6,1,1,1,1,4,13,4,0,1.83
101012,CREDIT_CARD,12,1,9,1,12,8,11,1,1,28.42
101056,ONLINE_SUP,12,1,4,1,13,7,10,5,1,22.75
101078,FIXED_DEP,15,1,14,1,5,4,15,4,1,21.62
101078,DEPOSIT,6,1,21,1,4,4,10,2,1,5.34
101033,DEPOSIT,6,1,20,1,6,4,16,1,1,12.42
101078,BIZ_BANK,18,1,11,1,6,6,10,1,1,20.62
101033,CREDIT_CARD,12,1,31,1,10,8,9,1,1,9.42
101056,INSURANCE,20,0,33,1,11,5,15,5,1,36.69
101056,ATM_CDM,8,1,7,1,8,5,10,5,1,22.76
101045,INVEST,22,1,30,1,8,7,16,4,1,46.93
101012,CUST_SVC,10,0,24,1,7,7,16,3,1,6.29
101012,CUST_SVC,10,1,1,1,5,5,9,3,1,13.86
101056,CREDIT_CARD,12,1,14,1,9,5,10,3,1,22.26
101012,BIZ_BANK,18,0,13,1,4,2,12,3,0,30.95
101056,ATM_CDM,8,0,10,1,11,4,11,1,1,29.55
101078,INVEST,22,1,9,1,4,3,13,2,0,27.71
101033,DEPOSIT,6,0,26,1,8,5,9,3,1,11.75
101033,CREDIT_CARD,12,1,18,1,6,6,10,4,1,16.53
101056,BIZ_BANK,18,1,10,1,7,7,15,2,1,24.88
101078,REMITTANCE,10,1,32,1,11,6,10,1,1,23.32
101056,CUST_SVC,10,0,7,1,11,6,11,5,1,21.18
101056,ONLINE_SUP,12,1,29,1,10,5,9,4,1,21.9
101045,ATM_CDM,8,1,6,1,1,4,14,4,1,4.29
101012,REMITTANCE,10,1,19,1,7,5,16,1,1,16.99
101012,REMITTANCE,10,0,21,0,10,6,10,5,1,21.01
101012,ATM_CDM,8,1,31,1,12,4,15,5,1,13.92
101045,ATM_CDM,8,1,1,1,2,3,12,5,0,4.7
101012,ATM_CDM,8,0,14,1,8,4,9,3,1,20.44
101033,REMITTANCE,10,1,20,1,12,4,10,3,1,34.68
101012,CREDIT_CARD,12,1,24,1,6,4,14,1,1,14.47
101012,CUST_SVC,10,1,12,1,6,4,9,2,1,22.43
101012,ATM_CDM,8,0,7,1,11,5,14,3,1,21.62
101045,BIZ_BANK,18,0,12,0,2,4,12,2,0,12.12
101033,CREDIT_CARD,12,1,42,1,11,4,10,2,1,29.61
101045,INVEST,22,1,9,1,5,6,10,4,1,20.9
101012,ATM_CDM,8,1,31,1,8,5,10,5,1,11.96
101078,BIZ_BANK,18,1,4,1,3,2,13,1,0,49.53
101012,INVEST,22,1,4,1,2,4,10,3,1,11.78
101078,INVEST,22,0,18,1,6,8,9,2,1,19.55
101078,DEPOSIT,6,1,3,1,3,7,14,3,1,1.98
101012,CREDIT_CARD,12,0,5,1,4,5,15,3,1,12.41
101045,CREDIT_CARD,12,1,3,1,7,5,10,5,1,18.83
101078,DEPOSIT,6,0,14,1,3,5,10,5,1,2.72
101056,ATM_CDM,8,1,9,1,2,3,13,1,0,8.44
101056,ACC_OPEN,25,0,9,1,2,2,12,1,0,21.15
101045,BIZ_BANK,18,1,14,1,3,4,13,2,0,6.64
101045,CREDIT_CARD,12,1,10,1,9,5,10,1,1,31.17
101033,FIXED_DEP,15,1,1,1,4,8,14,2,1,14.96
101078,ONLINE_SUP,12,0,18,1,4,3,16,1,1,8.11
101045,CUST_SVC,10,1,1,1,4,5,14,5,1,6.85
101056,INVEST,22,1,5,1,4,4,15,5,1,24.99
101033,ACC_OPEN,25,1,19,1,8,7,14,1,1,40.49
101045,CUST_SVC,10,1,11,1,9,4,10,5,1,18.16
101045,FIXED_DEP,15,1,11,1,5,7,9,1,1,18.8
101012,REMITTANCE,10,1,40,1,11,4,15,1,1,42.39
101045,ATM_CDM,8,1,3,1,2,4,9,1,1,4.9
101056,REMITTANCE,10,1,18,1,4,8,11,1,1,7.39
101078,CUST_SVC,10,1,22,1,9,4,10,2,1,27.22
101012,LOAN,30,0,15,1,9,6,16,5,1,52.61
101056,INVEST,22,0,43,1,14,7,15,4,1,22.52
101033,FIXED_DEP,15,1,17,1,4,4,14,1,1,17.3
101078,LOAN,30,1,2,1,0,2,13,3,0,0.89
101045,LOAN,30,1,15,1,2,5,11,3,1,15.37
101012,FIXED_DEP,15,0,15,1,12,8,10,5,1,18.8
101056,CUST_SVC,10,0,7,1,8,6,10,2,1,13.81
101045,CUST_SVC,10,0,8,1,2,4,11,5,1,3.83
101012,ONLINE_SUP,12,1,14,1,6,3,16,2,1,14.7
101078,LOAN,30,1,4,1,3,6,11,3,1,19.23
101012,CREDIT_CARD,12,1,33,1,12,4,9,3,1,53.22
101056,ONLINE_SUP,12,0,5,1,8,8,9,1,1,11.27
101078,ATM_CDM,8,1,7,1,2,7,10,3,1,2.36
101078,DEPOSIT,6,0,19,1,6,4,10,1,1,11.59
101078,ATM_CDM,8,0,7,1,3,8,15,4,1,4.68
101078,FIXED_DEP,15,1,29,1,7,5,14,2,1,20.93
101012,CREDIT_CARD,12,1,14,1,13,6,11,1,1,35.17
101012,DEPOSIT,6,0,11,1,5,3,13,4,0,4.9
101045,DEPOSIT,6,1,11,1,2,5,11,1,1,2.57
101033,INSURANCE,20,1,35,1,10,6,11,5,1,31.87
101012,ONLINE_SUP,12,0,5,0,13,5,11,2,1,28.64
101012,ACC_OPEN,25,0,8,0,8,4,16,3,1,48.35
101033,DEPOSIT,6,1,8,1,0,5,16,3,1,1.24
101012,REMITTANCE,10,1,7,1,11,6,9,5,1,22.77
101033,ACC_OPEN,25,1,10,1,6,7,15,4,1,25.87
101012,CUST_SVC,10,1,10,1,8,5,14,2,1,22.85
101045,LOAN,30,0,7,0,10,5,11,1,1,90.0
101033,ACC_OPEN,25,1,2,1,6,6,10,3,1,18.6
101078,ATM_CDM,8,1,7,1,7,4,13,1,0,16.38
101056,DEPOSIT,6,0,35,0,17,4,10,5,1,32.47
101012,LOAN,30,0,13,1,12,6,16,5,1,57.78
101012,DEPOSIT,6,0,1,1,9,8,9,1,1,4.09
101078,LOAN,30,0,18,1,5,4,15,4,1,53.08
101012,CUST_SVC,10,1,5,1,7,4,12,2,0,23.46
101078,REMITTANCE,10,0,15,0,9,7,10,1,1,20.43
101078,CUST_SVC,10,0,21,1,4,3,12,5,0,8.34
101012,REMITTANCE,10,1,12,1,7,6,11,3,1,11.24
101056,CUST_SVC,10,1,10,1,1,5,11,2,1,3.42
101056,REMITTANCE,10,1,2,1,8,3,16,2,1,24.6
101078,WITHDRAW,5,1,29,1,13,5,10,4,1,12.44
101056,BIZ_BANK,18,0,26,1,10,8,15,2,1,18.5
101056,WITHDRAW,5,1,9,1,4,7,15,2,1,4.0
101012,FIXED_DEP,15,0,28,1,9,5,14,1,1,34.52
101045,ONLINE_SUP,12,0,8,1,3,6,14,2,1,6.63
101033,LOAN,30,1,18,1,3,3,16,2,1,34.05
101056,ONLINE_SUP,12,1,39,1,10,6,10,2,1,14.95
101033,FIXED_DEP,15,0,7,1,5,5,11,2,1,7.69
101078,DEPOSIT,6,0,22,1,7,6,10,2,1,8.91
101056,REMITTANCE,10,0,17,1,8,8,10,3,1,13.51
101045,FIXED_DEP,15,0,18,1,7,7,15,5,1,25.43
101045,DEPOSIT,6,1,6,1,1,2,13,4,0,4.27
101012,DEPOSIT,6,0,10,1,11,4,10,5,1,14.13
101012,DEPOSIT,6,0,15,1,9,6,11,3,1,12.56
101056,LOAN,30,1,28,1,7,4,11,2,1,44.92
101045,CUST_SVC,10,0,3,1,3,4,15,5,1,7.68
101033,BIZ_BANK,18,1,8,1,6,7,9,5,1,21.63
101056,BIZ_BANK,18,1,9,1,8,6,16,5,1,25.55
101012,WITHDRAW,5,1,16,1,5,3,13,2,0,5.57
101056,INSURANCE,20,1,6,1,10,4,10,1,1,76.0
101045,ACC_OPEN,25,0,25,1,7,6,11,4,1,21.53
101078,ACC_OPEN,25,1,27,1,6,6,9,4,1,34.07
101033,LOAN,30,1,15,1,6,4,9,5,1,39.31
101078,LOAN,30,1,9,1,5,3,16,3,1,55.11
101056,ACC_OPEN,25,1,21,1,11,5,11,2,1,52.44
101033,ATM_CDM,8,0,30,1,10,5,10,1,1,21.69
101033,BIZ_BANK,18,1,12,1,2,4,9,4,1,12.96
101045,ONLINE_SUP,12,1,15,1,3,8,11,2,1,4.6
101012,INVEST,22,1,8,1,5,8,11,1,1,22.95
101045,ONLINE_SUP,12,1,10,1,1,3,12,5,0,3.94
101045,LOAN,30,1,21,1,6,4,13,2,0,53.57
101056,CREDIT_CARD,12,1,19,1,4,4,14,2,1,16.72
101012,DEPOSIT,6,0,19,1,11,7,10,3,1,13.42
101056,LOAN,30,1,18,1,7,6,9,1,1,35.61
101012,FIXED_DEP,15,0,23,1,7,7,15,4,1,14.36
101056,CREDIT_CARD,12,1,15,1,2,6,14,3,1,5.7
101078,WITHDRAW,5,1,8,1,10,5,11,5,1,9.37
101045,CREDIT_CARD,12,1,5,1,12,5,14,1,1,36.91
101012,CUST_SVC,10,1,11,1,2,4,12,5,0,4.07
101045,DEPOSIT,6,1,13,1,5,2,12,1,0,18.12
101045,DEPOSIT,6,0,11,1,2,3,12,2,0,2.36
101033,ATM_CDM,8,0,10,1,5,5,9,5,1,7.85
101033,INSURANCE,20,1,12,1,3,6,14,2,1,12.36
101056,DEPOSIT,6,1,3,1,6,7,9,4,1,6.47
101045,ATM_CDM,8,1,32,1,8,8,9,4,1,12.69
101078,CUST_SVC,10,1,3,1,3,3,12,4,0,10.87
101056,DEPOSIT,6,1,11,1,5,3,12,1,0,12.4
101033,INVEST,22,1,20,1,6,4,11,5,1,31.98
101012,ATM_CDM,8,0,28,1,10,6,10,2,1,10.84
101033,CREDIT_CARD,12,1,12,1,4,4,11,5,1,11.98
101033,ATM_CDM,8,0,13,1,8,5,14,1,1,9.83
101045,LOAN,30,1,7,1,6,7,9,5,1,24.81
101045,LOAN,30,1,28,1,9,4,11,1,1,79.69
101045,DEPOSIT,6,1,18,1,4,6,9,4,1,7.2
101033,CUST_SVC,10,0,10,1,4,4,9,2,1,12.43
101045,ONLINE_SUP,12,0,6,1,8,4,14,3,1,25.78
101033,LOAN,30,1,45,1,12,4,15,5,1,90.0
101045,CREDIT_CARD,12,1,34,1,10,4,11,1,1,34.11
101033,ONLINE_SUP,12,0,3,1,5,4,11,3,1,4.98
101045,BIZ_BANK,18,1,33,1,10,6,11,2,1,35.89
101033,LOAN,30,0,13,1,10,3,16,5,1,33.43
101033,BIZ_BANK,18,1,19,1,8,6,11,5,1,26.07
101078,CREDIT_CARD,12,1,23,1,7,6,14,3,1,24.78
101033,BIZ_BANK,18,1,10,1,1,3,16,5,1,6.91
101033,ATM_CDM,8,1,21,1,7,5,11,4,1,12.69
101033,ATM_CDM,8,1,3,1,6,5,15,1,1,13.38
101045,FIXED_DEP,15,1,12,1,8,4,10,2,1,46.91
101078,CREDIT_CARD,12,0,26,1,8,8,10,1,1,15.99
101033,LOAN,30,0,10,1,2,4,12,1,0,9.38
101056,CREDIT_CARD,12,1,11,1,6,6,15,2,1,16.72
101033,ONLINE_SUP,12,1,21,1,4,6,14,2,1,11.51
101045,DEPOSIT,6,1,18,1,4,5,16,3,1,4.9
101056,CUST_SVC,10,1,27,1,6,4,16,5,1,18.65
101012,CUST_SVC,10,0,21,1,5,4,14,2,1,5.93
101012,ATM_CDM,8,1,13,1,6,4,9,2,1,14.46
101033,DEPOSIT,6,1,12,1,5,3,12,3,0,11.47
101056,DEPOSIT,6,1,8,1,8,2,13,3,0,20.57
101056,CUST_SVC,10,1,7,1,12,4,15,1,1,28.79
101078,CUST_SVC,10,1,7,1,5,8,11,3,1,6.02
101078,WITHDRAW,5,1,16,1,8,7,15,1,1,7.81
101033,CREDIT_CARD,12,1,11,1,7,6,11,4,1,10.5
101056,DEPOSIT,6,1,9,1,10,6,10,2,1,15.14
101033,DEPOSIT,6,1,25,1,7,2,12,3,0,29.71
101045,CUST_SVC,10,1,9,1,0,4,16,4,1,0.85
101078,ONLINE_SUP,12,0,26,1,13,5,10,1,1,44.19
101056,DEPOSIT,6,0,30,1,9,6,15,3,1,11.55
101056,DEPOSIT,6,1,8,1,6,6,11,5,1,7.1
101056,CREDIT_CARD,12,1,29,1,11,6,14,5,1,34.53
101056,CUST_SVC,10,1,1,1,3,4,13,1,0,4.77
101078,CUST_SVC,10,0,13,1,2,6,9,4,1,3.06
101033,CUST_SVC,10,1,21,1,5,3,13,4,0,11.89
101033,CREDIT_CARD,12,1,18,1,5,5,14,3,1,10.7
101078,CREDIT_CARD,12,1,6,1,1,3,12,4,0,4.82
101056,CUST_SVC,10,0,6,0,4,3,12,5,0,15.11
101012,BIZ_BANK,18,0,26,1,8,5,10,2,1,21.56
101045,CUST_SVC,10,0,4,1,3,2,13,2,0,12.95
101012,CREDIT_CARD,12,1,16,1,5,5,14,3,1,9.24
101045,FIXED_DEP,15,1,24,1,6,4,12,2,0,17.9
101078,CUST_SVC,10,1,9,1,5,3,12,1,0,28.2
101033,DEPOSIT,6,1,22,1,7,6,15,3,1,11.06
101078,LOAN,30,1,1,1,1,5,16,3,1,6.97
101012,CUST_SVC,10,0,22,1,12,5,14,2,1,11.66
101012,CUST_SVC,10,0,7,1,11,6,15,4,1,12.01
101045,INVEST,22,1,1,1,1,4,13,1,0,5.32
101078,DEPOSIT,6,1,8,1,2,4,13,2,0,3.13
101078,CUST_SVC,10,1,18,1,9,4,11,1,1,25.25
101056,INSURANCE,20,1,14,1,2,4,13,4,0,15.84
101012,CUST_SVC,10,1,38,1,12,4,12,4,0,34.57
101045,INVEST,22,1,5,1,7,6,9,5,1,36.96
101078,INSURANCE,20,1,24,1,7,4,13,4,0,18.65
101033,ONLINE_SUP,12,0,17,1,15,4,10,2,1,55.67
101033,DEPOSIT,6,1,15,1,5,6,10,3,1,7.03
101012,ACC_OPEN,25,1,5,1,4,3,16,1,1,35.33
101045,REMITTANCE,10,1,5,1,5,6,11,5,1,7.05
101056,REMITTANCE,10,1,13,1,14,5,10,1,1,40.09
101012,INSURANCE,20,0,11,0,9,5,11,4,1,21.6
101012,CUST_SVC,10,0,5,1,6,5,9,2,1,11.54
101012,CREDIT_CARD,12,1,14,1,7,5,10,3,1,11.65
101033,CUST_SVC,10,1,15,1,13,4,9,1,1,27.52
101033,ONLINE_SUP,12,1,21,1,6,2,13,5,0,39.19
101045,DEPOSIT,6,0,27,1,8,7,15,2,1,7.11
101078,ATM_CDM,8,1,22,1,11,6,11,1,1,15.69
101056,CUST_SVC,10,1,13,1,4,6,14,3,1,7.74
101056,ATM_CDM,8,0,8,1,8,6,9,5,1,16.05
101033,ATM_CDM,8,1,16,1,3,2,12,3,0,11.8
101045,BIZ_BANK,18,1,16,1,4,2,13,5,0,20.18
101078,ATM_CDM,8,1,10,1,4,4,16,5,1,10.18
101012,CREDIT_CARD,12,1,15,1,3,7,11,4,1,7.63
101045,ONLINE_SUP,12,1,10,1,8,4,13,1,0,20.92
101056,INSURANCE,20,1,4,1,8,4,12,1,0,44.43
101033,CUST_SVC,10,0,2,1,6,3,13,4,0,15.3
101045,CREDIT_CARD,12,1,7,1,8,4,9,4,1,38.36
101045,BIZ_BANK,18,0,12,1,1,4,12,4,0,4.87
101012,DEPOSIT,6,1,20,1,5,4,12,3,0,8.98
101045,LOAN,30,0,11,1,6,4,11,5,1,67.04
101012,ACC_OPEN,25,1,5,1,4,4,9,3,1,24.0
101012,ONLINE_SUP,12,0,11,1,5,4,14,4,1,10.14
101012,CUST_SVC,10,0,2,1,6,5,9,4,1,3.96
101045,CUST_SVC,10,1,14,1,2,6,11,3,1,2.11
101078,INSURANCE,20,0,1,0,1,6,14,2,1,4.15
101078,ACC_OPEN,25,1,13,1,3,4,12,2,0,15.4
101045,ACC_OPEN,25,1,10,1,5,4,11,4,1,39.29
101045,BIZ_BANK,18,1,3,1,4,2,13,3,0,45.84
101033,ATM_CDM,8,0,6,1,6,6,14,4,1,7.74
101012,INSURANCE,20,1,15,1,9,6,10,2,1,42.75
101056,INVEST,22,1,5,1,5,6,11,3,1,3.31
101012,LOAN,30,0,36,1,10,4,14,1,1,58.57
101033,DEPOSIT,6,1,12,1,8,6,16,3,1,7.17
101045,FIXED_DEP,15,0,13,1,7,5,14,1,1,23.65
101045,DEPOSIT,6,1,22,1,6,4,16,5,1,9.68
101078,CUST_SVC,10,0,3,1,5,5,9,3,1,13.09
101012,CUST_SVC,10,1,25,1,11,5,11,2,1,32.39
101012,ACC_OPEN,25,0,9,1,8,3,16,2,1,83.25
101078,ACC_OPEN,25,1,8,1,8,6,10,1,1,38.84
101045,LOAN,30,0,18,1,4,8,9,5,1,16.2
101078,CUST_SVC,10,0,31,1,9,6,9,3,1,19.73
101045,ATM_CDM,8,0,1,1,6,5,15,3,1,2.65
101078,ATM_CDM,8,0,3,1,9,6,10,5,1,7.0
101012,ACC_OPEN,25,0,13,1,8,5,15,3,1,31.72
101033,ATM_CDM,8,1,31,1,11,6,10,5,1,12.98
101012,ATM_CDM,8,1,34,1,10,7,10,3,1,19.36
101012,DEPOSIT,6,1,22,1,7,5,16,1,1,12.58
101045,CREDIT_CARD,12,1,4,1,2,4,13,2,0,5.89
101045,DEPOSIT,6,1,4,1,4,5,14,5,1,5.77
101012,INSURANCE,20,1,13,1,9,3,16,3,1,87.42
101033,INSURANCE,20,1,26,1,8,7,11,1,1,21.31
101012,CUST_SVC,10,1,3,1,6,4,16,1,1,18.49
101078,CUST_SVC,10,0,7,1,8,5,9,2,1,15.54
101045,CUST_SVC,10,0,5,1,5,6,16,3,1,2.65
101056,FIXED_DEP,15,0,23,1,6,7,14,1,1,18.34
101078,DEPOSIT,6,1,12,1,9,5,15,1,1,12.03
101012,BIZ_BANK,18,0,8,1,1,3,12,2,0,6.59
101078,CREDIT_CARD,12,0,14,1,2,4,12,3,0,7.3
101012,REMITTANCE,10,1,2,1,4,3,12,3,0,10.47
101045,BIZ_BANK,18,0,13,1,5,8,15,4,1,3.07
101045,BIZ_BANK,18,0,10,1,3,5,10,2,1,8.1
101045,ONLINE_SUP,12,1,12,1,3,6,9,2,1,6.33
101045,ONLINE_SUP,12,1,9,1,7,5,9,3,1,27.65
101078,BIZ_BANK,18,1,9,1,2,4,15,2,1,11.84
101045,CREDIT_CARD,12,1,17,1,6,6,11,3,1,16.64
101033,CREDIT_CARD,12,1,20,1,4,3,13,2,0,19.08
101012,FIXED_DEP,15,0,39,1,10,5,10,5,1,32.07
101056,DEPOSIT,6,0,17,1,7,2,13,5,0,15.84
101045,ACC_OPEN,25,1,23,1,5,5,14,3,1,29.93
101012,ATM_CDM,8,0,11,0,3,7,11,3,1,4.63
101012,CUST_SVC,10,1,6,1,8,4,9,2,1,20.47
101033,INSURANCE,20,1,5,1,2,4,12,2,0,6.18
101033,REMITTANCE,10,0,4,1,2,5,15,2,1,2.91
101056,ONLINE_SUP,12,0,30,1,7,7,14,2,1,7.9
101045,CUST_SVC,10,0,28,1,7,5,14,2,1,15.68
101012,CUST_SVC,10,1,15,1,4,5,14,5,1,9.72
101056,WITHDRAW,5,1,17,1,7,4,15,5,1,10.29
101033,INSURANCE,20,1,8,1,6,4,15,3,1,34.31
101056,ATM_CDM,8,0,12,1,11,6,14,3,1,22.27
101012,ATM_CDM,8,0,29,1,10,4,15,1,1,21.31
101033,ATM_CDM,8,1,5,1,2,6,9,4,1,3.22
101012,LOAN,30,1,21,1,10,4,9,3,1,87.46
101045,ATM_CDM,8,0,4,1,4,6,14,3,1,5.92
101045,ONLINE_SUP,12,1,3,1,6,5,9,1,1,21.59
101078,LOAN,30,1,5,1,5,7,9,4,1,33.64
101056,DEPOSIT,6,1,2,1,5,2,13,1,0,17.85
101012,ACC_OPEN,25,0,7,1,9,6,15,1,1,20.8
101045,DEPOSIT,6,1,2,1,4,2,12,2,0,7.33
101078,REMITTANCE,10,1,38,1,10,6,10,2,1,28.11
101045,DEPOSIT,6,0,4,1,1,3,13,2,0,1.84
101045,CUST_SVC,10,1,15,1,5,4,10,5,1,16.24
101045,DEPOSIT,6,1,32,1,9,6,10,4,1,6.98
101045,CUST_SVC,10,1,9,1,3,5,9,3,1,6.5
101078,ATM_CDM,8,0,2,1,6,4,13,2,0,19.62
101033,FIXED_DEP,15,0,2,0,7,6,14,1,1,19.7
101078,DEPOSIT,6,1,28,1,7,5,9,3,1,10.8
101012,DEPOSIT,6,0,23,1,10,4,16,3,1,13.52
101045,DEPOSIT,6,0,17,1,7,4,9,5,1,13.02
101033,INSURANCE,20,0,23,1,8,5,9,3,1,18.07
101078,CREDIT_CARD,12,1,11,1,6,3,12,1,0,28.2
101045,CUST_SVC,10,1,5,1,1,2,13,2,0,3.49
101078,DEPOSIT,6,1,5,1,4,4,12,4,0,4.42
101078,CREDIT_CARD,12,1,5,1,4,4,9,2,1,8.1
101078,ATM_CDM,8,1,8,1,5,5,9,1,1,13.01
101012,CUST_SVC,10,0,3,1,11,5,16,4,1,16.31
101045,DEPOSIT,6,1,2,1,7,7,9,1,1,8.81
101056,DEPOSIT,6,0,16,1,5,2,13,1,0,6.6
101078,ATM_CDM,8,1,15,1,7,4,11,2,1,7.83
101045,WITHDRAW,5,0,19,0,5,4,14,5,1,6.27
101078,CUST_SVC,10,0,12,1,3,3,12,4,0,6.57
101033,INVEST,22,1,2,1,6,7,11,3,1,9.24
101033,REMITTANCE,10,0,1,1,4,6,14,3,1,6.45
101033,LOAN,30,1,3,1,8,3,12,4,0,60.04
101033,ACC_OPEN,25,1,33,1,8,5,11,4,1,50.58
101078,ONLINE_SUP,12,1,18,1,3,4,15,5,1,9.86
101012,ATM_CDM,8,1,24,1,7,5,9,2,1,14.55
101078,BIZ_BANK,18,1,8,1,5,5,10,3,1,23.33
101078,DEPOSIT,6,1,20,1,7,6,15,2,1,5.27
101012,REMITTANCE,10,1,4,1,5,5,9,1,1,15.01
101078,FIXED_DEP,15,1,18,1,5,4,10,3,1,21.52
101045,BIZ_BANK,18,1,10,1,5,7,11,5,1,12.32
101078,CUST_SVC,10,1,16,1,6,5,11,1,1,18.78
101078,CUST_SVC,10,0,10,1,5,4,9,1,1,17.0
101078,WITHDRAW,5,0,4,1,1,4,12,4,0,1.41
101078,CUST_SVC,10,1,8,1,1,6,15,4,1,2.57
101045,INVEST,22,1,19,1,5,6,9,4,1,29.24
101033,ATM_CDM,8,1,8,1,1,7,15,4,1,0.44
101056,REMITTANCE,10,0,10,0,11,4,15,1,1,22.84
101033,INSURANCE,20,0,29,1,12,7,15,1,1,18.83
101045,CREDIT_CARD,12,1,27,1,6,6,14,2,1,19.55
101045,DEPOSIT,6,1,36,1,9,5,16,2,1,9.75
101056,REMITTANCE,10,1,20,1,9,5,10,5,1,20.73
101056,BIZ_BANK,18,0,9,1,9,5,14,3,1,24.35
101078,ONLINE_SUP,12,0,2,1,5,3,13,4,0,22.99
101056,CREDIT_CARD,12,1,11,1,8,3,13,1,0,28.1
101056,BIZ_BANK,18,1,19,1,6,3,16,4,1,52.34
101012,ATM_CDM,8,1,31,1,12,4,9,5,1,33.79
101033,CUST_SVC,10,0,12,0,4,7,14,5,1,11.07
101012,ATM_CDM,8,0,16,1,10,4,10,2,1,23.39
101012,ATM_CDM,8,1,20,1,11,5,11,3,1,19.17
101033,CREDIT_CARD,12,1,16,1,4,4,12,3,0,11.08
101033,INVEST,22,0,6,1,6,7,15,2,1,14.37
101012,BIZ_BANK,18,0,1,1,7,5,15,4,1,15.89
101033,CUST_SVC,10,1,16,1,7,8,10,3,1,9.24
101045,WITHDRAW,5,1,12,1,5,4,14,3,1,5.91
101056,REMITTANCE,10,0,7,1,2,2,13,4,0,11.81
101033,BIZ_BANK,18,1,10,1,7,6,10,1,1,24.34
101045,WITHDRAW,5,0,12,0,3,4,9,4,1,5.44
101012,FIXED_DEP,15,1,17,1,10,6,9,4,1,25.75
101078,ACC_OPEN,25,0,11,1,3,4,14,2,1,17.15
101045,LOAN,30,1,23,1,5,4,16,3,1,50.11
101056,BIZ_BANK,18,0,11,1,10,4,15,3,1,38.1
101045,CUST_SVC,10,1,27,1,7,7,11,4,1,8.14
101045,DEPOSIT,6,0,9,1,2,6,10,2,1,1.73
101078,CUST_SVC,10,1,16,1,3,6,9,4,1,5.97
101012,CREDIT_CARD,12,1,40,1,13,7,14,5,1,26.6
101012,INSURANCE,20,1,50,1,15,8,10,5,1,41.75
101045,CUST_SVC,10,0,11,1,4,4,16,1,1,13.88
101012,DEPOSIT,6,0,9,1,6,5,9,1,1,6.54
101078,CUST_SVC,10,0,25,1,9,4,10,5,1,19.1
101033,ATM_CDM,8,1,22,1,5,3,12,2,0,10.15
101033,BIZ_BANK,18,1,8,1,1,2,12,3,0,10.54
101012,WITHDRAW,5,1,5,1,7,7,10,5,1,3.6
101078,DEPOSIT,6,1,5,1,8,5,16,5,1,6.88
101045,WITHDRAW,5,1,26,1,7,2,12,3,0,22.9
101056,LOAN,30,1,18,1,6,4,12,4,0,64.86
101078,INSURANCE,20,0,8,0,6,5,15,4,1,40.51
101078,INSURANCE,20,1,16,1,6,7,9,3,1,13.08
101012,CUST_SVC,10,1,2,1,10,6,14,1,1,12.81
101045,DEPOSIT,6,0,6,1,1,5,11,1,1,1.34
101078,ATM_CDM,8,0,12,1,2,5,11,1,1,4.28
101033,LOAN,30,1,12,1,5,4,9,4,1,33.8
101012,CREDIT_CARD,12,1,12,1,4,2,13,4,0,13.33
101045,ATM_CDM,8,1,22,1,7,4,12,3,0,6.63
101078,REMITTANCE,10,1,6,1,3,2,12,2,0,14.87
101045,ATM_CDM,8,1,10,1,8,6,10,2,1,11.16
101056,FIXED_DEP,15,1,6,1,9,5,11,1,1,23.8
101033,CUST_SVC,10,1,27,1,6,4,15,5,1,14.25
101056,ATM_CDM,8,1,6,1,5,3,13,1,0,17.74
101033,INSURANCE,20,1,8,1,10,7,10,2,1,23.07
101078,REMITTANCE,10,1,43,1,12,4,9,1,1,32.98
101045,ATM_CDM,8,1,1,1,5,7,14,2,1,5.02
101056,CREDIT_CARD,12,1,11,1,6,6,9,2,1,11.9
101045,INSURANCE,20,1,15,1,5,5,11,2,1,18.02
101033,ONLINE_SUP,12,1,34,1,12,5,10,3,1,25.0
101056,DEPOSIT,6,1,2,1,5,4,13,1,0,9.56
101012,LOAN,30,1,19,1,9,7,14,2,1,40.65
101033,DEPOSIT,6,1,5,1,7,2,12,5,0,20.79
101033,REMITTANCE,10,1,3,1,12,6,9,5,1,25.61
101012,INSURANCE,20,0,5,1,9,8,9,5,1,31.5
101012,CUST_SVC,10,1,19,1,11,8,9,1,1,11.63
101033,DEPOSIT,6,1,6,1,0,3,12,3,0,1.19
101033,INVEST,22,1,15,1,3,3,12,3,0,14.09
101045,CUST_SVC,10,1,9,1,12,7,10,5,1,14.29
101056,CUST_SVC,10,1,33,1,11,8,15,2,1,17.53
101078,DEPOSIT,6,0,2,1,2,6,11,2,1,2.6
101045,CUST_SVC,10,0,12,1,5,2,13,2,0,21.03
101056,CUST_SVC,10,1,2,1,6,5,14,2,1,14.85
101056,LOAN,30,1,5,1,5,5,16,2,1,54.55
101033,CUST_SVC,10,1,16,1,7,5,9,1,1,11.75
101033,DEPOSIT,6,1,2,1,1,4,14,2,1,2.87
101056,REMITTANCE,10,1,2,1,0,5,10,3,1,1.06
101045,DEPOSIT,6,1,19,1,4,5,11,5,1,3.9
101078,LOAN,30,1,12,1,10,5,9,4,1,90.0
101033,CUST_SVC,10,1,11,1,6,6,15,4,1,10.92
101033,ACC_OPEN,25,0,2,1,3,3,12,4,0,33.45
101056,LOAN,30,1,23,1,7,6,15,3,1,43.77
101033,ATM_CDM,8,1,32,1,8,5,9,2,1,12.38
101078,INSURANCE,20,0,38,1,11,6,9,4,1,28.88
101056,LOAN,30,1,15,1,6,6,11,4,1,21.89
101033,ATM_CDM,8,1,2,1,6,6,14,3,1,6.48
101012,CREDIT_CARD,12,0,24,1,5,2,13,4,0,26.83
101078,INVEST,22,1,22,1,9,5,10,1,1,65.55
101045,DEPOSIT,6,0,24,0,11,7,15,1,1,9.32
101012,REMITTANCE,10,1,1,1,5,2,13,3,0,19.41
101045,DEPOSIT,6,0,18,1,8,4,9,4,1,16.33
101078,DEPOSIT,6,1,6,1,9,7,15,1,1,7.86
101012,BIZ_BANK,18,1,15,1,10,7,9,3,1,49.91
101033,ACC_OPEN,25,1,23,1,5,3,16,3,1,51.76
101056,ACC_OPEN,25,1,2,1,0,7,16,3,1,0.92
101056,LOAN,30,1,15,1,4,4,16,3,1,30.46
101078,CUST_SVC,10,1,16,1,6,5,14,2,1,14.65
101078,LOAN,30,0,22,1,10,6,11,5,1,37.95
101012,DEPOSIT,6,1,23,1,6,2,13,1,0,16.12
101078,BIZ_BANK,18,1,18,1,6,6,9,5,1,8.98
101056,ATM_CDM,8,1,18,1,7,4,10,1,1,16.65
101045,CUST_SVC,10,1,5,1,6,2,13,1,0,37.14
101078,CREDIT_CARD,12,1,7,1,3,4,13,1,0,8.02
101078,CREDIT_CARD,12,0,6,1,3,4,12,5,0,5.11
101045,ATM_CDM,8,1,4,1,5,3,12,5,0,8.33
101033,DEPOSIT,6,1,8,1,5,6,11,2,1,5.35
101033,LOAN,30,1,8,1,6,4,13,3,0,46.35
101056,CUST_SVC,10,1,4,1,5,4,15,4,1,11.46
101033,REMITTANCE,10,1,28,1,7,7,15,5,1,11.42
101056,CREDIT_CARD,12,0,42,1,17,5,11,5,1,45.11
101078,ATM_CDM,8,0,23,1,5,6,15,4,1,5.29
101078,ONLINE_SUP,12,1,16,1,7,7,11,2,1,16.06
101056,ACC_OPEN,25,1,10,1,6,4,9,2,1,29.64
101045,LOAN,30,0,12,0,4,6,10,5,1,26.03
101056,FIXED_DEP,15,1,28,1,13,7,14,4,1,37.27
101033,BIZ_BANK,18,1,9,1,6,5,11,1,1,21.96
101078,DEPOSIT,6,1,28,1,10,6,9,1,1,7.33
101012,ATM_CDM,8,1,21,1,4,7,15,2,1,4.64
101012,INVEST,22,1,29,1,9,4,9,5,1,48.34
101012,REMITTANCE,10,1,13,1,13,6,16,1,1,20.18
101033,BIZ_BANK,18,0,17,1,5,4,16,1,1,25.67
101045,CREDIT_CARD,12,0,7,0,2,8,9,2,1,4.04
101012,REMITTANCE,10,1,20,1,10,5,14,4,1,22.67
101078,INVEST,22,1,21,1,4,3,16,2,1,49.44
101056,BIZ_BANK,18,1,27,1,10,4,9,3,1,61.61
101078,ACC_OPEN,25,1,4,1,6,5,10,1,1,32.42
101033,DEPOSIT,6,1,39,1,10,4,10,2,1,24.74
101045,DEPOSIT,6,1,19,1,4,4,9,3,1,8.33
101012,DEPOSIT,6,1,8,1,5,6,15,3,1,6.55
101045,DEPOSIT,6,0,12,1,4,2,13,3,0,10.07
101033,CUST_SVC,10,1,7,1,8,6,14,1,1,22.06
101033,LOAN,30,0,12,1,4,7,9,1,1,16.71
101045,ACC_OPEN,25,1,29,1,9,5,14,1,1,58.6
101078,ONLINE_SUP,12,0,4,1,1,3,12,5,0,2.65
101045,CUST_SVC,10,1,29,1,11,4,10,5,1,20.4
101078,ACC_OPEN,25,0,5,1,4,6,11,2,1,26.03
101056,DEPOSIT,6,0,12,1,11,5,9,2,1,3.85
101012,DEPOSIT,6,1,5,1,7,2,13,4,0,12.49
101045,REMITTANCE,10,0,6,1,10,7,15,2,1,13.06
101056,BIZ_BANK,18,0,11,1,1,2,13,1,0,5.23
101056,CREDIT_CARD,12,0,18,1,7,2,13,1,0,30.55
101056,ATM_CDM,8,1,15,1,7,7,10,4,1,6.97
101078,CUST_SVC,10,1,23,1,6,3,13,5,0,16.62
101033,BIZ_BANK,18,1,11,1,9,6,15,5,1,44.65
101033,INSURANCE,20,0,16,1,5,2,13,2,0,48.0
101012,ATM_CDM,8,1,4,1,4,3,13,4,0,11.32
101045,CUST_SVC,10,0,14,1,5,7,10,5,1,7.37
101078,ATM_CDM,8,0,18,1,11,7,9,5,1,15.09
101033,FIXED_DEP,15,1,24,1,6,4,12,2,0,17.67
101012,INVEST,22,0,18,0,4,3,13,2,0,31.46
101033,CUST_SVC,10,1,15,1,9,5,10,2,1,28.57
101056,FIXED_DEP,15,1,26,1,8,7,11,3,1,14.96
101033,ACC_OPEN,25,0,22,1,7,6,14,4,1,11.94
101033,INSURANCE,20,1,9,1,8,7,15,3,1,22.25
101045,ATM_CDM,8,1,16,1,7,2,13,1,0,31.7
101045,INVEST,22,1,2,1,5,4,14,1,1,40.77
101078,ACC_OPEN,25,1,6,1,2,3,13,2,0,21.59
101045,REMITTANCE,10,1,12,1,5,7,14,5,1,8.37
101045,DEPOSIT,6,0,21,1,4,4,9,5,1,6.46
101056,CREDIT_CARD,12,0,15,0,5,7,11,3,1,9.35
101045,REMITTANCE,10,1,8,1,3,6,11,1,1,3.92
101045,INSURANCE,20,1,3,1,5,4,15,4,1,35.07
101078,DEPOSIT,6,0,13,1,6,5,15,5,1,8.3
101012,ONLINE_SUP,12,0,42,1,13,4,11,3,1,32.33
101033,DEPOSIT,6,0,6,0,5,3,12,5,0,11.3
101078,ATM_CDM,8,1,12,1,7,4,13,2,0,12.62
101056,CREDIT_CARD,12,0,10,1,8,6,10,5,1,13.72
101045,ONLINE_SUP,12,0,8,1,4,4,12,3,0,4.98
101078,CUST_SVC,10,1,45,1,15,6,15,5,1,22.72
101033,CREDIT_CARD,12,0,7,1,9,4,15,5,1,28.8
101033,INVEST,22,1,8,1,5,8,9,3,1,18.62
101045,DEPOSIT,6,1,21,1,6,4,10,3,1,11.21
101012,REMITTANCE,10,1,28,1,9,6,15,2,1,20.79
101012,DEPOSIT,6,0,7,1,12,4,16,3,1,18.48
101012,DEPOSIT,6,0,36,1,16,5,14,1,1,20.18
101045,BIZ_BANK,18,1,30,1,7,6,11,5,1,20.82
101033,ACC_OPEN,25,1,10,1,7,3,12,1,0,58.84
101078,ATM_CDM,8,1,19,1,4,5,9,5,1,10.9
101033,CREDIT_CARD,12,1,9,1,3,4,11,3,1,4.76
101056,CUST_SVC,10,0,38,1,13,7,10,5,1,33.22
101012,DEPOSIT,6,0,9,1,3,4,13,1,0,6.05
101045,WITHDRAW,5,1,3,1,2,3,12,1,0,3.65
101045,ATM_CDM,8,0,16,0,3,2,13,4,0,9.64
101033,DEPOSIT,6,1,11,1,4,4,10,3,1,7.91
101078,ATM_CDM,8,1,7,1,4,4,13,1,0,7.34
101033,ACC_OPEN,25,0,36,1,10,5,16,1,1,52.97
101045,CUST_SVC,10,1,3,1,1,2,12,3,0,5.65
101033,ATM_CDM,8,1,14,1,6,4,10,3,1,13.39
101056,BIZ_BANK,18,1,14,1,7,8,14,5,1,20.31
101056,CUST_SVC,10,1,8,1,6,3,12,5,0,18.71
101078,DEPOSIT,6,1,7,1,0,7,9,4,1,0.97
101012,ATM_CDM,8,1,17,1,9,6,15,5,1,17.15
101033,ACC_OPEN,25,1,12,1,4,2,13,2,0,51.23
101012,CREDIT_CARD,12,1,16,1,12,6,15,5,1,29.68
101056,LOAN,30,1,34,1,10,4,10,5,1,90.0
101045,ACC_OPEN,25,0,9,1,2,4,14,1,1,6.02
101012,CREDIT_CARD,12,1,30,1,12,5,14,1,1,33.21
101056,CREDIT_CARD,12,1,21,1,7,4,12,1,0,14.62
101045,CUST_SVC,10,1,9,1,2,4,16,1,1,7.67
101045,WITHDRAW,5,0,8,0,3,6,9,3,1,3.85
101045,ONLINE_SUP,12,0,20,1,6,3,13,2,0,20.5
101033,DEPOSIT,6,0,9,1,1,4,13,5,0,0.66
101045,INVEST,22,1,2,1,3,4,12,2,0,17.25
101078,ATM_CDM,8,1,39,1,10,6,9,3,1,13.57
101045,CREDIT_CARD,12,0,11,1,1,5,11,5,1,2.44
101078,INVEST,22,1,8,1,11,4,11,1,1,63.69
101045,ACC_OPEN,25,1,23,1,5,4,15,2,1,33.7
101056,ONLINE_SUP,12,1,2,1,4,7,9,3,1,10.3
101056,DEPOSIT,6,1,26,1,8,4,15,3,1,11.99
101078,DEPOSIT,6,1,20,1,7,4,9,5,1,10.55
101078,FIXED_DEP,15,1,5,1,4,2,12,3,0,26.3
101078,FIXED_DEP,15,1,10,1,3,3,12,3,0,10.45
101056,DEPOSIT,6,0,1,1,11,5,11,5,1,11.94
101056,ATM_CDM,8,1,20,1,10,5,9,2,1,16.64
101045,CREDIT_CARD,12,1,26,1,7,2,13,4,0,38.74
101033,WITHDRAW,5,0,13,1,6,4,16,5,1,8.77
101078,CREDIT_CARD,12,0,5,1,4,5,16,5,1,10.19
101045,CUST_SVC,10,1,12,1,2,5,15,5,1,4.79
101033,ATM_CDM,8,0,15,1,4,7,15,1,1,8.57
101078,ATM_CDM,8,1,15,1,2,3,12,1,0,3.2
101056,ATM_CDM,8,0,6,1,11,4,12,5,0,16.65
101033,LOAN,30,0,14,1,5,7,15,3,1,19.16
101033,REMITTANCE,10,1,24,1,6,7,9,3,1,12.15
101012,WITHDRAW,5,1,39,1,10,5,15,5,1,8.35
101033,ATM_CDM,8,1,18,1,7,5,9,4,1,12.29
101056,DEPOSIT,6,0,2,1,7,7,14,4,1,4.88
101045,CREDIT_CARD,12,1,12,1,8,4,13,1,0,12.82
101033,ACC_OPEN,25,1,8,1,2,7,14,3,1,7.09
101056,LOAN,30,1,25,1,7,7,15,2,1,29.4
101078,DEPOSIT,6,1,4,1,1,2,12,1,0,2.78
101033,DEPOSIT,6,1,1,1,11,4,14,1,1,25.68
101045,REMITTANCE,10,1,8,1,4,4,9,1,1,14.14
101033,LOAN,30,0,21,1,6,2,13,2,0,90.0
101033,CUST_SVC,10,1,13,1,7,3,13,5,0,23.07
101033,DEPOSIT,6,1,5,1,0,5,14,2,1,1.07
101012,LOAN,30,1,19,1,7,4,9,5,1,71.76
101078,DEPOSIT,6,1,23,1,6,4,13,5,0,9.03
101078,INVEST,22,1,18,1,9,4,10,5,1,63.17
101012,CREDIT_CARD,12,0,18,1,9,6,14,4,1,17.98
101045,INSURANCE,20,0,27,1,9,7,11,3,1,11.92
101056,BIZ_BANK,18,1,3,1,4,6,11,3,1,11.75
101078,ATM_CDM,8,1,2,1,8,3,13,5,0,12.12
101045,REMITTANCE,10,1,32,1,9,6,11,5,1,18.6
101033,DEPOSIT,6,1,34,1,10,4,11,2,1,9.86
101033,CUST_SVC,10,1,9,1,6,2,13,1,0,30.05
101012,DEPOSIT,6,1,18,1,9,4,15,5,1,11.12
101056,CREDIT_CARD,12,1,25,1,6,3,13,2,0,20.85
101056,CREDIT_CARD,12,1,26,1,10,7,9,5,1,23.5
101033,ATM_CDM,8,1,38,1,11,5,11,1,1,13.36
101078,ACC_OPEN,25,1,13,1,5,7,15,1,1,19.0
101033,BIZ_BANK,18,1,17,1,14,6,11,1,1,44.15
101056,CUST_SVC,10,0,5,1,2,3,12,1,0,7.38
101012,ATM_CDM,8,0,8,1,2,5,11,3,1,2.04
101033,ATM_CDM,8,0,15,1,4,6,16,5,1,3.61
101078,FIXED_DEP,15,1,16,1,5,6,11,5,1,11.51
101056,DEPOSIT,6,1,11,1,6,5,14,3,1,7.98
101033,WITHDRAW,5,0,3,1,5,7,9,3,1,3.86
101056,BIZ_BANK,18,1,9,1,2,6,16,4,1,9.81
101056,ONLINE_SUP,12,1,36,1,12,7,14,1,1,24.86
101033,CREDIT_CARD,12,1,19,1,4,5,16,1,1,12.99
101078,FIXED_DEP,15,1,8,1,3,7,9,4,1,10.49
101078,ATM_CDM,8,0,19,1,4,4,16,2,1,8.93
101033,ATM_CDM,8,1,6,1,7,3,16,4,1,23.3
101056,DEPOSIT,6,1,22,1,11,5,16,1,1,16.39
101045,DEPOSIT,6,1,6,1,6,6,15,5,1,3.08
101045,LOAN,30,1,33,1,8,4,13,1,0,74.14
101012,DEPOSIT,6,1,1,1,5,3,12,2,0,15.46
101012,ATM_CDM,8,1,11,1,14,6,15,1,1,22.92
101078,ATM_CDM,8,0,13,1,9,6,15,1,1,14.02
101056,FIXED_DEP,15,0,5,1,2,5,9,3,1,5.17
101045,ATM_CDM,8,1,35,1,12,6,9,5,1,16.19
101045,REMITTANCE,10,1,10,1,5,4,14,5,1,12.18
101012,BIZ_BANK,18,1,19,1,9,5,9,5,1,57.6
101012,INSURANCE,20,1,15,1,10,7,15,5,1,48.02
101012,CUST_SVC,10,1,20,1,9,6,15,2,1,7.65
101012,REMITTANCE,10,1,2,1,5,6,9,3,1,12.27
101045,DEPOSIT,6,1,4,1,5,7,16,5,1,2.4
101033,DEPOSIT,6,1,5,1,1,4,13,4,0,2.47
101012,ATM_CDM,8,1,43,1,13,7,14,1,1,25.72
101012,ATM_CDM,8,1,5,1,16,4,11,1,1,50.83
101078,CUST_SVC,10,0,22,1,8,6,10,2,1,13.21
101033,INSURANCE,20,0,26,1,7,6,10,3,1,35.26
101078,INSURANCE,20,1,6,1,3,6,10,3,1,16.71
101078,ATM_CDM,8,0,23,1,5,5,16,5,1,7.02
101033,CUST_SVC,10,1,29,1,7,4,13,3,0,15.87
101033,CUST_SVC,10,1,19,1,5,4,9,2,1,15.78
101078,CREDIT_CARD,12,1,1,1,10,4,14,1,1,43.05
101033,DEPOSIT,6,1,25,1,6,5,10,1,1,6.55
101033,ATM_CDM,8,1,13,1,5,4,15,1,1,8.37
101078,CUST_SVC,10,1,3,1,6,5,16,4,1,11.31
101056,DEPOSIT,6,1,8,1,6,5,11,3,1,7.45
101045,DEPOSIT,6,0,1,1,8,5,14,1,1,12.61
101045,LOAN,30,1,3,1,3,6,11,3,1,11.14
101056,ACC_OPEN,25,1,19,1,6,6,11,2,1,28.52
101056,LOAN,30,1,8,1,7,5,9,3,1,34.09
101078,INVEST,22,1,1,1,9,4,9,1,1,74.76
101078,CREDIT_CARD,12,1,3,1,5,5,16,4,1,18.01
101078,BIZ_BANK,18,0,3,1,2,2,13,1,0,13.93
101078,ATM_CDM,8,1,4,1,8,7,15,3,1,7.55
101033,ATM_CDM,8,1,12,1,3,2,13,4,0,15.79
101012,ATM_CDM,8,1,4,1,9,6,16,4,1,7.75
101012,DEPOSIT,6,0,11,1,10,6,16,2,1,2.19
101078,CREDIT_CARD,12,1,8,1,5,4,9,2,1,22.44
101045,ATM_CDM,8,1,33,1,8,6,14,4,1,9.69
101045,INSURANCE,20,1,1,1,3,5,11,4,1,15.28
101033,CUST_SVC,10,1,19,1,7,5,10,3,1,9.67
101078,ACC_OPEN,25,1,1,1,5,4,11,3,1,33.11
101033,DEPOSIT,6,1,12,1,7,4,11,5,1,15.8
101056,CREDIT_CARD,12,1,36,1,9,6,11,4,1,18.79
101078,CREDIT_CARD,12,1,10,1,4,5,14,4,1,13.88
101078,DEPOSIT,6,1,2,1,7,6,15,5,1,10.78
101045,DEPOSIT,6,0,3,0,7,8,9,5,1,6.15
101056,DEPOSIT,6,1,18,1,6,5,15,3,1,11.91
101012,ATM_CDM,8,1,26,1,7,6,10,4,1,7.79
101012,REMITTANCE,10,1,3,1,4,8,10,2,1,7.35
101012,LOAN,30,1,29,1,7,6,9,4,1,57.15
101012,CUST_SVC,10,1,20,1,7,4,13,4,0,22.9
101056,DEPOSIT,6,1,10,1,2,3,13,1,0,4.41
101012,DEPOSIT,6,1,23,1,5,5,15,3,1,8.18
101056,BIZ_BANK,18,0,26,1,9,6,15,2,1,20.0
101012,REMITTANCE,10,0,30,1,11,6,9,1,1,12.31
101012,CUST_SVC,10,1,47,1,18,6,10,3,1,28.0
101012,CUST_SVC,10,1,3,1,10,7,10,5,1,12.5
101033,LOAN,30,1,10,1,8,8,10,1,1,56.18
101045,ACC_OPEN,25,1,22,1,7,6,9,3,1,25.46
101056,CREDIT_CARD,12,0,3,1,9,5,9,4,1,20.94
101012,WITHDRAW,5,1,37,1,17,5,14,1,1,20.01
101033,LOAN,30,1,15,1,6,7,9,2,1,31.36
101045,CREDIT_CARD,12,1,15,1,3,3,16,5,1,18.02
101056,ATM_CDM,8,0,6,0,1,5,9,3,1,2.0
101056,INSURANCE,20,0,25,0,11,8,9,5,1,36.68
101033,INSURANCE,20,1,14,1,7,4,14,4,1,59.34
101045,INSURANCE,20,1,5,1,4,4,13,3,0,23.44
101012,LOAN,30,1,19,1,5,2,12,4,0,71.38
101045,CUST_SVC,10,1,9,1,3,7,11,4,1,3.1
101045,WITHDRAW,5,1,20,1,4,7,9,2,1,5.67
101033,REMITTANCE,10,0,26,1,9,4,10,1,1,17.78
101056,CREDIT_CARD,12,1,9,1,8,4,15,1,1,24.21
101033,ONLINE_SUP,12,0,20,1,9,5,15,1,1,28.14
101033,LOAN,30,1,23,1,12,6,10,1,1,73.0
101078,CUST_SVC,10,1,4,1,0,4,12,4,0,0.0
101045,CUST_SVC,10,1,9,1,2,5,16,2,1,4.44
101012,LOAN,30,1,6,1,9,5,9,2,1,50.76
101078,LOAN,30,1,14,1,3,6,14,3,1,17.8
101012,LOAN,30,1,17,1,6,4,9,4,1,61.14
101033,CUST_SVC,10,0,15,1,6,5,9,1,1,10.98
101078,CREDIT_CARD,12,1,22,1,7,5,15,3,1,19.56
101056,FIXED_DEP,15,1,23,1,8,4,16,1,1,34.12
101045,CREDIT_CARD,12,1,2,1,6,4,16,5,1,15.13
101012,CREDIT_CARD,12,0,28,1,9,2,13,1,0,58.2
101045,ATM_CDM,8,1,6,1,3,6,14,5,1,6.65
101012,INVEST,22,0,15,1,14,6,14,1,1,55.78
101012,ATM_CDM,8,0,10,1,3,4,10,1,1,7.04
101056,LOAN,30,1,12,1,9,5,16,1,1,60.76
101045,BIZ_BANK,18,0,24,0,9,6,9,4,1,40.79
101056,ACC_OPEN,25,1,6,1,5,5,14,2,1,24.05
101056,BIZ_BANK,18,1,9,1,7,4,11,2,1,37.27
101045,REMITTANCE,10,1,16,1,4,6,9,3,1,5.77
101012,ACC_OPEN,25,1,24,1,10,5,15,3,1,30.24
101012,BIZ_BANK,18,1,18,1,4,2,12,5,0,56.76
101033,CREDIT_CARD,12,1,18,1,5,5,11,3,1,8.86
101033,ACC_OPEN,25,1,9,1,7,5,9,1,1,50.77
101056,CUST_SVC,10,1,1,1,6,5,11,3,1,10.15
101056,WITHDRAW,5,1,8,1,1,2,13,2,0,1.36
101045,FIXED_DEP,15,1,9,1,2,8,9,4,1,3.81
101045,REMITTANCE,10,0,27,1,6,5,16,1,1,8.0
101056,LOAN,30,1,14,1,2,4,9,2,1,12.23
101045,FIXED_DEP,15,1,8,1,6,5,15,4,1,12.49
101033,DEPOSIT,6,0,7,1,5,5,15,1,1,5.01
101045,CREDIT_CARD,12,0,14,1,5,2,13,3,0,37.32
101033,ONLINE_SUP,12,1,13,1,4,7,10,3,1,7.7
101056,DEPOSIT,6,1,29,1,8,6,14,1,1,6.36
101012,ACC_OPEN,25,0,26,1,11,7,16,4,1,30.22
101045,ATM_CDM,8,0,9,1,5,4,9,4,1,7.29
101045,CREDIT_CARD,12,0,6,1,6,5,11,4,1,8.81
101056,ATM_CDM,8,0,11,1,2,2,12,2,0,7.67
101012,ACC_OPEN,25,1,37,1,11,5,10,5,1,35.91
101045,DEPOSIT,6,1,6,1,9,6,10,2,1,11.99
101045,ATM_CDM,8,0,21,1,6,7,11,3,1,10.14
101056,INVEST,22,0,5,1,2,4,12,1,0,8.53
101078,DEPOSIT,6,0,13,1,7,5,16,2,1,4.91
101045,FIXED_DEP,15,0,8,1,7,4,10,5,1,16.79
101056,INSURANCE,20,1,18,1,10,4,16,5,1,52.87
101033,CREDIT_CARD,12,1,3,1,7,6,15,1,1,13.46
101078,FIXED_DEP,15,0,9,0,4,5,14,4,1,13.7
101045,ONLINE_SUP,12,1,20,1,7,4,10,4,1,24.45
101078,ONLINE_SUP,12,1,25,1,9,7,14,1,1,21.55
101045,ATM_CDM,8,0,24,1,10,5,15,1,1,16.57
101012,DEPOSIT,6,1,15,1,14,5,15,5,1,27.57
101033,CREDIT_CARD,12,1,17,1,8,4,15,3,1,22.67
101045,ACC_OPEN,25,1,2,1,5,4,10,2,1,32.19
101056,CREDIT_CARD,12,1,9,1,4,2,13,2,0,26.13
101056,CUST_SVC,10,0,20,0,10,5,14,1,1,23.56
101045,REMITTANCE,10,1,9,1,4,5,14,5,1,7.56
101045,INVEST,22,1,3,1,6,4,13,5,0,24.3
101012,DEPOSIT,6,1,14,1,8,5,14,4,1,7.13
101012,REMITTANCE,10,1,29,1,12,8,14,2,1,14.72
101045,ACC_OPEN,25,1,4,1,5,2,13,2,0,65.27
101045,ACC_OPEN,25,1,26,1,8,8,10,5,1,46.24
101045,INSURANCE,20,1,14,1,10,7,10,5,1,36.35
101056,INSURANCE,20,0,20,1,9,4,10,5,1,32.62
101033,ONLINE_SUP,12,0,4,1,9,6,14,4,1,18.38
101056,WITHDRAW,5,0,45,1,14,5,16,5,1,11.33
101045,ACC_OPEN,25,0,2,1,2,4,13,2,0,14.03
101045,CREDIT_CARD,12,1,11,1,5,4,12,4,0,18.79
101033,INSURANCE,20,1,1,1,7,7,10,4,1,32.01
101045,DEPOSIT,6,1,13,1,3,3,13,4,0,5.8
101056,BIZ_BANK,18,1,3,1,7,4,13,5,0,35.3
101045,LOAN,30,1,25,1,6,6,14,1,1,51.57
101045,ATM_CDM,8,0,1,0,5,7,14,5,1,5.45
101078,CUST_SVC,10,1,4,1,5,6,10,5,1,9.69
101078,ATM_CDM,8,1,20,1,7,7,14,1,1,11.89
101033,CREDIT_CARD,12,0,23,1,7,7,14,4,1,10.28
101033,CREDIT_CARD,12,1,5,1,3,3,13,3,0,9.04
101033,BIZ_BANK,18,1,12,1,6,5,9,4,1,26.43
101033,ACC_OPEN,25,1,7,1,3,5,9,4,1,19.3
101056,BIZ_BANK,18,1,15,1,10,6,11,2,1,39.43
101078,CUST_SVC,10,1,16,1,3,6,15,4,1,5.33
101033,REMITTANCE,10,1,13,1,5,7,9,2,1,6.84
101056,LOAN,30,0,4,1,0,5,14,4,1,1.54
101078,INVEST,22,1,13,1,5,6,14,4,1,16.07
101033,DEPOSIT,6,1,3,1,10,6,10,2,1,14.49
101045,CUST_SVC,10,1,6,1,8,5,15,1,1,13.72
101056,LOAN,30,1,7,1,11,4,10,2,1,68.51
101012,DEPOSIT,6,1,4,1,7,4,13,2,0,11.65
101045,REMITTANCE,10,1,2,1,5,4,14,5,1,14.15
101045,DEPOSIT,6,1,16,1,6,5,10,1,1,6.36
101045,ATM_CDM,8,0,13,1,6,7,15,2,1,7.29
101045,FIXED_DEP,15,1,2,1,4,4,14,4,1,19.44
101078,DEPOSIT,6,1,41,1,11,5,9,2,1,13.54
101056,INSURANCE,20,1,18,1,11,6,10,1,1,44.38
101078,ATM_CDM,8,1,10,1,1,5,15,2,1,4.17
101012,ATM_CDM,8,1,9,1,7,3,16,3,1,22.3
101078,ACC_OPEN,25,1,12,1,2,2,13,5,0,32.01
101045,ATM_CDM,8,1,4,1,1,6,15,2,1,0.01
101078,CREDIT_CARD,12,1,16,1,8,4,15,1,1,31.14
101078,LOAN,30,1,3,1,6,6,10,4,1,37.58
101078,CREDIT_CARD,12,1,25,1,8,3,16,5,1,34.74
101056,DEPOSIT,6,1,5,1,3,4,14,3,1,4.86
101045,FIXED_DEP,15,1,4,1,4,4,13,5,0,15.63
101033,CREDIT_CARD,12,0,9,1,6,5,9,2,1,7.81
101078,ACC_OPEN,25,1,14,1,4,5,11,3,1,22.04
101056,CUST_SVC,10,1,16,1,11,4,11,1,1,27.16
101012,ACC_OPEN,25,0,24,1,18,4,10,5,1,90.0
101012,CREDIT_CARD,12,1,17,1,9,4,16,5,1,27.28
101078,CUST_SVC,10,1,21,1,6,4,13,5,0,14.76
101056,REMITTANCE,10,1,16,1,9,6,10,2,1,22.74
101045,ACC_OPEN,25,1,11,1,8,4,13,2,0,64.31
101078,CREDIT_CARD,12,1,11,1,13,6,11,1,1,29.55
101045,CUST_SVC,10,1,6,1,5,6,11,3,1,6.33
101012,CREDIT_CARD,12,1,41,1,11,4,9,1,1,37.79
101056,BIZ_BANK,18,1,36,1,10,4,15,5,1,39.67
101078,ACC_OPEN,25,1,32,1,9,6,10,4,1,57.43
101056,ACC_OPEN,25,1,1,1,1,5,10,1,1,8.65
101033,FIXED_DEP,15,1,4,1,6,4,11,1,1,17.94
101056,LOAN,30,1,32,1,14,8,10,5,1,90.0
101033,LOAN,30,1,23,1,7,5,16,2,1,30.48
101045,ATM_CDM,8,1,11,1,6,4,13,1,0,20.06
101012,INSURANCE,20,1,12,1,3,4,12,5,0,16.03
101012,CUST_SVC,10,1,1,1,9,4,10,1,1,33.3
101012,LOAN,30,1,33,1,10,5,10,4,1,28.9
101012,CUST_SVC,10,0,5,1,12,7,15,5,1,15.02
101045,FIXED_DEP,15,0,14,1,8,5,14,3,1,24.83
101078,FIXED_DEP,15,0,10,1,2,7,14,2,1,3.89
101056,ATM_CDM,8,1,16,1,7,5,10,4,1,12.82
101078,INSURANCE,20,0,8,1,1,4,13,5,0,4.12
101033,DEPOSIT,6,1,28,1,7,2,12,4,0,21.48
101012,CUST_SVC,10,1,6,1,5,6,9,2,1,13.85
101012,REMITTANCE,10,1,38,1,12,5,10,4,1,21.43
101045,CUST_SVC,10,1,16,1,8,6,11,5,1,15.02
101012,LOAN,30,1,8,1,11,7,15,1,1,30.73
101056,ONLINE_SUP,12,0,30,1,7,7,11,3,1,12.77
101012,DEPOSIT,6,1,20,1,10,6,11,4,1,15.51
101045,CREDIT_CARD,12,1,8,1,3,4,15,2,1,9.87
101033,ONLINE_SUP,12,0,17,0,4,3,16,5,1,17.51
101045,REMITTANCE,10,1,7,1,3,2,13,5,0,14.07
101045,INVEST,22,1,31,1,8,5,9,1,1,51.16
101045,DEPOSIT,6,0,14,1,9,4,11,3,1,10.47
101033,ACC_OPEN,25,1,25,1,13,6,10,5,1,90.0
101033,BIZ_BANK,18,1,12,1,3,6,14,1,1,9.09
101012,CREDIT_CARD,12,1,12,1,14,6,14,1,1,35.86
101012,CREDIT_CARD,12,0,39,1,10,6,15,2,1,20.05
101056,DEPOSIT,6,0,9,0,1,3,12,3,0,2.31
101033,CUST_SVC,10,1,30,1,9,6,15,1,1,10.62
101045,CREDIT_CARD,12,0,10,0,4,8,9,5,1,10.48
101056,ACC_OPEN,25,1,16,1,9,6,14,1,1,43.81
101056,ATM_CDM,8,0,6,1,7,6,15,1,1,10.97
101078,FIXED_DEP,15,1,10,1,10,6,11,1,1,32.09
101012,INVEST,22,0,4,1,2,7,14,4,1,5.29
101045,CUST_SVC,10,1,9,1,4,5,14,5,1,9.78
101045,DEPOSIT,6,0,8,0,2,4,11,2,1,5.02
101033,ONLINE_SUP,12,0,30,1,7,7,10,5,1,13.84
101078,REMITTANCE,10,1,15,1,4,4,16,3,1,12.61
101078,ACC_OPEN,25,1,15,1,4,8,14,1,1,16.39
101045,CREDIT_CARD,12,1,4,1,5,2,12,1,0,36.89
101033,CUST_SVC,10,1,18,1,5,5,11,1,1,11.38
101056,INVEST,22,1,34,1,12,6,14,5,1,65.92
101056,CUST_SVC,10,0,21,1,7,2,12,5,0,26.9
101012,REMITTANCE,10,1,31,1,10,6,10,1,1,22.9
101078,FIXED_DEP,15,1,37,1,11,7,15,3,1,37.62
101045,INVEST,22,1,6,1,7,6,9,5,1,42.02
101078,CUST_SVC,10,1,6,1,1,3,12,3,0,2.44
101012,ACC_OPEN,25,0,6,0,8,5,11,2,1,60.63
101056,CUST_SVC,10,0,4,1,8,5,10,1,1,12.12
101012,WITHDRAW,5,1,17,1,6,4,9,3,1,10.79
101033,ACC_OPEN,25,1,10,1,9,4,15,4,1,75.23
101078,BIZ_BANK,18,1,10,1,7,5,11,5,1,27.65
101012,CUST_SVC,10,0,11,1,7,7,10,3,1,7.22
101033,ONLINE_SUP,12,1,7,1,11,4,15,1,1,46.38
101045,INSURANCE,20,1,17,1,4,5,11,3,1,25.87
101056,WITHDRAW,5,0,1,1,8,4,13,2,0,14.09
101012,CUST_SVC,10,1,19,1,6,6,11,2,1,9.41
101078,ACC_OPEN,25,1,14,1,9,4,10,3,1,55.34
101045,BIZ_BANK,18,1,16,1,8,7,14,4,1,32.56
101078,ACC_OPEN,25,1,7,1,7,7,15,4,1,24.22
101056,WITHDRAW,5,1,23,1,6,4,16,1,1,4.87
101056,DEPOSIT,6,1,3,1,6,5,10,1,1,10.3
101056,DEPOSIT,6,0,12,1,2,3,12,2,0,6.19
101078,CUST_SVC,10,1,17,1,8,4,16,3,1,28.19
101012,CUST_SVC,10,1,38,1,11,8,9,3,1,14.41
101078,ACC_OPEN,25,1,4,1,1,6,16,4,1,4.8
101056,REMITTANCE,10,1,13,1,8,5,11,3,1,20.6
101012,ATM_CDM,8,0,39,1,13,7,15,1,1,5.1
101045,DEPOSIT,6,1,27,1,9,4,14,2,1,23.05
101045,CREDIT_CARD,12,0,12,0,4,5,11,5,1,15.89
101056,CUST_SVC,10,1,15,1,5,5,10,2,1,10.9
101012,DEPOSIT,6,0,40,1,20,4,15,1,1,31.98
101033,ACC_OPEN,25,1,8,1,0,3,12,2,0,0.62
101033,CUST_SVC,10,1,4,1,5,2,12,5,0,34.26
101045,CREDIT_CARD,12,1,2,1,0,2,13,2,0,1.22
101012,DEPOSIT,6,1,5,1,10,6,15,5,1,7.0
101078,CUST_SVC,10,0,1,1,1,4,14,4,1,1.49
101056,DEPOSIT,6,1,17,1,6,5,16,5,1,10.39
101045,ACC_OPEN,25,1,4,1,7,7,15,5,1,25.99
101012,INVEST,22,1,29,1,15,7,10,5,1,57.85
101078,CREDIT_CARD,12,1,16,1,4,5,11,3,1,10.45
101078,ACC_OPEN,25,1,10,1,8,6,14,4,1,38.07
101012,CUST_SVC,10,0,3,1,9,5,15,1,1,20.07
101078,INSURANCE,20,0,4,1,6,3,16,3,1,36.63
101045,DEPOSIT,6,0,17,1,3,4,9,3,1,3.94
101056,CUST_SVC,10,0,38,1,11,7,14,1,1,16.3
101012,LOAN,30,0,18,1,9,6,15,3,1,35.86
101012,CUST_SVC,10,1,15,1,8,4,14,4,1,20.45
101078,BIZ_BANK,18,0,10,1,3,3,13,2,0,11.33
101056,CREDIT_CARD,12,0,17,1,10,6,15,5,1,8.96
101012,BIZ_BANK,18,0,1,1,5,3,13,3,0,31.43
101045,LOAN,30,1,9,1,1,2,12,1,0,11.5
101045,ONLINE_SUP,12,1,20,1,6,6,14,1,1,10.28
101078,ONLINE_SUP,12,1,12,1,3,4,13,3,0,9.58
101033,CUST_SVC,10,0,5,1,2,3,13,2,0,7.07
101056,ATM_CDM,8,1,8,1,12,7,10,1,1,20.35
101056,WITHDRAW,5,1,22,1,7,7,9,5,1,4.57
101045,INVEST,22,1,12,1,3,4,11,1,1,22.4
101078,ACC_OPEN,25,1,2,1,11,5,14,1,1,81.32
101045,FIXED_DEP,15,1,12,1,5,5,11,2,1,16.59
101078,DEPOSIT,6,0,25,1,7,6,9,5,1,6.72
101012,ACC_OPEN,25,1,1,1,4,4,13,3,0,24.27
101033,INSURANCE,20,1,21,1,6,6,11,2,1,26.33
101012,DEPOSIT,6,1,23,1,10,6,10,5,1,8.66
101045,DEPOSIT,6,1,8,1,7,6,11,2,1,10.19
101045,FIXED_DEP,15,1,11,1,7,4,10,1,1,36.48
101033,DEPOSIT,6,0,16,1,12,6,10,1,1,10.28
101012,REMITTANCE,10,1,10,1,12,3,16,1,1,32.94
101045,ONLINE_SUP,12,1,29,1,13,4,10,3,1,83.44
101078,DEPOSIT,6,1,6,1,1,7,11,2,1,0.0
101012,CUST_SVC,10,0,6,1,5,3,16,4,1,14.99
101045,ATM_CDM,8,1,19,1,10,6,11,3,1,19.77
101045,CREDIT_CARD,12,0,13,1,7,5,16,3,1,20.85
101012,CUST_SVC,10,1,14,1,4,8,14,5,1,4.9
101033,REMITTANCE,10,1,19,1,8,6,9,1,1,19.0
101056,DEPOSIT,6,1,16,1,4,3,13,1,0,5.96
101078,LOAN,30,0,26,1,9,5,16,4,1,47.42
101056,DEPOSIT,6,1,11,1,7,6,10,2,1,7.11
101078,FIXED_DEP,15,1,14,1,5,8,10,2,1,10.85
101045,ATM_CDM,8,1,22,1,6,4,10,4,1,21.22
101056,ATM_CDM,8,1,19,1,8,6,14,2,1,13.97
101056,CREDIT_CARD,12,1,7,1,13,6,15,3,1,33.39
101056,CREDIT_CARD,12,1,2,1,13,4,9,3,1,50.89
101012,INVEST,22,1,11,1,11,4,16,5,1,81.14
101056,DEPOSIT,6,0,26,1,8,6,11,3,1,6.8
101033,ACC_OPEN,25,0,18,1,6,5,11,3,1,16.54
101056,ATM_CDM,8,1,27,1,10,7,15,2,1,15.98
101045,INVEST,22,0,23,1,7,4,15,1,1,30.44
101012,REMITTANCE,10,0,11,1,7,3,13,1,0,19.42
101056,CUST_SVC,10,1,14,1,6,3,13,5,0,17.84
101045,INSURANCE,20,1,29,1,11,5,9,5,1,42.8
101033,ATM_CDM,8,1,23,1,9,6,14,5,1,3.68
101045,CREDIT_CARD,12,1,9,1,3,3,12,1,0,6.96
101033,CUST_SVC,10,1,14,1,6,7,14,2,1,8.32
101056,CUST_SVC,10,0,7,1,4,2,13,4,0,24.64
101033,INVEST,22,1,7,1,9,5,9,1,1,67.84
101012,ACC_OPEN,25,1,10,1,9,6,15,4,1,40.45
101045,ATM_CDM,8,0,22,1,7,4,9,5,1,9.74
101078,DEPOSIT,6,1,1,1,2,4,14,4,1,2.4
101078,WITHDRAW,5,0,14,1,3,7,16,3,1,1.76
101012,DEPOSIT,6,1,12,1,13,7,10,5,1,15.37
101078,INVEST,22,0,20,1,5,6,15,1,1,12.62
101033,DEPOSIT,6,1,8,1,6,6,15,3,1,5.64
101033,CUST_SVC,10,1,5,1,8,4,10,2,1,27.29
101045,ATM_CDM,8,1,1,1,6,6,11,5,1,11.55
101045,INVEST,22,0,9,1,0,4,16,2,1,0.71
101045,CUST_SVC,10,1,10,1,6,5,15,2,1,8.18
101056,ACC_OPEN,25,1,12,1,8,5,16,3,1,55.8
101033,INVEST,22,1,6,1,8,8,15,5,1,24.91
101012,REMITTANCE,10,1,5,1,7,4,15,2,1,19.43
101056,INSURANCE,20,1,32,1,10,7,10,1,1,41.03
101078,ATM_CDM,8,0,2,1,9,5,9,4,1,7.95
101012,FIXED_DEP,15,0,28,1,8,5,11,5,1,21.99
101012,ACC_OPEN,25,1,8,1,7,6,11,1,1,31.5
101033,LOAN,30,1,7,1,1,7,16,3,1,3.61
101012,BIZ_BANK,18,1,10,1,15,7,15,1,1,50.56
101078,BIZ_BANK,18,1,18,1,3,7,15,2,1,9.25
101012,LOAN,30,1,41,1,13,7,14,1,1,62.42
101012,INSURANCE,20,1,18,1,4,4,12,1,0,14.96
101056,WITHDRAW,5,1,2,1,8,8,9,1,1,6.13
101078,INVEST,22,1,12,1,4,3,12,1,0,22.2
101045,CUST_SVC,10,1,8,1,1,4,9,5,1,3.49
101033,CUST_SVC,10,0,13,1,10,8,10,3,1,18.3
101012,CREDIT_CARD,12,0,1,1,4,3,12,2,0,18.2
101056,ATM_CDM,8,1,37,1,10,7,15,1,1,14.35
101056,CREDIT_CARD,12,1,8,1,2,7,10,2,1,4.18
101033,CREDIT_CARD,12,1,8,1,6,7,11,2,1,11.11
101078,FIXED_DEP,15,0,3,1,8,6,10,3,1,16.9
101033,CREDIT_CARD,12,1,8,1,6,4,15,1,1,12.52
101012,ACC_OPEN,25,1,14,1,2,3,13,4,0,15.88
101012,CUST_SVC,10,1,20,1,6,5,14,1,1,6.11
101033,LOAN,30,0,5,1,5,6,9,3,1,9.02
101045,ACC_OPEN,25,1,13,1,3,6,11,2,1,8.93
101033,ATM_CDM,8,0,38,1,10,5,16,1,1,13.06
101033,ATM_CDM,8,0,31,0,8,4,15,2,1,10.86
101078,DEPOSIT,6,1,9,1,3,2,13,1,0,9.32
101056,ATM_CDM,8,1,22,1,6,5,16,2,1,12.96
101056,INVEST,22,1,13,1,3,6,15,3,1,7.0
101033,ATM_CDM,8,0,42,1,18,5,15,1,1,28.29
101012,INVEST,22,1,27,1,10,4,12,5,0,65.16
101033,CUST_SVC,10,1,27,1,8,5,14,5,1,28.26
101078,FIXED_DEP,15,1,13,1,3,3,13,5,0,13.33
101033,FIXED_DEP,15,1,21,1,6,6,9,3,1,13.88
101078,CUST_SVC,10,1,22,1,8,6,9,1,1,21.33
101045,ATM_CDM,8,1,41,1,13,6,14,1,1,26.08
101045,ACC_OPEN,25,1,20,1,7,5,9,1,1,35.28
101012,ACC_OPEN,25,1,6,1,9,6,15,2,1,53.69
101056,ACC_OPEN,25,0,5,1,7,4,10,2,1,62.29
101045,ACC_OPEN,25,1,14,1,3,6,11,4,1,16.86
101045,ATM_CDM,8,1,8,1,6,6,11,1,1,4.89
101078,CUST_SVC,10,0,11,1,3,2,13,3,0,12.98
101078,REMITTANCE,10,0,12,1,7,4,16,5,1,17.97
101012,ACC_OPEN,25,1,26,1,11,5,16,2,1,62.49
101056,REMITTANCE,10,1,6,1,7,5,14,5,1,15.15
101033,BIZ_BANK,18,1,12,1,2,5,16,5,1,10.1
101078,CUST_SVC,10,0,23,1,9,4,15,3,1,23.74
101056,REMITTANCE,10,0,11,1,2,4,13,1,0,4.26
101033,FIXED_DEP,15,1,10,1,5,8,10,4,1,6.66
101078,INSURANCE,20,1,16,1,9,4,9,2,1,60.5
101056,DEPOSIT,6,0,22,1,13,5,10,4,1,12.2
101033,WITHDRAW,5,0,10,1,6,8,10,5,1,2.91
101056,ACC_OPEN,25,0,3,1,4,4,9,1,1,35.29
101056,CREDIT_CARD,12,1,13,1,5,4,12,2,0,12.88
101033,INSURANCE,20,0,3,1,8,3,13,5,0,23.32
101056,DEPOSIT,6,0,26,0,6,5,11,5,1,9.03
101078,DEPOSIT,6,0,5,1,6,6,10,5,1,4.16
101012,INVEST,22,1,26,1,8,6,15,4,1,26.75
101045,BIZ_BANK,18,1,13,1,9,7,15,5,1,28.36
101033,WITHDRAW,5,1,27,1,9,4,11,1,1,11.43
101012,BIZ_BANK,18,0,10,1,11,4,15,3,1,52.67
101056,ACC_OPEN,25,1,18,1,8,7,10,2,1,30.19
101012,DEPOSIT,6,1,27,1,11,7,14,5,1,7.74
101045,CUST_SVC,10,1,10,1,1,6,9,4,1,1.7
101012,DEPOSIT,6,0,37,1,12,4,16,4,1,22.5
101078,WITHDRAW,5,0,11,1,3,5,9,3,1,1.4
101078,FIXED_DEP,15,0,17,0,4,5,14,2,1,13.56
101045,ACC_OPEN,25,0,37,1,12,6,9,3,1,49.82
101078,INVEST,22,1,10,1,5,5,14,4,1,14.23
101078,CUST_SVC,10,0,4,1,8,5,11,1,1,23.37
101078,ONLINE_SUP,12,1,4,1,10,6,11,3,1,21.13
101012,INSURANCE,20,1,10,1,16,4,10,4,1,90.0
101045,DEPOSIT,6,1,4,1,4,3,16,1,1,4.91
101078,FIXED_DEP,15,1,12,1,5,7,9,1,1,17.97
101045,ATM_CDM,8,1,8,1,2,4,9,5,1,5.46
101078,CUST_SVC,10,0,33,0,11,5,10,1,1,41.24
101012,REMITTANCE,10,1,5,1,13,4,9,5,1,44.35
101033,DEPOSIT,6,1,27,1,7,5,16,1,1,10.94
101078,WITHDRAW,5,1,6,1,5,5,16,1,1,9.14
101056,DEPOSIT,6,0,7,1,11,4,10,1,1,5.3
101078,LOAN,30,1,20,1,6,6,15,3,1,48.51
101033,ONLINE_SUP,12,1,20,1,6,5,10,3,1,17.56
101056,ACC_OPEN,25,0,3,1,15,4,11,2,1,90.0
101045,ONLINE_SUP,12,1,24,1,7,5,14,1,1,15.07
101078,ATM_CDM,8,1,10,1,3,4,14,4,1,11.61
101012,CUST_SVC,10,1,5,1,9,3,16,5,1,43.55
101056,REMITTANCE,10,0,19,0,14,3,16,1,1,43.67
101012,BIZ_BANK,18,1,18,1,7,7,10,4,1,19.4
101012,LOAN,30,1,10,1,5,5,9,5,1,38.21
101045,DEPOSIT,6,0,21,1,6,4,13,1,0,8.41
101056,FIXED_DEP,15,1,22,1,6,8,9,4,1,6.87
101033,INSURANCE,20,0,2,0,8,4,14,5,1,56.12
101078,CREDIT_CARD,12,1,15,1,4,2,12,4,0,33.49
101078,REMITTANCE,10,1,5,1,1,6,14,4,1,2.14
101012,BIZ_BANK,18,1,14,1,11,3,13,5,0,63.74
101012,CUST_SVC,10,1,36,1,13,7,15,2,1,19.03
101078,ATM_CDM,8,1,38,1,10,6,14,5,1,17.57
101078,CUST_SVC,10,0,10,1,5,8,15,4,1,4.76
101012,FIXED_DEP,15,1,13,1,9,5,9,5,1,15.16
101012,BIZ_BANK,18,1,20,1,6,5,14,4,1,25.06
101078,CUST_SVC,10,1,7,1,6,8,9,4,1,6.71
101078,INVEST,22,0,20,1,6,5,9,2,1,23.9
101045,INVEST,22,1,5,1,2,4,13,2,0,7.05
101078,CUST_SVC,10,1,2,1,7,4,10,4,1,21.93
101045,ATM_CDM,8,0,27,1,6,4,16,4,1,9.33
101056,DEPOSIT,6,0,16,1,12,6,10,2,1,6.87
101056,ACC_OPEN,25,1,16,1,5,6,14,2,1,22.85
101012,CUST_SVC,10,1,38,1,10,7,15,5,1,13.68
101033,ATM_CDM,8,1,3,1,8,7,11,5,1,14.4
101078,ATM_CDM,8,0,21,1,4,2,12,1,0,13.6
101078,ATM_CDM,8,1,20,1,9,5,15,5,1,13.49
101078,ACC_OPEN,25,1,17,1,8,7,10,5,1,25.07
101033,ATM_CDM,8,1,23,1,10,6,14,1,1,14.27
101012,ATM_CDM,8,1,1,1,9,7,15,5,1,15.06
101045,INVEST,22,1,14,1,9,3,16,2,1,41.14
101012,LOAN,30,0,4,1,6,6,14,1,1,5.86
101056,CUST_SVC,10,1,13,1,9,6,10,1,1,20.85
101012,LOAN,30,0,22,1,10,8,11,5,1,35.66
101078,LOAN,30,0,12,0,8,4,15,2,1,90.0
101078,ATM_CDM,8,1,19,1,5,3,13,2,0,12.2
101033,CUST_SVC,10,1,17,1,7,7,14,2,1,6.19
101012,CUST_SVC,10,1,9,1,5,3,12,1,0,17.07
101078,REMITTANCE,10,0,21,0,6,6,10,5,1,15.62
101033,CREDIT_CARD,12,1,7,1,5,2,13,2,0,15.18
101045,CUST_SVC,10,0,9,1,5,6,10,5,1,4.13
101078,INVEST,22,1,16,1,10,7,10,2,1,23.9
101078,CREDIT_CARD,12,0,8,1,1,3,13,5,0,3.13
101012,ATM_CDM,8,0,10,1,11,3,16,1,1,27.61
101056,INSURANCE,20,0,10,1,2,4,11,4,1,9.67
101056,FIXED_DEP,15,1,22,1,8,8,11,2,1,25.0
101056,LOAN,30,1,12,1,11,4,14,3,1,90.0
101045,CREDIT_CARD,12,0,5,1,10,5,10,3,1,7.6
101033,ATM_CDM,8,0,11,1,9,4,15,1,1,18.06
101033,WITHDRAW,5,1,13,1,8,6,14,3,1,7.45
101056,INSURANCE,20,0,15,1,9,4,11,3,1,34.67
101012,WITHDRAW,5,1,42,1,12,6,15,1,1,6.08
101045,CUST_SVC,10,1,37,1,10,7,11,5,1,14.4
101033,ACC_OPEN,25,1,1,1,8,5,10,5,1,32.76
101056,ATM_CDM,8,1,13,1,7,7,11,1,1,9.62
101045,DEPOSIT,6,1,2,1,2,5,10,4,1,4.54
101012,ATM_CDM,8,0,3,1,5,5,16,2,1,8.71
101012,ACC_OPEN,25,1,16,1,8,6,16,4,1,49.37
101056,ATM_CDM,8,1,1,1,6,6,15,4,1,7.46
101033,CUST_SVC,10,1,9,1,8,6,15,3,1,12.93
101078,CUST_SVC,10,1,1,1,6,5,14,3,1,19.27
101078,DEPOSIT,6,0,21,1,7,4,12,5,0,4.46
101056,ATM_CDM,8,0,17,1,7,3,16,5,1,14.07
101045,DEPOSIT,6,0,37,1,10,6,10,3,1,11.19
101045,FIXED_DEP,15,1,20,1,6,7,11,5,1,14.43
101012,REMITTANCE,10,1,27,1,14,5,10,3,1,27.09
101056,REMITTANCE,10,0,11,1,2,3,16,1,1,5.69
101078,ATM_CDM,8,1,13,1,7,5,10,1,1,15.51
101033,ATM_CDM,8,1,22,1,9,5,10,4,1,12.09
101012,ATM_CDM,8,1,15,1,8,3,12,1,0,25.1
101012,ATM_CDM,8,1,2,1,1,4,12,4,0,0.9
101012,INVEST,22,1,21,1,15,4,9,1,1,83.77
101012,ACC_OPEN,25,1,22,1,12,5,15,1,1,53.58
101012,ACC_OPEN,25,1,10,1,8,7,14,5,1,29.4
101056,INVEST,22,1,9,1,4,5,16,3,1,7.01
101012,INSURANCE,20,1,16,1,15,7,10,5,1,38.92
101045,ATM_CDM,8,1,8,1,0,4,9,5,1,0.04
101078,DEPOSIT,6,1,28,1,10,6,11,3,1,14.26
101078,DEPOSIT,6,1,3,1,0,2,12,5,0,1.54
101012,CUST_SVC,10,0,22,1,5,5,14,1,1,11.82
101012,CREDIT_CARD,12,1,8,1,2,3,12,5,0,5.23
101056,FIXED_DEP,15,0,37,1,13,4,9,1,1,47.92
101056,LOAN,30,1,32,1,9,4,14,2,1,88.78
101033,ACC_OPEN,25,1,14,1,11,4,14,5,1,83.57
101012,ONLINE_SUP,12,0,15,1,3,3,12,1,0,13.44
101012,BIZ_BANK,18,1,21,1,6,8,15,2,1,6.44
101012,DEPOSIT,6,1,13,1,11,8,11,2,1,13.6
101012,CUST_SVC,10,0,10,1,10,4,15,4,1,24.07
101045,DEPOSIT,6,1,14,1,6,5,14,1,1,6.42
101045,CREDIT_CARD,12,1,14,1,4,6,11,1,1,3.72
101056,BIZ_BANK,18,1,40,1,14,5,10,4,1,53.08
101056,FIXED_DEP,15,0,11,0,7,4,11,4,1,10.76
101078,REMITTANCE,10,1,20,1,6,6,14,5,1,10.09
101012,CREDIT_CARD,12,1,19,1,12,4,10,5,1,40.53
101045,CREDIT_CARD,12,0,23,1,8,4,14,5,1,22.87
101012,WITHDRAW,5,0,1,1,9,5,11,5,1,4.31
101045,CUST_SVC,10,0,21,1,5,3,16,3,1,22.22
101033,ATM_CDM,8,0,23,1,5,3,13,4,0,6.44
101033,REMITTANCE,10,1,2,1,5,7,14,4,1,4.19
101078,DEPOSIT,6,1,7,1,5,6,10,3,1,2.46
101056,CREDIT_CARD,12,1,12,1,2,4,13,4,0,8.59
101045,LOAN,30,0,23,1,5,4,12,1,0,44.44
101012,DEPOSIT,6,0,9,1,12,7,15,1,1,10.69
101056,CREDIT_CARD,12,1,16,1,6,7,15,2,1,7.99
101033,ONLINE_SUP,12,1,29,1,11,7,14,1,1,19.24
101056,WITHDRAW,5,1,10,1,4,4,16,3,1,8.84
101056,CUST_SVC,10,0,38,1,10,6,14,4,1,18.94
101012,ATM_CDM,8,0,34,1,11,5,15,5,1,21.35
101045,INVEST,22,0,3,1,7,4,15,1,1,20.72
101033,ACC_OPEN,25,0,16,1,5,4,10,3,1,29.53
101078,CUST_SVC,10,1,25,1,8,7,16,2,1,12.72
101056,LOAN,30,1,6,1,6,6,11,3,1,32.13
101056,INSURANCE,20,1,26,1,9,4,11,2,1,61.01
101045,LOAN,30,1,18,1,3,6,10,4,1,17.41
101045,CREDIT_CARD,12,1,1,1,5,4,14,3,1,26.72
101045,BIZ_BANK,18,1,1,1,6,4,9,4,1,39.16
101033,INVEST,22,1,42,1,12,5,15,1,1,37.31
101045,DEPOSIT,6,0,26,1,8,7,15,3,1,7.47
101078,LOAN,30,1,5,1,1,4,16,3,1,7.09
101056,CREDIT_CARD,12,1,21,1,11,8,11,5,1,22.33
101045,CUST_SVC,10,1,5,1,2,4,16,2,1,6.37
101078,CUST_SVC,10,0,5,0,7,6,10,3,1,10.73
101056,INSURANCE,20,1,18,1,8,7,10,2,1,27.77
101045,ONLINE_SUP,12,1,10,1,3,2,13,1,0,15.6
101045,DEPOSIT,6,1,2,1,1,6,14,3,1,1.68
101045,ATM_CDM,8,0,9,1,8,4,11,3,1,18.86
101056,DEPOSIT,6,0,9,0,11,5,15,1,1,17.54
101056,INSURANCE,20,0,16,1,11,6,10,2,1,28.6
101012,ONLINE_SUP,12,0,10,1,6,6,9,5,1,6.16
101012,CUST_SVC,10,1,28,1,7,6,14,2,1,12.04
101056,BIZ_BANK,18,1,12,1,9,5,9,1,1,46.46
101078,ATM_CDM,8,1,2,1,1,4,16,3,1,2.99
101056,CUST_SVC,10,1,12,1,6,6,9,1,1,11.64
101033,CREDIT_CARD,12,1,10,1,6,3,13,1,0,22.64
101078,REMITTANCE,10,1,4,1,0,5,14,5,1,1.43
101012,ATM_CDM,8,1,40,1,16,5,10,1,1,33.83
101045,INSURANCE,20,1,50,1,15,7,9,2,1,54.17
101056,CREDIT_CARD,12,1,25,1,6,8,11,5,1,9.18
101078,CUST_SVC,10,1,22,1,11,7,9,1,1,26.29
101078,FIXED_DEP,15,0,15,1,4,4,13,4,0,13.96
101012,ACC_OPEN,25,0,4,1,7,2,12,1,0,69.91
101012,FIXED_DEP,15,1,16,1,12,4,10,4,1,88.78
101033,REMITTANCE,10,0,40,1,11,5,10,1,1,19.76
101012,CUST_SVC,10,1,7,1,7,8,10,3,1,8.08
101033,INVEST,22,1,31,1,9,6,9,5,1,52.41
101078,ATM_CDM,8,0,6,1,3,3,13,1,0,8.37
101033,INSURANCE,20,0,19,1,4,3,13,5,0,15.95
101012,INSURANCE,20,0,13,1,10,5,11,2,1,51.97
101045,LOAN,30,0,10,1,6,5,10,2,1,20.02
101056,ACC_OPEN,25,1,13,1,9,6,15,4,1,51.13
101056,REMITTANCE,10,0,4,1,4,4,12,4,0,8.81
101078,ATM_CDM,8,1,15,1,12,4,10,2,1,29.83
101033,INSURANCE,20,1,6,1,8,5,11,2,1,47.85
101045,CUST_SVC,10,0,18,0,3,5,9,3,1,9.87
101056,ATM_CDM,8,1,30,1,7,4,15,2,1,21.84
101078,CREDIT_CARD,12,1,2,1,3,5,11,4,1,8.55
101045,LOAN,30,1,11,1,8,5,11,2,1,74.93
101045,ATM_CDM,8,1,7,1,4,4,11,5,1,12.41
101056,CUST_SVC,10,1,19,1,6,7,9,3,1,8.8
101056,CUST_SVC,10,1,5,1,5,2,12,5,0,23.17
101012,DEPOSIT,6,1,9,1,4,4,13,2,0,8.88
101012,DEPOSIT,6,1,8,1,3,6,11,4,1,4.27
101056,CUST_SVC,10,1,18,1,12,7,15,1,1,25.3
101056,CUST_SVC,10,0,7,1,11,4,15,3,1,14.9
101056,CREDIT_CARD,12,0,34,1,10,8,11,1,1,13.98
101056,DEPOSIT,6,1,16,1,4,6,16,3,1,6.58
101033,DEPOSIT,6,1,3,1,5,3,13,2,0,14.08
101078,BIZ_BANK,18,0,10,0,1,7,11,2,1,3.4
101078,INVEST,22,1,9,1,4,6,14,1,1,14.0
101078,INSURANCE,20,0,11,0,8,7,15,2,1,23.9
101056,CUST_SVC,10,1,22,1,5,5,9,2,1,13.79
101056,WITHDRAW,5,1,20,1,5,4,10,4,1,2.37
101045,BIZ_BANK,18,1,7,1,1,6,16,3,1,2.29
101056,INSURANCE,20,1,5,1,9,4,10,1,1,57.71
101045,CREDIT_CARD,12,1,8,1,0,4,9,2,1,0.76
101078,ONLINE_SUP,12,1,2,1,6,5,11,1,1,20.54
101078,BIZ_BANK,18,1,39,1,10,4,10,2,1,61.12
101078,ATM_CDM,8,1,28,1,8,6,10,3,1,12.39
101012,CUST_SVC,10,1,4,1,5,3,13,3,0,12.94
101045,ACC_OPEN,25,1,5,1,2,6,16,1,1,11.99
101033,CUST_SVC,10,1,16,1,7,6,10,1,1,15.71
101045,CUST_SVC,10,1,6,1,0,2,12,4,0,1.29
101078,CREDIT_CARD,12,1,17,1,3,4,12,5,0,11.78
101033,CUST_SVC,10,1,21,1,4,4,16,5,1,6.3
101045,BIZ_BANK,18,1,23,1,5,5,10,3,1,28.04
101012,CUST_SVC,10,1,20,1,8,6,14,1,1,14.16
101056,CUST_SVC,10,1,36,1,10,6,14,5,1,25.17
101078,ATM_CDM,8,0,10,1,2,4,14,4,1,4.82
101012,CUST_SVC,10,1,20,1,8,4,10,3,1,27.46
101033,CUST_SVC,10,1,17,1,12,6,15,1,1,22.14
101045,WITHDRAW,5,1,6,1,8,7,11,1,1,7.82
101056,DEPOSIT,6,0,18,1,11,6,15,4,1,9.69
101012,CUST_SVC,10,0,7,1,16,6,11,5,1,31.93
101033,DEPOSIT,6,1,6,1,7,4,11,5,1,17.41
101056,CUST_SVC,10,1,14,1,5,7,11,1,1,9.48
101056,CREDIT_CARD,12,1,7,1,7,5,16,2,1,11.79
101045,BIZ_BANK,18,0,11,1,2,2,12,2,0,13.77
101012,ONLINE_SUP,12,1,12,1,1,6,16,5,1,2.62
101033,CUST_SVC,10,0,39,1,10,8,10,1,1,20.22
101045,CREDIT_CARD,12,0,11,1,5,4,9,4,1,17.25
101033,REMITTANCE,10,1,9,1,2,6,14,3,1,3.62
101033,ACC_OPEN,25,1,27,1,12,7,9,3,1,41.99
101056,ACC_OPEN,25,1,23,1,11,5,15,1,1,64.04
101045,WITHDRAW,5,0,5,1,4,4,10,2,1,5.0
101045,INSURANCE,20,1,3,1,4,5,9,2,1,12.31
101045,INSURANCE,20,0,20,1,12,4,15,4,1,40.14
101056,REMITTANCE,10,1,19,1,6,6,14,5,1,14.6
101033,DEPOSIT,6,1,24,1,9,5,14,1,1,5.71
101045,ACC_OPEN,25,1,12,1,4,3,12,4,0,23.03
101033,ACC_OPEN,25,1,14,1,3,5,11,2,1,11.25
101078,ATM_CDM,8,1,4,1,4,2,13,1,0,9.98
101056,INSURANCE,20,1,8,1,6,7,14,1,1,11.63
101056,LOAN,30,0,12,1,3,3,13,4,0,35.15
101033,INSURANCE,20,1,4,1,2,7,11,4,1,9.16
101012,REMITTANCE,10,0,15,1,3,2,13,3,0,8.6
101078,ACC_OPEN,25,1,20,1,5,3,13,4,0,21.4
101045,CREDIT_CARD,12,1,12,1,15,5,10,2,1,47.89
101045,CREDIT_CARD,12,1,2,1,6,4,11,1,1,30.15
101012,CUST_SVC,10,1,22,1,6,4,16,4,1,16.36
101045,WITHDRAW,5,1,2,1,8,8,14,1,1,4.13
101056,INSURANCE,20,0,20,1,9,6,10,4,1,16.25
101056,CUST_SVC,10,1,16,1,6,5,14,1,1,9.01
101012,INVEST,22,1,4,1,6,5,10,1,1,46.71
101033,CREDIT_CARD,12,1,30,1,9,7,10,4,1,15.29
101045,LOAN,30,1,17,1,10,5,9,2,1,71.1
101045,DEPOSIT,6,1,16,1,6,7,15,2,1,3.43
101012,CUST_SVC,10,0,12,1,11,7,15,2,1,12.41
101012,ATM_CDM,8,1,28,1,7,6,9,2,1,8.38
101012,DEPOSIT,6,1,23,1,7,7,14,3,1,11.41
101056,LOAN,30,1,9,1,3,4,13,1,0,18.33
101033,WITHDRAW,5,1,23,1,11,5,15,1,1,11.59
101012,DEPOSIT,6,0,18,1,9,4,14,4,1,14.94
101012,LOAN,30,0,4,1,12,6,10,1,1,66.34
101012,INVEST,22,1,19,1,15,5,11,1,1,90.0
101012,DEPOSIT,6,1,10,1,2,3,13,1,0,4.11
101012,CREDIT_CARD,12,0,18,1,5,6,11,1,1,7.06
101056,CUST_SVC,10,0,15,1,11,4,9,1,1,46.75
101045,REMITTANCE,10,0,9,1,5,7,15,5,1,6.55
101012,INVEST,22,1,6,1,12,6,9,5,1,60.45
101033,ATM_CDM,8,1,11,1,5,6,9,1,1,8.8
101045,LOAN,30,1,4,1,5,7,10,4,1,26.77
101045,CUST_SVC,10,1,1,1,5,5,15,1,1,12.37
101045,BIZ_BANK,18,1,24,1,11,7,9,5,1,15.65
101045,ATM_CDM,8,1,5,1,6,5,14,2,1,11.1
101045,FIXED_DEP,15,1,16,1,8,7,9,1,1,30.22
101078,CUST_SVC,10,1,17,1,7,5,14,1,1,16.62
101045,LOAN,30,1,8,1,3,6,11,1,1,12.63
101078,CUST_SVC,10,1,11,1,2,4,12,3,0,5.2
101012,REMITTANCE,10,0,39,1,15,6,9,5,1,30.0
101056,INVEST,22,0,16,1,10,5,15,2,1,50.37
101056,ACC_OPEN,25,1,8,1,1,3,13,3,0,9.36
101078,INVEST,22,0,17,1,5,5,11,2,1,26.46
101078,DEPOSIT,6,1,18,1,10,6,9,1,1,8.28
101045,DEPOSIT,6,1,20,1,7,5,9,1,1,13.22
101045,CREDIT_CARD,12,0,1,1,10,6,11,4,1,18.68
101078,WITHDRAW,5,0,15,1,6,5,11,3,1,7.28
101012,CREDIT_CARD,12,0,8,1,14,8,11,3,1,14.39
101056,DEPOSIT,6,1,27,1,8,5,16,2,1,13.75
101012,ATM_CDM,8,0,26,1,8,5,16,3,1,6.63
101033,CUST_SVC,10,1,2,1,12,6,15,1,1,31.51
101045,ACC_OPEN,25,1,1,1,11,6,15,1,1,62.23
101078,ATM_CDM,8,0,5,0,9,4,10,1,1,26.99
101045,ATM_CDM,8,0,19,0,5,4,12,2,0,12.82
101012,INSURANCE,20,1,13,1,11,6,9,1,1,49.59
101012,DEPOSIT,6,1,8,1,7,6,10,3,1,7.27
101045,DEPOSIT,6,1,12,1,4,8,9,5,1,4.35
101012,CREDIT_CARD,12,1,11,1,8,4,14,5,1,29.37
101078,DEPOSIT,6,1,8,1,7,8,9,3,1,5.61
101012,CREDIT_CARD,12,1,12,1,12,5,9,1,1,33.88
101078,CUST_SVC,10,0,19,1,6,3,13,5,0,22.77
101056,ACC_OPEN,25,1,1,1,6,4,15,2,1,57.4
101012,LOAN,30,1,6,1,4,3,16,3,1,56.61
101033,DEPOSIT,6,1,23,1,10,5,10,5,1,18.38
101056,CUST_SVC,10,0,14,1,4,3,13,3,0,11.79
101033,LOAN,30,1,31,1,8,5,9,5,1,39.74
101045,WITHDRAW,5,1,7,1,2,6,9,4,1,2.91
101078,LOAN,30,1,15,1,10,5,10,1,1,64.08
101012,REMITTANCE,10,1,43,1,12,6,10,4,1,33.59
101012,DEPOSIT,6,0,7,1,4,5,14,2,1,3.53
101033,INSURANCE,20,1,2,1,12,7,15,2,1,37.5
101056,INSURANCE,20,1,10,1,9,7,10,2,1,13.81
101012,DEPOSIT,6,1,27,1,12,6,10,2,1,18.84
101056,DEPOSIT,6,0,4,1,12,5,9,5,1,12.75
101033,LOAN,30,1,8,1,6,5,15,3,1,54.48
101056,DEPOSIT,6,1,3,1,4,4,13,4,0,7.38
101078,BIZ_BANK,18,1,21,1,9,5,14,3,1,16.1
101045,CREDIT_CARD,12,1,21,1,5,4,16,1,1,17.71
101078,ATM_CDM,8,0,16,1,7,6,14,5,1,10.71
101045,DEPOSIT,6,1,33,1,8,5,14,5,1,12.37
101056,CUST_SVC,10,1,17,1,15,5,15,1,1,46.51
101045,DEPOSIT,6,1,23,1,6,5,15,1,1,7.59
101033,REMITTANCE,10,1,7,1,4,4,11,3,1,9.41
101033,CREDIT_CARD,12,0,15,1,4,3,13,2,0,13.82
101056,ONLINE_SUP,12,1,13,1,8,2,13,2,0,69.31
101012,ACC_OPEN,25,1,30,1,15,8,10,1,1,51.06
101012,CUST_SVC,10,1,29,1,7,4,15,1,1,15.23
101045,CREDIT_CARD,12,0,5,1,1,2,12,5,0,5.12
101033,BIZ_BANK,18,1,20,1,6,4,15,3,1,26.04
101033,ACC_OPEN,25,0,27,1,9,6,9,2,1,37.44
101078,LOAN,30,1,8,1,1,2,12,1,0,21.12
101056,ACC_OPEN,25,1,3,1,5,6,14,3,1,29.85
101078,CUST_SVC,10,1,5,1,4,8,11,2,1,6.18
101056,LOAN,30,1,20,1,4,7,15,2,1,26.27
101045,DEPOSIT,6,1,18,1,6,5,15,5,1,9.78
101045,CUST_SVC,10,1,5,1,8,4,10,4,1,23.85
101056,CUST_SVC,10,1,11,1,10,4,10,5,1,24.51
101012,DEPOSIT,6,0,19,1,12,4,9,2,1,18.64
101045,INVEST,22,1,10,1,4,3,13,4,0,36.26
101045,DEPOSIT,6,1,2,1,5,4,10,1,1,6.88
101045,CREDIT_CARD,12,1,6,1,5,6,15,5,1,14.28
101012,FIXED_DEP,15,1,21,1,10,6,14,1,1,11.09
101045,LOAN,30,1,5,1,2,2,13,1,0,30.0
101012,CREDIT_CARD,12,0,30,1,8,5,15,5,1,23.09
101056,ONLINE_SUP,12,1,26,1,7,5,9,2,1,21.09
101078,ONLINE_SUP,12,1,2,1,4,4,9,2,1,16.54
101078,BIZ_BANK,18,1,14,1,4,2,13,2,0,23.7
101045,FIXED_DEP,15,1,7,1,8,5,14,2,1,23.83
101012,CREDIT_CARD,12,1,2,1,5,2,13,1,0,34.11
101078,BIZ_BANK,18,1,9,1,3,7,9,3,1,5.93
101012,FIXED_DEP,15,0,13,1,6,4,14,3,1,20.05
101056,FIXED_DEP,15,1,6,1,4,5,14,5,1,14.04
101012,ATM_CDM,8,1,20,1,17,4,15,5,1,41.42
101078,DEPOSIT,6,1,12,1,9,8,15,1,1,8.13
101045,ACC_OPEN,25,1,21,1,5,4,9,3,1,29.87
101012,INSURANCE,20,1,30,1,14,5,9,3,1,56.67
101078,CREDIT_CARD,12,1,22,1,6,7,11,5,1,13.68
101078,FIXED_DEP,15,1,10,1,4,6,15,5,1,7.51
101056,DEPOSIT,6,1,30,1,13,4,9,5,1,25.7
101045,ONLINE_SUP,12,1,19,1,6,8,10,4,1,14.92
101078,FIXED_DEP,15,1,6,1,1,6,9,3,1,1.08
101012,ACC_OPEN,25,1,11,1,5,4,13,4,0,22.67
101012,ACC_OPEN,25,1,23,1,9,5,15,5,1,56.6
101045,INSURANCE,20,1,9,1,3,7,14,1,1,8.23
101056,CREDIT_CARD,12,1,8,1,6,4,11,3,1,20.01
101078,DEPOSIT,6,1,20,1,4,6,15,2,1,4.36
101045,ATM_CDM,8,1,17,1,3,3,13,2,0,5.96
101078,LOAN,30,1,19,1,6,5,11,2,1,36.29
101078,INVEST,22,1,6,1,3,6,9,4,1,11.29
101056,ACC_OPEN,25,1,8,1,7,5,10,1,1,32.22
101012,DEPOSIT,6,0,28,1,7,4,10,4,1,9.03
101078,ATM_CDM,8,1,12,1,2,4,12,2,0,3.88
101056,CUST_SVC,10,1,26,1,6,5,9,2,1,13.41
101078,DEPOSIT,6,0,13,1,6,4,10,1,1,13.29
101033,ATM_CDM,8,1,10,1,5,6,10,2,1,6.9
101012,LOAN,30,1,15,1,14,6,15,1,1,90.0
101045,CUST_SVC,10,1,12,1,3,7,11,1,1,3.07
101056,DEPOSIT,6,0,21,0,8,5,14,1,1,12.03
101045,REMITTANCE,10,1,5,1,9,5,9,5,1,18.05
101056,DEPOSIT,6,1,10,1,7,6,15,5,1,6.53
101045,CUST_SVC,10,0,33,1,9,5,15,3,1,17.06
101012,DEPOSIT,6,1,10,1,9,4,9,2,1,9.18
101045,DEPOSIT,6,0,15,0,3,3,16,4,1,7.06
101045,BIZ_BANK,18,0,14,1,7,6,10,2,1,16.05
101078,BIZ_BANK,18,1,3,1,8,5,11,4,1,42.2
101056,ACC_OPEN,25,0,17,1,7,2,12,2,0,83.42
101056,ONLINE_SUP,12,1,12,1,11,5,10,1,1,30.81
101045,BIZ_BANK,18,1,7,1,4,3,12,5,0,27.9
101033,ATM_CDM,8,0,3,1,2,4,12,4,0,3.79
101056,REMITTANCE,10,1,19,1,4,5,16,1,1,8.2
101012,ATM_CDM,8,1,26,1,8,6,15,3,1,11.07
101045,BIZ_BANK,18,0,23,1,12,7,10,2,1,34.63
101033,BIZ_BANK,18,1,3,1,3,7,9,4,1,8.9
101045,CUST_SVC,10,1,9,1,1,2,12,1,0,6.15
101078,DEPOSIT,6,1,15,1,2,6,10,5,1,1.64
101056,ACC_OPEN,25,1,7,1,5,4,15,3,1,33.07
101045,CREDIT_CARD,12,1,11,1,4,6,16,2,1,6.02
101012,ACC_OPEN,25,0,14,1,6,6,11,2,1,35.0
101056,DEPOSIT,6,1,18,1,10,6,9,1,1,11.66
101033,ACC_OPEN,25,1,8,1,7,4,9,5,1,38.63
101078,ACC_OPEN,25,1,23,1,6,7,14,2,1,23.74
101045,REMITTANCE,10,0,13,1,12,6,15,2,1,22.55
101045,DEPOSIT,6,1,3,1,5,5,11,2,1,6.29
101012,CREDIT_CARD,12,0,9,1,6,2,12,1,0,25.1
101078,WITHDRAW,5,1,18,1,10,4,14,4,1,11.85
101012,CREDIT_CARD,12,0,17,1,15,6,10,2,1,38.04
101078,BIZ_BANK,18,1,9,1,4,5,15,4,1,9.42
101033,CUST_SVC,10,0,35,1,9,4,16,3,1,19.05
101033,CUST_SVC,10,1,26,1,7,8,14,2,1,9.04
101078,DEPOSIT,6,0,3,0,8,7,14,3,1,12.61
101045,LOAN,30,0,2,1,6,7,16,3,1,37.35
101045,REMITTANCE,10,1,24,1,5,4,12,3,0,11.79
101056,REMITTANCE,10,1,2,1,1,6,11,3,1,2.02
101012,CUST_SVC,10,0,17,0,9,6,10,1,1,25.17
101078,ACC_OPEN,25,1,17,1,9,4,10,5,1,74.57
101045,ACC_OPEN,25,1,22,1,6,4,16,1,1,45.9
101056,INVEST,22,0,30,1,7,5,9,5,1,31.22
101033,CUST_SVC,10,1,5,1,6,7,11,5,1,10.54
101033,BIZ_BANK,18,1,30,1,8,4,11,1,1,36.39
101056,WITHDRAW,5,1,36,1,14,5,15,1,1,10.83
101056,ATM_CDM,8,1,15,1,5,4,12,5,0,10.53
101078,DEPOSIT,6,1,29,1,9,6,14,2,1,10.13
101056,ATM_CDM,8,1,33,1,11,6,11,1,1,11.95
101078,DEPOSIT,6,0,14,1,7,3,12,1,0,8.35
101078,BIZ_BANK,18,1,30,1,8,6,10,3,1,30.36
101078,INVEST,22,0,28,1,9,5,9,3,1,43.86
101045,CREDIT_CARD,12,1,23,1,11,6,10,5,1,38.27
101012,CREDIT_CARD,12,0,6,1,9,5,15,2,1,19.42
101045,CUST_SVC,10,0,14,1,6,6,9,1,1,15.0
101012,ATM_CDM,8,1,36,1,9,5,11,2,1,20.86
101033,BIZ_BANK,18,1,4,1,5,7,11,1,1,14.16
101045,BIZ_BANK,18,1,16,1,3,4,12,1,0,7.63
101078,INSURANCE,20,1,1,1,5,4,12,3,0,30.08
101056,LOAN,30,1,42,1,11,5,11,3,1,55.96
101033,CUST_SVC,10,1,22,1,7,5,9,2,1,10.26
101078,BIZ_BANK,18,1,4,1,2,4,9,1,1,9.38
101033,INVEST,22,1,13,1,9,6,15,1,1,35.85
101033,CUST_SVC,10,1,21,1,4,8,9,4,1,3.29
101078,ACC_OPEN,25,1,32,1,9,5,9,3,1,44.62
101056,INSURANCE,20,1,26,1,6,5,11,2,1,17.34
101056,CUST_SVC,10,0,6,1,3,6,14,4,1,6.54
101056,LOAN,30,1,22,1,6,5,11,1,1,22.33
101012,DEPOSIT,6,1,49,1,15,5,9,2,1,24.91
101033,LOAN,30,0,15,1,6,4,13,5,0,39.31
101012,LOAN,30,1,1,1,5,7,15,3,1,20.44
101012,BIZ_BANK,18,1,25,1,11,6,9,5,1,29.91
101078,CUST_SVC,10,1,8,1,5,6,14,3,1,7.54
101033,DEPOSIT,6,1,24,1,13,4,16,1,1,16.97
101012,REMITTANCE,10,1,29,1,12,6,14,1,1,15.21
101078,CUST_SVC,10,1,9,1,11,4,15,1,1,41.94
101045,BIZ_BANK,18,0,10,1,1,4,9,3,1,3.12
101012,CUST_SVC,10,1,8,1,7,5,10,2,1,17.66
101012,ATM_CDM,8,1,15,1,11,5,15,4,1,22.39
101045,WITHDRAW,5,1,17,1,7,4,9,1,1,9.15
101056,CREDIT_CARD,12,1,13,1,13,6,15,3,1,19.44
101012,BIZ_BANK,18,0,2,1,13,7,9,5,1,33.17
101056,CUST_SVC,10,0,5,1,12,5,9,1,1,25.68
101045,DEPOSIT,6,0,29,1,7,6,15,5,1,8.13
101045,CUST_SVC,10,0,9,1,3,5,15,2,1,3.65
101078,DEPOSIT,6,0,4,0,4,3,12,1,0,11.28
101056,CUST_SVC,10,0,9,1,0,3,13,2,0,1.59
101012,ONLINE_SUP,12,1,28,1,14,5,11,2,1,65.95
101078,ATM_CDM,8,1,6,1,5,5,15,3,1,8.97
101045,INVEST,22,0,15,1,6,5,10,1,1,20.89
101056,INSURANCE,20,1,7,1,5,3,13,3,0,37.28
101033,INVEST,22,0,7,0,3,2,13,2,0,33.05
101056,ATM_CDM,8,0,17,1,13,4,10,1,1,38.1
101056,REMITTANCE,10,1,16,1,6,3,16,4,1,17.88
101045,DEPOSIT,6,0,5,1,6,7,9,3,1,4.79
101056,CUST_SVC,10,1,8,1,0,2,12,4,0,1.19
101045,DEPOSIT,6,1,14,1,9,8,10,1,1,8.3
101056,CREDIT_CARD,12,1,11,1,10,7,15,4,1,22.51
101078,DEPOSIT,6,1,8,1,7,4,9,1,1,19.13
101056,CREDIT_CARD,12,1,2,1,4,3,16,5,1,13.61
101033,ONLINE_SUP,12,0,15,1,5,6,10,2,1,11.07
101012,FIXED_DEP,15,1,38,1,12,7,10,3,1,40.45
101033,BIZ_BANK,18,1,38,1,15,7,15,1,1,21.02
101078,ACC_OPEN,25,0,24,1,12,4,10,1,1,61.04
101056,INSURANCE,20,1,14,1,5,5,11,3,1,19.5
101033,ONLINE_SUP,12,1,13,1,6,7,15,1,1,6.8
101045,CUST_SVC,10,0,5,0,7,6,9,5,1,19.63
101078,ACC_OPEN,25,1,36,1,11,6,15,1,1,37.72
101045,ACC_OPEN,25,1,5,1,1,3,12,2,0,9.07
101078,ATM_CDM,8,0,9,0,9,7,14,1,1,11.55
101078,CUST_SVC,10,0,3,1,9,6,11,1,1,15.07
101012,CUST_SVC,10,1,15,1,4,2,13,1,0,16.58
101033,CUST_SVC,10,1,23,1,9,4,10,3,1,32.84
101012,ATM_CDM,8,1,23,1,9,4,9,4,1,20.04
101056,INVEST,22,1,15,1,6,5,14,1,1,41.18
101012,CUST_SVC,10,0,24,1,5,7,14,3,1,5.33
101033,ACC_OPEN,25,1,11,1,3,6,16,2,1,17.34
101045,BIZ_BANK,18,0,19,1,6,5,11,2,1,16.58
101033,ATM_CDM,8,1,10,1,2,3,12,4,0,6.17
101033,CUST_SVC,10,1,7,1,8,4,15,3,1,15.22
101078,BIZ_BANK,18,1,8,1,6,5,16,2,1,28.22
101056,ATM_CDM,8,1,6,1,7,5,15,2,1,9.09
101033,BIZ_BANK,18,1,10,1,4,4,9,5,1,22.54
101033,FIXED_DEP,15,0,12,1,5,6,11,5,1,13.4
101045,ATM_CDM,8,1,3,1,4,7,10,4,1,6.59
101012,CUST_SVC,10,0,13,1,9,4,12,5,0,15.11
101056,ATM_CDM,8,0,14,1,9,4,10,1,1,20.82
101056,DEPOSIT,6,0,11,1,5,5,9,4,1,8.06
101033,ACC_OPEN,25,0,1,1,3,7,14,3,1,7.66
101056,ATM_CDM,8,0,26,1,8,2,13,1,0,24.95
101033,ONLINE_SUP,12,1,3,1,1,3,12,1,0,3.33
101012,DEPOSIT,6,1,10,1,2,4,13,1,0,2.51
101056,ONLINE_SUP,12,1,10,1,3,6,16,5,1,8.76
101012,CUST_SVC,10,1,12,1,8,4,13,1,0,11.71
101056,ATM_CDM,8,1,9,1,9,4,10,2,1,14.44
101045,ATM_CDM,8,1,30,1,10,6,15,4,1,15.13
101012,CREDIT_CARD,12,0,11,1,5,4,12,5,0,7.72
101056,DEPOSIT,6,1,9,1,5,4,15,4,1,6.19
101045,ONLINE_SUP,12,1,10,1,5,7,10,3,1,10.37
101056,BIZ_BANK,18,1,2,1,11,6,10,4,1,42.77
101012,CUST_SVC,10,0,35,1,10,3,16,5,1,44.32
101033,INVEST,22,0,9,0,8,5,11,1,1,29.45
101045,CUST_SVC,10,0,17,1,3,6,14,1,1,5.24
101056,CUST_SVC,10,1,6,1,8,8,15,5,1,14.65
101078,CUST_SVC,10,0,26,1,11,7,15,2,1,10.39
101045,ACC_OPEN,25,1,12,1,4,3,16,4,1,38.93
101045,CREDIT_CARD,12,0,31,1,8,6,9,4,1,17.15
101078,FIXED_DEP,15,1,21,1,4,6,15,2,1,13.15
101033,LOAN,30,1,5,1,5,3,13,5,0,62.47
101045,DEPOSIT,6,1,23,1,5,3,16,1,1,10.52
101056,CREDIT_CARD,12,1,2,1,9,6,15,1,1,20.36
101045,CREDIT_CARD,12,0,17,1,5,8,10,3,1,7.37
101078,DEPOSIT,6,1,16,1,3,3,16,4,1,4.97
101078,DEPOSIT,6,1,10,1,1,3,13,4,0,2.42
101078,CREDIT_CARD,12,1,2,1,13,7,10,2,1,20.82
101056,REMITTANCE,10,1,19,1,5,3,13,2,0,22.46
101045,ACC_OPEN,25,1,23,1,6,6,10,2,1,35.85
101045,FIXED_DEP,15,1,15,1,2,4,14,2,1,8.36
101012,LOAN,30,1,48,1,16,8,10,1,1,89.34
101078,ACC_OPEN,25,1,16,1,3,2,12,1,0,47.42
101045,ACC_OPEN,25,0,2,1,6,4,13,4,0,31.86
101012,ONLINE_SUP,12,0,11,1,5,6,10,3,1,8.19
101078,LOAN,30,1,8,1,4,4,12,3,0,47.4
101056,CUST_SVC,10,1,20,1,5,7,9,2,1,7.16
101045,REMITTANCE,10,1,10,1,3,5,16,4,1,9.19
101078,WITHDRAW,5,1,24,1,5,4,14,2,1,7.46
101056,ATM_CDM,8,1,12,1,7,6,9,5,1,7.37
101033,CREDIT_CARD,12,1,14,1,11,6,15,1,1,22.65
101045,REMITTANCE,10,0,21,1,5,4,15,2,1,18.51
101045,ONLINE_SUP,12,1,25,1,7,7,11,4,1,12.88
101078,ONLINE_SUP,12,0,3,1,2,6,16,2,1,4.19
101056,INVEST,22,1,30,1,11,4,10,1,1,90.0
101056,LOAN,30,1,12,1,7,7,11,3,1,29.97
101056,BIZ_BANK,18,1,42,1,14,5,10,1,1,80.62
101012,DEPOSIT,6,1,35,1,11,6,14,5,1,10.95
101012,INVEST,22,1,12,1,11,3,16,1,1,90.0
101033,REMITTANCE,10,1,3,1,0,2,13,1,0,1.27
101012,ATM_CDM,8,1,9,1,12,5,10,5,1,24.17
101012,DEPOSIT,6,0,2,1,10,4,13,4,0,15.29
101045,INVEST,22,1,4,1,5,4,16,2,1,36.19
101033,CREDIT_CARD,12,0,17,0,5,6,10,4,1,10.31
101045,DEPOSIT,6,1,25,1,6,5,16,3,1,7.57
101078,BIZ_BANK,18,1,15,1,5,2,13,1,0,43.36
101056,CUST_SVC,10,0,1,1,5,2,13,5,0,16.13
101056,CREDIT_CARD,12,1,3,1,8,6,10,3,1,18.94
101033,CUST_SVC,10,1,15,1,12,6,11,5,1,19.1
101056,ATM_CDM,8,1,25,1,6,5,9,3,1,10.95
101033,DEPOSIT,6,1,30,1,7,3,16,5,1,19.51
101056,REMITTANCE,10,0,3,1,2,4,11,1,1,4.66
101056,ONLINE_SUP,12,1,7,1,1,7,15,3,1,0.67
101012,CUST_SVC,10,1,3,1,5,6,10,4,1,7.6
101033,REMITTANCE,10,0,29,1,8,5,9,2,1,23.5
101045,DEPOSIT,6,1,1,1,9,7,9,5,1,7.57
101012,CREDIT_CARD,12,1,22,1,13,5,15,1,1,36.32
101078,CUST_SVC,10,0,5,1,7,6,14,1,1,10.17
101078,INSURANCE,20,1,8,1,4,6,15,4,1,22.62
101012,DEPOSIT,6,0,16,1,8,4,13,5,0,6.5
101033,CREDIT_CARD,12,0,15,1,7,6,11,1,1,16.51
101045,CUST_SVC,10,0,9,1,3,4,9,4,1,3.18
101045,CREDIT_CARD,12,1,8,1,6,5,10,5,1,11.76
101078,INVEST,22,1,1,1,5,2,13,2,0,67.73
101056,DEPOSIT,6,1,9,1,10,6,14,5,1,5.88
101056,BIZ_BANK,18,1,24,1,10,6,14,1,1,47.58
101033,CREDIT_CARD,12,1,6,1,4,4,15,4,1,17.5
101033,CREDIT_CARD,12,1,23,1,5,3,16,3,1,32.67
101045,DEPOSIT,6,0,1,1,0,3,12,3,0,0.62
101033,ATM_CDM,8,1,15,1,5,4,16,2,1,12.98
101033,REMITTANCE,10,0,13,0,6,5,14,3,1,12.59
101033,ATM_CDM,8,1,15,1,6,5,16,2,1,14.01
101078,INSURANCE,20,1,28,1,9,4,10,5,1,40.34
101012,CUST_SVC,10,1,7,1,7,2,12,1,0,46.68
101078,BIZ_BANK,18,1,17,1,4,6,16,4,1,17.97
101033,ATM_CDM,8,1,10,1,14,6,14,1,1,25.94
101078,CREDIT_CARD,12,0,8,0,6,5,14,5,1,20.28
101056,DEPOSIT,6,1,25,1,13,4,15,2,1,24.61
101012,CUST_SVC,10,1,13,1,14,4,14,2,1,44.02
101012,DEPOSIT,6,1,11,1,9,4,14,4,1,19.32
101078,ONLINE_SUP,12,0,10,0,1,5,10,5,1,2.04
101012,WITHDRAW,5,0,4,1,17,4,10,1,1,16.09
101056,LOAN,30,1,35,1,12,7,10,2,1,63.84
101045,LOAN,30,1,8,1,5,2,13,5,0,48.58
101012,CUST_SVC,10,1,27,1,7,4,9,3,1,14.14
101078,ATM_CDM,8,0,2,1,3,7,9,5,1,0.04
101056,CREDIT_CARD,12,1,14,1,9,4,14,2,1,24.32
101078,CREDIT_CARD,12,1,3,1,6,4,16,5,1,22.58
101056,LOAN,30,0,21,1,9,4,9,2,1,84.79
101033,CREDIT_CARD,12,0,5,1,6,5,14,5,1,13.3
101056,CUST_SVC,10,0,16,1,10,7,10,5,1,8.22
101045,ONLINE_SUP,12,1,4,1,2,7,15,4,1,2.22
101078,DEPOSIT,6,1,11,1,4,5,14,4,1,5.6
101033,FIXED_DEP,15,1,10,1,8,5,9,1,1,13.95
101056,ATM_CDM,8,1,11,1,7,6,9,2,1,11.76
101012,LOAN,30,0,12,0,17,7,15,5,1,90.0
101078,CUST_SVC,10,1,6,1,6,3,12,3,0,15.27
101033,DEPOSIT,6,0,9,1,5,2,13,1,0,7.78
101056,DEPOSIT,6,1,2,1,6,4,9,5,1,11.37
101078,INSURANCE,20,1,2,1,2,3,16,4,1,21.51
101012,DEPOSIT,6,1,7,1,14,5,9,4,1,12.0
101033,ACC_OPEN,25,0,42,1,11,4,10,5,1,57.33
101012,REMITTANCE,10,1,10,1,3,4,13,2,0,9.22
101078,ATM_CDM,8,0,8,1,3,6,9,2,1,5.25
101056,CUST_SVC,10,1,24,1,7,5,16,1,1,14.34
101056,CREDIT_CARD,12,1,10,1,4,3,13,5,0,14.62
101033,CUST_SVC,10,1,3,1,0,5,15,1,1,0.54
101033,INSURANCE,20,1,8,1,3,6,11,3,1,16.89
101012,FIXED_DEP,15,1,20,1,7,8,10,4,1,14.74
101045,ONLINE_SUP,12,0,21,1,8,4,14,1,1,21.36
101056,LOAN,30,1,11,1,7,4,10,3,1,73.38
101056,DEPOSIT,6,1,1,1,0,3,13,2,0,1.67
101056,ACC_OPEN,25,1,19,1,4,4,13,1,0,21.97
101012,DEPOSIT,6,1,17,1,7,5,9,3,1,7.0
101033,INSURANCE,20,1,2,1,2,6,14,3,1,4.78
101012,ACC_OPEN,25,1,12,1,7,5,16,5,1,45.29
101045,ONLINE_SUP,12,0,9,1,4,4,14,1,1,12.37
101033,INSURANCE,20,1,2,1,5,2,12,3,0,60.45
101078,INSURANCE,20,1,3,1,3,2,13,2,0,47.58
101045,DEPOSIT,6,0,10,1,2,7,10,4,1,0.9
101056,CUST_SVC,10,1,32,1,11,7,16,5,1,23.53
101012,CUST_SVC,10,0,16,1,7,4,14,3,1,6.67
101033,ACC_OPEN,25,1,19,1,10,8,10,1,1,41.73
101078,ATM_CDM,8,1,19,1,5,5,10,1,1,7.54
101056,INVEST,22,1,12,1,7,5,15,5,1,24.17
101056,CREDIT_CARD,12,1,8,1,0,4,13,2,0,1.38
101012,CUST_SVC,10,0,33,0,10,4,9,4,1,25.4
101045,INSURANCE,20,1,23,1,7,5,16,1,1,44.51
101012,CUST_SVC,10,1,32,1,12,6,9,2,1,24.56
101012,DEPOSIT,6,0,41,1,11,4,9,1,1,24.62
101056,CREDIT_CARD,12,1,20,1,6,4,15,4,1,23.64
101012,BIZ_BANK,18,1,17,1,15,6,10,1,1,68.74
101033,ACC_OPEN,25,1,12,1,5,7,11,3,1,23.8
101012,ONLINE_SUP,12,1,25,1,8,5,11,3,1,25.04
101012,ATM_CDM,8,0,14,1,6,4,12,1,0,7.46
101012,ATM_CDM,8,0,29,1,7,4,10,5,1,19.09
101012,ACC_OPEN,25,0,7,1,14,6,10,2,1,23.4
101078,ACC_OPEN,25,1,6,1,5,6,11,5,1,13.63
101045,ONLINE_SUP,12,0,5,1,5,4,14,5,1,16.47
101078,FIXED_DEP,15,1,23,1,8,6,15,5,1,20.31
101078,ATM_CDM,8,1,6,1,6,4,15,4,1,10.8
101045,LOAN,30,1,11,1,4,3,13,4,0,28.92
101012,BIZ_BANK,18,1,43,1,14,5,11,1,1,48.85
101012,ONLINE_SUP,12,1,4,1,8,4,11,2,1,20.17
101056,REMITTANCE,10,1,35,1,10,6,10,4,1,21.28
101012,DEPOSIT,6,1,21,1,15,7,14,4,1,14.85
101045,CREDIT_CARD,12,1,4,1,1,6,10,3,1,2.83
101012,LOAN,30,1,32,1,11,6,10,4,1,77.9
101012,ATM_CDM,8,1,1,1,20,7,14,2,1,30.09
101078,ATM_CDM,8,0,8,1,4,6,9,4,1,5.92
101012,DEPOSIT,6,1,30,1,13,5,11,1,1,15.3
101078,ATM_CDM,8,1,17,1,4,3,16,4,1,12.35
101045,CREDIT_CARD,12,1,1,1,5,6,14,3,1,12.01
101078,CUST_SVC,10,1,13,1,5,7,11,2,1,11.97
101056,FIXED_DEP,15,1,23,1,9,4,16,2,1,55.41
101045,FIXED_DEP,15,1,6,1,6,6,15,4,1,24.54
101012,ATM_CDM,8,0,3,0,7,4,14,3,1,18.67
101033,ACC_OPEN,25,1,15,1,15,4,15,1,1,79.36
101078,DEPOSIT,6,1,28,1,7,7,9,3,1,6.6
101078,DEPOSIT,6,1,22,1,10,7,10,3,1,8.97
101056,ACC_OPEN,25,1,24,1,10,5,14,1,1,59.52
101056,CREDIT_CARD,12,1,5,1,5,3,16,3,1,31.61
101045,CUST_SVC,10,1,2,1,1,2,13,3,0,4.14
101078,CUST_SVC,10,1,5,1,7,7,10,1,1,11.62
101045,CUST_SVC,10,0,23,1,7,6,15,1,1,14.76
101056,WITHDRAW,5,0,23,1,7,5,14,5,1,6.38
101078,INSURANCE,20,0,12,1,2,4,12,3,0,13.7
101078,CUST_SVC,10,1,11,1,1,2,12,3,0,3.42
101033,INSURANCE,20,1,16,1,11,5,10,5,1,52.91
101078,INSURANCE,20,0,13,1,7,6,14,1,1,34.01
101056,INVEST,22,1,51,1,15,6,15,1,1,89.18
101012,BIZ_BANK,18,1,4,1,7,8,14,4,1,21.46
101078,ONLINE_SUP,12,1,13,1,5,4,14,1,1,14.99
101033,CUST_SVC,10,1,31,1,8,6,9,1,1,21.38
101045,DEPOSIT,6,0,8,1,7,5,10,4,1,9.56
101045,ONLINE_SUP,12,1,21,1,4,4,12,4,0,14.74
101012,ACC_OPEN,25,1,4,1,6,5,16,3,1,41.98
101033,BIZ_BANK,18,0,28,1,9,4,11,1,1,47.12
101045,CUST_SVC,10,1,19,1,4,5,10,2,1,12.91
101078,INVEST,22,0,12,1,4,4,11,4,1,36.55
101012,CUST_SVC,10,1,23,1,11,7,14,3,1,11.0
101078,ATM_CDM,8,1,19,1,4,4,13,1,0,7.85
101033,DEPOSIT,6,1,41,1,11,5,15,1,1,8.62
101056,INSURANCE,20,1,10,1,4,4,9,2,1,28.35
101033,CUST_SVC,10,1,9,1,3,2,12,3,0,11.02
101045,BIZ_BANK,18,1,31,1,8,5,9,2,1,28.82
101056,CUST_SVC,10,1,4,1,10,6,9,2,1,18.26
101012,CUST_SVC,10,1,33,1,13,6,14,2,1,22.71
101012,CREDIT_CARD,12,1,30,1,14,4,15,1,1,30.72
101045,BIZ_BANK,18,1,2,1,5,5,16,1,1,25.69
101045,DEPOSIT,6,0,8,1,0,4,13,1,0,1.34
101045,DEPOSIT,6,0,7,0,4,3,12,1,0,5.85
101045,INSURANCE,20,1,11,1,4,5,14,2,1,10.68
101078,CUST_SVC,10,1,25,1,8,5,10,1,1,23.59
101056,LOAN,30,1,16,1,9,8,15,4,1,28.08
101012,DEPOSIT,6,0,9,1,4,6,11,4,1,2.59
101033,DEPOSIT,6,1,26,1,7,4,9,5,1,15.07
101078,REMITTANCE,10,1,14,1,8,8,11,5,1,6.58
101056,DEPOSIT,6,1,3,1,4,6,11,4,1,5.65
101056,BIZ_BANK,18,1,21,1,4,3,12,2,0,20.65
101078,LOAN,30,1,12,1,5,4,11,4,1,29.51
101045,DEPOSIT,6,0,6,1,7,6,15,5,1,9.85
101078,INSURANCE,20,1,23,1,6,4,10,2,1,33.16
101078,ACC_OPEN,25,1,22,1,7,4,16,5,1,47.85
101078,CREDIT_CARD,12,1,12,1,4,5,15,1,1,11.57
101056,DEPOSIT,6,1,21,1,6,4,13,5,0,7.47
101033,INVEST,22,1,3,1,8,4,14,4,1,43.11
101033,FIXED_DEP,15,1,8,1,7,4,9,3,1,38.09
101012,ATM_CDM,8,0,4,1,4,3,16,2,1,14.09
101078,ATM_CDM,8,1,23,1,8,6,11,2,1,9.97
101012,ACC_OPEN,25,1,22,1,7,2,13,3,0,90.0
101012,REMITTANCE,10,1,9,1,11,6,10,4,1,17.8
101045,DEPOSIT,6,1,6,1,2,3,13,2,0,2.33
101012,ACC_OPEN,25,1,27,1,8,4,13,1,0,53.09
101012,DEPOSIT,6,0,11,1,1,2,13,2,0,0.96
101012,BIZ_BANK,18,1,26,1,11,6,14,3,1,46.01
101056,ONLINE_SUP,12,1,12,1,2,4,14,4,1,5.66
101078,INSURANCE,20,1,4,1,7,6,10,5,1,36.04
101056,INSURANCE,20,1,8,1,6,4,16,4,1,29.71
101033,WITHDRAW,5,0,7,0,7,2,12,1,0,14.32
101012,DEPOSIT,6,0,4,1,3,5,11,4,1,3.18
101078,INSURANCE,20,1,12,1,5,6,16,2,1,15.31
101033,REMITTANCE,10,1,30,1,7,4,9,2,1,19.0
101012,INVEST,22,1,28,1,9,4,9,3,1,42.7
101033,CUST_SVC,10,0,2,1,4,4,12,4,0,8.46
101033,ACC_OPEN,25,0,4,1,6,8,10,4,1,13.27
101056,ACC_OPEN,25,0,8,1,4,3,12,5,0,40.57
101033,ACC_OPEN,25,1,18,1,5,4,12,5,0,25.87
101012,CREDIT_CARD,12,1,31,1,12,5,15,4,1,29.28
101045,CREDIT_CARD,12,1,22,1,6,4,10,3,1,22.28
101056,ATM_CDM,8,1,43,1,15,6,10,5,1,25.07
101033,ACC_OPEN,25,1,9,1,4,4,12,2,0,23.37
101012,BIZ_BANK,18,0,11,1,7,6,15,1,1,8.84
101012,ACC_OPEN,25,1,33,1,10,7,11,5,1,42.93
101078,WITHDRAW,5,1,2,1,4,4,13,5,0,4.67
101045,CUST_SVC,10,1,5,1,11,4,10,2,1,26.95
101056,INSURANCE,20,1,2,1,3,5,11,3,1,15.29
101078,CREDIT_CARD,12,0,10,0,4,3,12,1,0,10.93
101033,FIXED_DEP,15,1,26,1,6,7,14,3,1,12.44
101012,CREDIT_CARD,12,0,2,1,4,3,16,1,1,18.84
101056,FIXED_DEP,15,1,17,1,6,4,10,2,1,26.66
101045,CUST_SVC,10,1,5,1,0,3,12,3,0,0.49
101045,FIXED_DEP,15,1,13,1,2,5,9,2,1,5.4
101033,DEPOSIT,6,1,13,1,6,5,16,5,1,6.1
101033,DEPOSIT,6,0,16,1,7,5,15,2,1,5.0
101012,DEPOSIT,6,1,24,1,7,3,16,4,1,10.69
101045,DEPOSIT,6,0,6,1,3,7,11,2,1,2.93
101078,ONLINE_SUP,12,1,33,1,9,4,10,3,1,22.08
101012,FIXED_DEP,15,1,18,1,5,4,13,2,0,10.44
101033,INSURANCE,20,1,15,1,6,7,10,4,1,20.3
101056,CREDIT_CARD,12,1,17,1,7,5,16,2,1,23.28
101056,WITHDRAW,5,1,17,1,6,4,11,1,1,10.48
101078,CUST_SVC,10,1,14,1,5,7,11,2,1,4.31
101012,INVEST,22,1,2,1,7,6,10,4,1,25.1
101056,INVEST,22,1,3,1,10,6,10,2,1,60.18
101033,REMITTANCE,10,1,21,1,11,8,15,1,1,16.5
101012,BIZ_BANK,18,1,15,1,4,8,14,2,1,10.43
101078,CUST_SVC,10,1,14,1,4,4,15,4,1,19.27
101045,CREDIT_CARD,12,0,18,1,5,5,16,3,1,13.39
101078,DEPOSIT,6,1,18,1,9,6,16,3,1,10.05
101045,ATM_CDM,8,1,15,1,8,5,14,2,1,12.35
101056,ATM_CDM,8,1,24,1,10,7,15,1,1,15.06
101045,BIZ_BANK,18,1,7,1,4,6,11,2,1,9.29
101078,DEPOSIT,6,1,16,1,6,7,11,1,1,3.22
101045,LOAN,30,1,5,1,4,4,9,5,1,45.43
101045,ATM_CDM,8,1,12,1,2,5,15,2,1,2.46
101012,CUST_SVC,10,1,12,1,8,2,13,4,0,43.01
101033,INSURANCE,20,1,12,1,4,3,12,5,0,16.83
101012,ONLINE_SUP,12,1,26,1,12,7,10,3,1,25.32
101045,CUST_SVC,10,0,27,0,7,6,10,2,1,9.5
101012,BIZ_BANK,18,1,24,1,7,4,11,1,1,26.62
101045,ATM_CDM,8,1,25,1,7,6,9,2,1,7.85
101012,ACC_OPEN,25,1,34,1,13,6,14,5,1,47.02
101012,ACC_OPEN,25,1,8,1,7,7,9,1,1,42.13
101056,INSURANCE,20,1,21,1,6,5,10,2,1,13.72
101056,ACC_OPEN,25,0,7,1,3,7,11,1,1,16.67
101078,ONLINE_SUP,12,1,6,1,3,6,9,1,1,5.32
101078,CUST_SVC,10,1,10,1,6,4,9,4,1,15.93
101033,DEPOSIT,6,1,22,1,7,3,12,5,0,18.39
101045,CUST_SVC,10,1,9,1,6,6,11,1,1,15.49
101033,WITHDRAW,5,1,4,1,10,6,16,2,1,7.66
101056,CUST_SVC,10,0,19,1,4,4,13,5,0,11.37
101045,CUST_SVC,10,1,3,1,1,4,13,3,0,3.66
101078,CREDIT_CARD,12,1,22,1,6,4,13,2,0,19.11
101033,ACC_OPEN,25,0,9,0,5,5,11,5,1,17.46
101012,DEPOSIT,6,0,18,1,10,4,10,2,1,18.14
101033,CUST_SVC,10,0,17,1,9,4,14,5,1,21.57
101045,ATM_CDM,8,1,9,1,2,3,12,5,0,4.77
101012,ATM_CDM,8,1,8,1,6,4,14,5,1,11.73
101078,REMITTANCE,10,1,17,1,5,6,11,5,1,10.06
101045,CUST_SVC,10,1,9,1,2,8,10,4,1,3.27
101033,INSURANCE,20,0,4,1,0,3,12,5,0,1.68
101078,ONLINE_SUP,12,0,17,1,4,4,16,2,1,3.5
101056,DEPOSIT,6,0,34,1,10,5,14,1,1,12.24
101012,CREDIT_CARD,12,0,5,1,9,4,10,2,1,28.69
101078,WITHDRAW,5,1,19,1,6,4,13,5,0,7.53
101033,FIXED_DEP,15,1,28,1,7,3,16,2,1,56.05
101045,DEPOSIT,6,0,12,0,1,4,13,3,0,2.12
101045,CREDIT_CARD,12,1,3,1,6,5,16,2,1,22.07
101078,FIXED_DEP,15,0,25,1,7,7,10,3,1,9.49
101078,CUST_SVC,10,1,2,1,5,3,16,3,1,20.25
101078,DEPOSIT,6,1,21,1,6,4,9,5,1,12.16
101012,ATM_CDM,8,1,1,1,5,6,10,3,1,7.64
101012,ATM_CDM,8,1,8,1,8,4,16,3,1,19.86
101012,ATM_CDM,8,1,33,1,10,6,15,1,1,23.35
101012,DEPOSIT,6,1,11,1,10,5,10,1,1,10.33
101033,INVEST,22,1,16,1,7,5,15,5,1,36.06
101033,ACC_OPEN,25,0,13,1,7,5,11,4,1,44.15
101045,DEPOSIT,6,1,11,1,1,5,14,5,1,0.85
101012,DEPOSIT,6,0,22,1,7,7,14,1,1,4.36
101056,INSURANCE,20,0,7,1,12,3,16,2,1,86.15
101056,DEPOSIT,6,0,15,1,5,3,16,2,1,9.95
101045,BIZ_BANK,18,0,2,1,3,2,12,5,0,30.54
101078,REMITTANCE,10,0,4,1,4,3,13,5,0,8.37
101078,ATM_CDM,8,1,2,1,5,3,16,3,1,16.21
101078,CREDIT_CARD,12,1,1,1,6,5,15,4,1,21.32
101078,CREDIT_CARD,12,1,18,1,4,4,9,4,1,14.82
101078,INVEST,22,1,24,1,9,3,16,1,1,55.23
101012,CUST_SVC,10,0,9,1,9,5,14,4,1,13.21
101078,CREDIT_CARD,12,1,4,1,9,5,10,1,1,25.68
101012,DEPOSIT,6,1,38,1,10,4,10,2,1,11.27
101045,ACC_OPEN,25,1,10,1,2,3,13,3,0,18.73
101056,BIZ_BANK,18,1,17,1,10,6,14,1,1,25.54
101078,DEPOSIT,6,1,14,1,7,4,15,5,1,11.77
101056,FIXED_DEP,15,1,31,1,11,3,13,1,0,71.97
101012,LOAN,30,1,18,1,8,8,11,1,1,27.94
101012,ONLINE_SUP,12,0,6,1,13,7,10,4,1,25.01
101033,FIXED_DEP,15,1,38,1,10,7,15,4,1,10.14
101012,FIXED_DEP,15,1,7,1,7,3,13,1,0,34.51
101056,LOAN,30,1,7,1,7,5,11,4,1,49.19
101033,INSURANCE,20,0,15,1,7,6,16,1,1,26.55
101078,DEPOSIT,6,1,13,1,2,6,11,3,1,0.2
101045,DEPOSIT,6,1,12,1,5,6,15,5,1,3.93
101078,CUST_SVC,10,1,23,1,6,4,9,1,1,22.6
101045,ATM_CDM,8,1,14,1,3,7,9,1,1,2.89
101056,CREDIT_CARD,12,1,20,1,9,5,11,1,1,32.39
101045,ATM_CDM,8,1,33,1,10,5,9,2,1,25.49
101012,DEPOSIT,6,0,9,1,4,4,11,1,1,7.58
101078,ONLINE_SUP,12,1,7,1,8,4,11,5,1,23.89
101056,LOAN,30,1,15,1,6,2,13,1,0,90.0
101056,DEPOSIT,6,1,1,1,4,3,12,1,0,4.79
101078,FIXED_DEP,15,0,9,1,4,6,11,1,1,12.47
101078,DEPOSIT,6,0,21,1,5,4,9,4,1,3.9
101012,ATM_CDM,8,0,2,1,7,5,14,1,1,12.43
101078,BIZ_BANK,18,1,5,1,4,4,15,4,1,15.19
101056,DEPOSIT,6,1,9,1,1,3,13,3,0,1.27
101033,CREDIT_CARD,12,0,1,1,8,7,16,3,1,13.43
101045,CREDIT_CARD,12,1,16,1,4,6,14,5,1,10.29
101045,ATM_CDM,8,1,9,1,1,4,15,2,1,2.94
101056,FIXED_DEP,15,0,21,1,4,3,16,3,1,30.56
101045,DEPOSIT,6,0,30,1,11,4,15,1,1,22.43
101056,INSURANCE,20,1,36,1,10,7,11,5,1,25.12
101033,ATM_CDM,8,1,6,1,5,5,14,2,1,8.95
101078,CUST_SVC,10,1,4,1,5,6,15,3,1,13.74
101078,ATM_CDM,8,0,2,1,5,5,15,5,1,6.71
101056,ATM_CDM,8,0,27,1,6,5,11,2,1,9.14
101045,ACC_OPEN,25,1,12,1,6,4,11,3,1,46.03
101078,CUST_SVC,10,1,12,1,1,3,16,5,1,3.43
101078,LOAN,30,1,11,1,3,5,15,2,1,23.53
101056,CUST_SVC,10,1,32,1,14,7,10,3,1,18.76
101045,INSURANCE,20,1,16,1,7,4,11,5,1,48.91
101056,CUST_SVC,10,1,2,1,6,6,14,4,1,11.99
101045,ATM_CDM,8,1,13,1,4,5,11,5,1,10.53
101012,INSURANCE,20,1,9,1,9,4,13,1,0,38.41
101078,ONLINE_SUP,12,0,1,1,6,6,9,5,1,7.88
101078,INSURANCE,20,1,22,1,6,4,10,2,1,35.57
101056,DEPOSIT,6,1,35,1,10,5,9,4,1,19.63
101033,BIZ_BANK,18,1,4,1,4,4,12,2,0,14.0
101012,ATM_CDM,8,1,9,1,14,6,11,1,1,15.65
101078,BIZ_BANK,18,1,2,1,9,7,11,2,1,31.35
101045,BIZ_BANK,18,1,4,1,3,2,13,2,0,40.55
101078,ATM_CDM,8,0,16,1,4,2,12,1,0,6.38
101033,BIZ_BANK,18,0,4,0,3,3,12,2,0,17.37
101012,INSURANCE,20,1,19,1,9,5,15,4,1,35.49
101033,CUST_SVC,10,0,10,1,10,4,9,1,1,19.24
101012,LOAN,30,1,8,1,7,4,14,1,1,62.96
101056,CUST_SVC,10,1,2,1,2,4,10,2,1,7.91
101056,ATM_CDM,8,0,23,1,5,3,16,1,1,9.91
101078,ACC_OPEN,25,0,10,1,2,7,9,3,1,6.11
101033,CUST_SVC,10,0,12,1,7,3,16,1,1,11.21
101012,CUST_SVC,10,1,2,1,9,7,9,5,1,9.71
101045,LOAN,30,1,1,1,3,6,9,3,1,22.85
101033,REMITTANCE,10,1,16,1,9,5,11,2,1,7.39
101045,ATM_CDM,8,0,17,1,4,3,13,3,0,11.56
101078,ATM_CDM,8,1,7,1,6,6,11,1,1,12.43
101045,CUST_SVC,10,1,13,1,5,3,16,4,1,14.18
101056,INVEST,22,1,3,1,1,4,12,2,0,5.5
101078,WITHDRAW,5,0,18,1,3,3,12,4,0,5.69
101045,FIXED_DEP,15,1,11,1,7,4,15,1,1,31.0
101078,INSURANCE,20,1,6,1,1,4,13,4,0,7.22
101078,REMITTANCE,10,1,6,1,10,4,10,3,1,45.82
101045,DEPOSIT,6,0,2,1,3,6,15,5,1,1.94
101045,DEPOSIT,6,1,20,1,11,6,10,3,1,12.88
101056,DEPOSIT,6,1,11,1,5,4,15,3,1,8.63
101012,CUST_SVC,10,0,4,1,6,3,13,2,0,17.77
101078,INVEST,22,1,8,1,5,7,9,2,1,11.49
101078,INVEST,22,1,20,1,7,3,16,4,1,62.64
101012,INVEST,22,0,11,1,4,2,12,1,0,35.79
101056,ONLINE_SUP,12,0,17,1,14,7,9,5,1,24.14
101033,FIXED_DEP,15,0,25,1,7,5,15,1,1,13.27
101045,ATM_CDM,8,1,4,1,7,6,10,1,1,12.76
101033,CUST_SVC,10,1,2,1,14,6,14,3,1,30.21
101078,INSURANCE,20,1,26,1,12,4,10,1,1,90.0
101033,ATM_CDM,8,1,13,1,7,4,14,1,1,15.83
101012,ACC_OPEN,25,1,14,1,10,5,9,4,1,66.89
101078,CUST_SVC,10,1,6,1,2,2,13,1,0,12.49
101045,DEPOSIT,6,1,10,1,6,6,15,4,1,5.72
101056,ACC_OPEN,25,1,19,1,7,4,13,3,0,48.48
101078,INVEST,22,1,19,1,5,4,11,2,1,47.67
101033,DEPOSIT,6,0,3,1,7,6,15,4,1,3.72
101078,LOAN,30,1,6,1,5,5,11,3,1,46.93
101033,ATM_CDM,8,0,20,0,4,5,15,4,1,6.12
101045,ATM_CDM,8,0,6,1,1,7,16,3,1,0.0
101045,ATM_CDM,8,0,17,1,5,5,14,2,1,11.04
101012,DEPOSIT,6,1,29,1,9,6,9,5,1,14.28
101056,CUST_SVC,10,1,23,1,16,5,10,1,1,32.0
101012,CUST_SVC,10,0,33,1,10,5,16,5,1,26.43
101078,FIXED_DEP,15,0,8,1,7,6,16,2,1,22.79
101078,ATM_CDM,8,1,35,1,9,4,9,1,1,27.26
101033,ACC_OPEN,25,1,33,1,10,7,15,1,1,48.22
101078,CUST_SVC,10,0,7,1,5,4,16,3,1,8.2
101078,REMITTANCE,10,0,15,1,11,4,11,1,1,37.67
101078,ATM_CDM,8,0,9,1,1,6,10,3,1,0.25
101012,CREDIT_CARD,12,0,3,1,3,3,13,2,0,13.82
101033,ATM_CDM,8,1,3,1,3,4,16,2,1,6.73
101045,WITHDRAW,5,1,7,1,10,6,15,1,1,10.76
101045,ATM_CDM,8,1,13,1,9,4,15,1,1,22.29
101078,CUST_SVC,10,0,10,1,3,3,13,4,0,9.45
101012,CUST_SVC,10,1,29,1,7,2,12,2,0,38.46
101078,INSURANCE,20,1,6,1,6,5,10,3,1,37.33
101045,DEPOSIT,6,0,13,1,9,4,10,3,1,7.77
101056,ATM_CDM,8,1,14,1,6,5,15,3,1,13.75
101078,WITHDRAW,5,1,16,1,5,5,11,1,1,6.91
101078,LOAN,30,0,27,1,9,5,10,4,1,62.44
101056,CREDIT_CARD,12,0,22,1,14,5,10,1,1,43.02
101078,CREDIT_CARD,12,1,24,1,5,4,11,3,1,13.89
101012,BIZ_BANK,18,0,41,1,12,7,10,4,1,24.58
101045,ONLINE_SUP,12,1,11,1,4,5,10,1,1,17.95
101078,ATM_CDM,8,1,19,1,4,5,11,5,1,5.99
101045,CREDIT_CARD,12,1,9,1,7,6,15,1,1,16.17
101012,DEPOSIT,6,1,22,1,7,5,11,4,1,9.9
101056,CREDIT_CARD,12,0,9,1,9,6,10,1,1,27.07
101056,CREDIT_CARD,12,0,11,1,2,5,16,2,1,3.97
101056,ATM_CDM,8,1,25,1,9,6,14,3,1,9.46
101056,DEPOSIT,6,1,16,1,4,4,12,3,0,6.77
101033,BIZ_BANK,18,0,10,0,5,3,12,4,0,44.6
101012,LOAN,30,0,21,0,5,3,12,1,0,52.63
101012,BIZ_BANK,18,1,21,1,11,6,11,1,1,41.5
101012,DEPOSIT,6,1,12,1,2,3,12,3,0,3.32
101078,BIZ_BANK,18,0,7,0,5,7,10,3,1,18.25
101078,DEPOSIT,6,1,1,1,2,3,13,3,0,5.26
101056,INVEST,22,0,1,1,6,5,11,3,1,31.92
101056,CUST_SVC,10,1,20,1,6,5,15,3,1,12.36
101012,LOAN,30,1,8,1,3,6,15,3,1,18.01
101012,DEPOSIT,6,1,20,1,7,4,15,1,1,14.87
101033,ATM_CDM,8,1,20,1,6,4,10,1,1,12.25
101078,CUST_SVC,10,1,17,1,4,6,15,5,1,12.22
101078,DEPOSIT,6,1,13,1,5,7,9,2,1,5.47
101056,CUST_SVC,10,0,5,1,10,4,15,5,1,23.15
101045,DEPOSIT,6,0,13,1,5,6,15,3,1,4.11
101012,CUST_SVC,10,1,12,1,9,6,10,3,1,23.64
101078,BIZ_BANK,18,1,29,1,8,4,14,3,1,51.58
101078,CUST_SVC,10,1,1,1,6,6,16,3,1,13.99
101045,BIZ_BANK,18,1,17,1,6,4,15,1,1,12.55
101045,CUST_SVC,10,0,4,1,0,4,14,3,1,0.75
101033,DEPOSIT,6,0,7,1,1,5,11,3,1,0.0
101012,CUST_SVC,10,0,9,1,7,6,16,5,1,10.42
101045,CUST_SVC,10,0,20,1,7,6,9,4,1,11.99
101012,ONLINE_SUP,12,0,31,1,8,4,13,5,0,21.89
101078,ATM_CDM,8,1,4,1,4,4,13,2,0,7.18
101012,ONLINE_SUP,12,0,3,1,6,2,12,2,0,40.0
101045,DEPOSIT,6,1,18,1,5,3,13,2,0,10.42
101045,INSURANCE,20,1,32,1,13,5,15,1,1,84.27
101045,CREDIT_CARD,12,1,9,1,4,5,15,1,1,10.9
101078,DEPOSIT,6,1,12,1,9,4,10,5,1,17.37
101078,ACC_OPEN,25,0,12,0,1,4,12,1,0,6.04
101056,ATM_CDM,8,1,40,1,16,6,11,5,1,31.81
101078,WITHDRAW,5,1,17,1,10,5,9,3,1,10.89
101056,ATM_CDM,8,1,9,1,9,7,14,3,1,10.62
101033,DEPOSIT,6,1,2,1,0,2,12,4,0,0.53
101045,INVEST,22,0,14,1,4,4,11,5,1,36.56
101045,ACC_OPEN,25,0,6,1,9,5,10,1,1,47.02
101045,FIXED_DEP,15,0,24,1,6,5,14,5,1,28.25
101056,ATM_CDM,8,0,14,1,9,4,9,5,1,25.66
101056,CUST_SVC,10,1,18,1,6,4,10,4,1,22.13
101012,ATM_CDM,8,1,16,1,6,5,11,2,1,12.15
101045,ATM_CDM,8,1,1,1,2,4,13,2,0,4.63
101056,INSURANCE,20,1,8,1,8,4,9,4,1,43.72
101045,ACC_OPEN,25,1,12,1,8,4,10,5,1,64.77
101012,DEPOSIT,6,0,36,1,10,8,11,5,1,5.67
101033,REMITTANCE,10,0,10,1,8,4,10,5,1,24.28
101045,DEPOSIT,6,0,14,1,6,7,14,4,1,5.04
101045,DEPOSIT,6,1,31,1,9,7,10,5,1,5.44
101033,FIXED_DEP,15,1,10,1,6,4,11,2,1,19.13
101033,ATM_CDM,8,1,3,1,3,5,14,5,1,4.6
101012,ATM_CDM,8,0,19,1,7,6,11,3,1,11.74
101012,LOAN,30,1,19,1,13,6,9,5,1,76.42
101033,ATM_CDM,8,1,16,1,6,4,14,4,1,11.14
101045,BIZ_BANK,18,1,13,1,3,2,12,3,0,21.44
101078,REMITTANCE,10,1,12,1,5,2,13,4,0,30.38
101056,INSURANCE,20,0,26,1,8,7,15,1,1,26.79
101045,BIZ_BANK,18,0,29,1,7,6,14,1,1,26.47
101045,CREDIT_CARD,12,1,12,1,7,5,10,1,1,31.24
101056,ONLINE_SUP,12,1,7,1,5,5,11,5,1,20.77
101045,ACC_OPEN,25,0,18,1,3,4,9,4,1,31.66
101056,REMITTANCE,10,1,12,1,1,3,12,5,0,4.02
101012,INVEST,22,1,1,1,6,2,13,3,0,61.23
101078,ATM_CDM,8,0,16,1,9,8,9,2,1,9.19
101056,LOAN,30,1,30,1,7,4,11,5,1,63.75
101012,ACC_OPEN,25,1,10,1,4,6,11,2,1,39.07
101078,INSURANCE,20,0,1,1,9,6,14,1,1,20.32
101033,WITHDRAW,5,0,19,0,6,6,15,3,1,6.22
101078,DEPOSIT,6,1,21,1,9,7,10,4,1,11.65
101078,ATM_CDM,8,0,5,1,7,8,10,5,1,5.44
101012,CREDIT_CARD,12,0,5,1,11,5,15,5,1,22.97
101012,DEPOSIT,6,1,32,1,9,4,16,5,1,20.68
101078,REMITTANCE,10,1,14,1,11,5,14,1,1,17.36
101033,ACC_OPEN,25,1,10,1,2,7,14,2,1,11.01
101078,DEPOSIT,6,1,16,1,3,2,13,1,0,9.69
101045,DEPOSIT,6,0,7,1,9,5,10,5,1,11.59
101056,FIXED_DEP,15,0,30,1,8,7,10,5,1,24.92
101033,CREDIT_CARD,12,0,5,1,2,5,11,2,1,5.51
101056,DEPOSIT,6,0,9,1,6,4,16,3,1,4.95
101012,LOAN,30,1,3,1,6,2,13,5,0,90.0
101033,CUST_SVC,10,1,23,1,8,8,15,2,1,13.79
101045,INSURANCE,20,1,8,1,6,5,15,1,1,33.67
101045,ONLINE_SUP,12,1,13,1,4,5,15,2,1,13.64
101078,ATM_CDM,8,1,5,1,4,8,14,2,1,4.28
101012,DEPOSIT,6,1,13,1,8,7,11,3,1,8.95
101012,REMITTANCE,10,1,24,1,6,5,16,4,1,14.85
101078,CUST_SVC,10,1,30,1,7,7,15,5,1,12.54
101045,ONLINE_SUP,12,1,12,1,3,6,9,2,1,3.96
101012,ACC_OPEN,25,1,13,1,13,4,10,2,1,89.92
101045,CUST_SVC,10,0,3,0,4,6,14,3,1,11.1
101012,WITHDRAW,5,0,7,1,5,4,9,3,1,8.13
101078,ATM_CDM,8,1,16,1,6,5,10,3,1,10.6
101012,ACC_OPEN,25,0,15,0,9,4,10,4,1,85.12
101045,CUST_SVC,10,0,14,1,7,6,16,1,1,9.51
101078,ATM_CDM,8,1,5,1,3,4,14,1,1,9.27
101012,CUST_SVC,10,1,2,1,14,6,14,1,1,24.6
101012,REMITTANCE,10,0,8,1,9,5,11,2,1,19.3
101012,DEPOSIT,6,0,8,1,8,5,10,5,1,8.14
101045,ATM_CDM,8,1,25,1,6,3,16,5,1,13.31
101033,CREDIT_CARD,12,0,1,1,5,7,15,5,1,8.46
101045,ACC_OPEN,25,1,17,1,4,4,14,1,1,17.59
101012,WITHDRAW,5,1,2,1,10,5,14,1,1,9.17
101056,ATM_CDM,8,0,41,1,13,6,14,2,1,20.4
101056,ATM_CDM,8,1,15,1,9,3,13,1,0,18.35
101078,DEPOSIT,6,1,14,1,8,4,14,1,1,16.36
101045,INSURANCE,20,1,2,1,6,5,10,1,1,35.29
101012,LOAN,30,0,2,1,7,3,13,1,0,65.76
101078,DEPOSIT,6,1,14,1,4,4,12,5,0,8.14
101045,INVEST,22,0,28,1,9,4,10,1,1,63.25
101056,ACC_OPEN,25,1,22,1,12,4,11,5,1,64.5
101078,ACC_OPEN,25,1,10,1,6,4,10,2,1,45.13
101033,DEPOSIT,6,0,31,1,8,7,10,2,1,3.9
101012,BIZ_BANK,18,1,21,1,6,4,12,5,0,33.29
101045,LOAN,30,1,7,1,2,3,13,2,0,17.88
101045,ACC_OPEN,25,1,1,1,0,6,14,2,1,0.4
101056,INSURANCE,20,1,7,1,3,4,12,5,0,17.95
101012,CUST_SVC,10,0,37,1,10,6,9,4,1,13.76
101078,INVEST,22,1,6,1,5,4,10,4,1,29.45
101045,CREDIT_CARD,12,1,16,1,4,5,9,4,1,10.62
101033,DEPOSIT,6,1,17,1,7,5,15,4,1,9.59
101056,BIZ_BANK,18,0,9,1,12,4,15,5,1,30.2
101078,CUST_SVC,10,1,19,1,6,6,11,1,1,8.14
101045,CUST_SVC,10,0,7,1,1,5,14,5,1,2.01
101056,WITHDRAW,5,0,49,1,14,6,10,1,1,16.4
101012,ACC_OPEN,25,0,8,1,7,4,13,4,0,42.83
101078,INSURANCE,20,0,9,1,2,4,10,2,1,4.04
101012,ATM_CDM,8,1,29,1,14,7,10,5,1,17.14
101045,ONLINE_SUP,12,1,10,1,3,2,13,5,0,20.14
101045,ACC_OPEN,25,0,9,0,5,5,11,1,1,28.52
101078,DEPOSIT,6,1,1,1,3,8,10,1,1,0.97
101045,REMITTANCE,10,1,11,1,8,4,15,5,1,34.13
101033,CREDIT_CARD,12,0,5,0,8,6,14,3,1,21.5
101045,CUST_SVC,10,0,30,1,9,4,9,1,1,9.59
101078,CREDIT_CARD,12,1,21,1,4,3,12,4,0,14.05
101078,ACC_OPEN,25,0,1,1,1,2,12,1,0,10.54
101056,INVEST,22,1,17,1,6,5,11,1,1,45.19
101056,ONLINE_SUP,12,0,16,1,6,3,16,4,1,18.73
101012,LOAN,30,0,3,1,2,4,13,5,0,14.92
101045,DEPOSIT,6,1,44,1,12,4,9,1,1,22.83
101033,CREDIT_CARD,12,1,24,1,5,7,11,3,1,6.62
101056,ONLINE_SUP,12,1,1,1,8,7,15,4,1,14.09
101056,WITHDRAW,5,0,10,1,8,7,15,3,1,5.52
101078,CUST_SVC,10,1,17,1,9,4,10,1,1,31.59
101056,INSURANCE,20,0,19,1,4,5,10,5,1,15.85
101012,CUST_SVC,10,1,7,1,7,4,15,3,1,20.32
101033,CUST_SVC,10,1,8,1,2,3,12,2,0,8.69
101033,CREDIT_CARD,12,0,20,1,9,6,9,5,1,18.14
101078,ATM_CDM,8,1,21,1,9,6,10,3,1,12.34
101056,CREDIT_CARD,12,1,25,1,7,5,9,4,1,13.51
101033,DEPOSIT,6,0,21,1,9,4,9,5,1,9.31
101056,CUST_SVC,10,1,6,1,9,8,10,3,1,9.54
101045,ACC_OPEN,25,1,1,1,5,4,9,4,1,21.75
101056,CREDIT_CARD,12,1,8,1,9,4,9,1,1,50.92
101056,DEPOSIT,6,1,33,1,9,8,11,2,1,7.39
101033,DEPOSIT,6,0,29,1,7,5,10,2,1,5.97
101033,BIZ_BANK,18,0,20,1,6,6,16,3,1,11.91
101056,ACC_OPEN,25,1,3,1,7,5,16,1,1,53.19
101078,ACC_OPEN,25,0,13,0,8,4,15,2,1,56.05
101078,CUST_SVC,10,1,19,1,10,4,14,1,1,26.36
101012,CREDIT_CARD,12,1,21,1,7,6,11,4,1,17.55
101056,BIZ_BANK,18,1,27,1,6,4,12,2,0,40.93
101045,DEPOSIT,6,1,17,1,7,6,10,4,1,4.45
101012,ATM_CDM,8,0,6,1,4,3,13,3,0,8.91
101078,ONLINE_SUP,12,1,22,1,10,5,14,2,1,30.21
101033,ACC_OPEN,25,0,4,1,5,4,15,5,1,39.28
101012,DEPOSIT,6,0,39,1,10,5,10,4,1,13.74
101045,DEPOSIT,6,1,23,1,7,7,15,3,1,1.41
101012,LOAN,30,1,41,1,12,5,14,4,1,58.3
101056,CREDIT_CARD,12,1,18,1,10,6,10,2,1,22.86
101078,ATM_CDM,8,1,6,1,3,3,13,1,0,7.09
101056,ATM_CDM,8,1,30,1,7,4,10,2,1,16.83
101056,ATM_CDM,8,1,27,1,8,6,10,1,1,15.15
101056,ACC_OPEN,25,1,24,1,5,4,9,5,1,39.44
101078,ONLINE_SUP,12,1,12,1,8,5,14,1,1,25.96
101033,INVEST,22,1,28,1,8,5,9,5,1,37.96
101045,CUST_SVC,10,1,8,1,2,5,16,3,1,5.28
101056,DEPOSIT,6,1,12,1,8,8,14,2,1,3.37
101033,CUST_SVC,10,1,26,1,7,5,9,4,1,15.99
101045,ATM_CDM,8,0,34,1,11,5,9,1,1,27.41
101078,ATM_CDM,8,0,4,1,1,3,13,3,0,2.08
101056,REMITTANCE,10,0,12,1,10,5,14,3,1,16.08
101045,CREDIT_CARD,12,1,12,1,4,6,14,1,1,8.87
101033,INVEST,22,0,27,1,8,6,10,5,1,24.08
101078,ATM_CDM,8,1,29,1,10,4,9,5,1,13.13
101056,CUST_SVC,10,0,12,1,2,4,12,5,0,3.34
101056,BIZ_BANK,18,0,28,1,8,5,14,1,1,28.39
101033,INSURANCE,20,0,30,1,7,6,15,2,1,15.76
101078,ACC_OPEN,25,1,13,1,4,3,16,1,1,41.55
101033,DEPOSIT,6,1,31,1,11,2,13,5,0,32.95
101012,ATM_CDM,8,1,28,1,8,5,15,5,1,11.12
101078,REMITTANCE,10,1,23,1,10,6,10,1,1,17.85
101033,CUST_SVC,10,1,16,1,5,5,14,3,1,12.12
101056,LOAN,30,1,12,1,10,4,11,5,1,90.0
101012,DEPOSIT,6,0,19,1,8,5,15,4,1,12.66
101012,CUST_SVC,10,0,20,0,5,4,15,3,1,16.63
101045,LOAN,30,1,6,1,2,4,13,2,0,19.78
101045,LOAN,30,1,11,1,9,4,15,5,1,62.87
101078,DEPOSIT,6,1,13,1,5,7,9,4,1,5.67
101012,CREDIT_CARD,12,0,11,0,7,4,16,1,1,30.83
101056,CREDIT_CARD,12,0,1,1,5,4,12,5,0,7.47
101045,BIZ_BANK,18,1,12,1,8,6,10,2,1,20.71
101012,ACC_OPEN,25,0,44,0,13,6,14,1,1,51.83
101056,ACC_OPEN,25,0,21,1,7,5,9,5,1,46.57
101056,CREDIT_CARD,12,0,1,1,5,5,16,2,1,11.37
101045,BIZ_BANK,18,0,24,1,5,4,14,4,1,15.01
101033,FIXED_DEP,15,1,13,1,8,5,11,1,1,24.04
101078,INVEST,22,0,15,1,2,4,14,3,1,12.55
101056,DEPOSIT,6,1,10,1,7,5,9,4,1,6.31
101056,CUST_SVC,10,1,5,1,4,4,12,5,0,13.1
101078,INVEST,22,1,20,1,4,5,11,1,1,19.92
101012,BIZ_BANK,18,1,23,1,14,6,10,2,1,23.81
101033,CUST_SVC,10,1,11,1,5,8,10,3,1,8.89
101056,ATM_CDM,8,1,2,1,9,5,10,2,1,16.97
101056,ATM_CDM,8,1,16,1,11,6,15,3,1,22.56
101012,BIZ_BANK,18,0,12,1,3,4,12,2,0,17.06
101056,BIZ_BANK,18,1,13,1,10,5,10,2,1,34.85
101033,ATM_CDM,8,1,25,1,6,5,11,5,1,12.81
101078,LOAN,30,1,16,1,8,8,11,5,1,47.89
101078,DEPOSIT,6,0,6,1,2,4,13,5,0,2.79
101078,DEPOSIT,6,1,5,1,5,4,15,4,1,9.94
101078,CUST_SVC,10,1,6,1,6,4,16,3,1,15.5
101056,INSURANCE,20,0,5,1,10,4,9,1,1,41.59
101056,DEPOSIT,6,0,46,1,13,6,11,1,1,19.29
101045,REMITTANCE,10,0,7,1,0,4,12,4,0,0.7
101033,LOAN,30,1,1,1,2,7,15,5,1,11.59
101012,BIZ_BANK,18,1,32,1,9,5,16,1,1,48.24
101033,ATM_CDM,8,1,4,1,10,4,10,2,1,18.46
101033,CREDIT_CARD,12,0,21,1,9,4,9,5,1,15.08
101045,ACC_OPEN,25,0,10,1,6,6,9,5,1,20.68
101045,INSURANCE,20,0,27,1,6,3,16,4,1,69.38
101056,CUST_SVC,10,0,33,1,8,7,9,3,1,8.5
101078,DEPOSIT,6,0,3,1,12,6,10,1,1,19.52
101056,ACC_OPEN,25,1,17,1,9,3,16,1,1,85.49
101033,ATM_CDM,8,1,35,1,10,6,15,5,1,15.59
101078,BIZ_BANK,18,1,6,1,6,4,14,5,1,11.95
101045,ACC_OPEN,25,1,9,1,13,7,10,5,1,49.55
101078,CUST_SVC,10,1,18,1,6,4,10,2,1,25.52
101033,CREDIT_CARD,12,1,17,1,5,4,14,3,1,21.1
101078,ONLINE_SUP,12,1,2,1,4,4,12,3,0,9.39
101056,ACC_OPEN,25,0,18,1,6,4,11,1,1,58.2
101012,DEPOSIT,6,1,22,1,6,3,16,5,1,9.89
101033,DEPOSIT,6,0,36,1,9,5,11,1,1,13.03
101045,CREDIT_CARD,12,0,6,0,9,4,11,5,1,35.83
101033,ATM_CDM,8,1,32,1,8,4,16,1,1,18.62
101045,ATM_CDM,8,0,13,1,4,6,10,2,1,6.12
101012,ACC_OPEN,25,1,14,1,7,5,9,4,1,28.14
101056,CUST_SVC,10,1,5,1,8,8,9,4,1,12.5
101078,LOAN,30,1,11,1,3,6,15,4,1,20.28
101012,DEPOSIT,6,0,22,1,10,6,15,1,1,8.0
101056,CUST_SVC,10,1,16,1,6,7,10,4,1,9.05
101033,DEPOSIT,6,1,19,1,5,4,14,1,1,11.81
101078,ACC_OPEN,25,1,21,1,10,6,15,1,1,68.02
101033,DEPOSIT,6,1,13,1,5,8,10,5,1,4.93
101056,INSURANCE,20,1,7,1,3,6,10,4,1,9.75
101045,ATM_CDM,8,1,3,1,8,7,10,5,1,15.83
101033,CREDIT_CARD,12,1,28,1,7,6,14,1,1,14.44
101045,WITHDRAW,5,1,1,1,2,7,15,2,1,1.6
101033,DEPOSIT,6,0,23,1,5,5,11,5,1,5.17
101056,ACC_OPEN,25,1,2,1,8,5,10,1,1,58.92
101012,CREDIT_CARD,12,1,12,1,6,5,11,4,1,14.23
101045,CREDIT_CARD,12,1,6,1,7,8,15,1,1,14.73
101045,BIZ_BANK,18,1,12,1,6,5,14,3,1,30.67
101056,LOAN,30,1,4,1,9,3,16,3,1,58.56
101033,CREDIT_CARD,12,1,5,1,4,3,13,4,0,9.89
101033,WITHDRAW,5,1,31,1,10,7,11,1,1,5.29
101056,ATM_CDM,8,1,23,1,5,4,11,5,1,10.17
101056,ATM_CDM,8,1,4,1,5,3,12,4,0,10.4
101056,LOAN,30,1,29,1,9,6,10,1,1,46.16
101012,LOAN,30,1,22,1,12,4,9,5,1,90.0
101033,ATM_CDM,8,1,1,1,10,5,9,2,1,6.5
101078,CUST_SVC,10,1,35,1,10,6,10,1,1,28.14
101045,BIZ_BANK,18,1,6,1,2,4,10,5,1,7.12
101045,ACC_OPEN,25,1,14,1,2,4,9,1,1,10.28
101078,INVEST,22,1,2,1,4,5,10,2,1,21.3
101045,CUST_SVC,10,0,30,1,7,5,15,4,1,16.02
101078,INVEST,22,0,6,1,4,5,15,4,1,5.46
101012,BIZ_BANK,18,1,35,1,10,6,15,1,1,28.49
101056,CUST_SVC,10,1,28,1,7,6,10,3,1,16.47
101012,LOAN,30,0,23,1,13,4,15,1,1,90.0
101033,BIZ_BANK,18,1,1,1,2,5,11,2,1,5.9
101078,REMITTANCE,10,1,9,1,1,6,11,4,1,0.0
101056,BIZ_BANK,18,1,13,1,3,5,11,2,1,17.61
101045,INVEST,22,1,10,1,4,5,16,1,1,20.6
101045,ACC_OPEN,25,0,8,1,4,4,9,3,1,14.05
101012,REMITTANCE,10,1,7,1,5,3,16,1,1,26.39
101012,CREDIT_CARD,12,1,15,1,7,8,11,1,1,14.84
101012,ACC_OPEN,25,0,14,1,5,3,13,1,0,40.41
101045,DEPOSIT,6,1,34,1,9,4,14,2,1,14.21
101012,DEPOSIT,6,1,4,1,13,7,9,2,1,15.55
101045,INVEST,22,0,28,0,7,4,11,4,1,22.4
101078,CREDIT_CARD,12,0,17,1,8,6,10,3,1,17.6
101012,BIZ_BANK,18,1,18,1,7,5,14,3,1,24.14
101045,CREDIT_CARD,12,1,20,1,4,4,13,2,0,11.84
101056,ACC_OPEN,25,1,7,1,8,5,15,2,1,56.67
101078,INVEST,22,1,18,1,9,4,10,3,1,52.52
101045,CUST_SVC,10,1,14,1,6,5,16,2,1,16.83
101033,BIZ_BANK,18,0,25,1,6,4,12,5,0,37.42
101012,CUST_SVC,10,0,9,1,13,4,14,2,1,43.37
101012,ATM_CDM,8,1,38,1,10,4,9,1,1,39.49
101012,ATM_CDM,8,0,42,0,14,7,10,5,1,19.51
101078,ONLINE_SUP,12,1,16,1,6,5,15,5,1,19.48
101045,CUST_SVC,10,0,20,0,9,8,14,1,1,16.13
101033,REMITTANCE,10,0,9,1,7,7,16,3,1,11.18
101033,CUST_SVC,10,0,10,1,1,4,12,4,0,2.21
101033,ATM_CDM,8,1,17,1,11,5,15,1,1,26.31
101056,CUST_SVC,10,1,51,1,14,6,11,4,1,30.81
101078,DEPOSIT,6,1,13,1,9,4,15,1,1,16.65
101056,FIXED_DEP,15,0,22,1,7,4,13,1,0,30.97
101056,ATM_CDM,8,1,2,1,7,8,11,1,1,7.23
101056,CREDIT_CARD,12,1,9,1,5,4,16,5,1,21.04
101033,ATM_CDM,8,1,24,1,5,6,14,1,1,2.99
101045,CREDIT_CARD,12,1,7,1,0,4,12,2,0,1.35
101012,CREDIT_CARD,12,0,1,1,8,6,9,4,1,18.64
101078,INSURANCE,20,1,11,1,3,5,16,4,1,12.77
101012,REMITTANCE,10,1,22,1,7,5,14,2,1,14.64
101045,ATM_CDM,8,0,5,1,6,7,10,1,1,7.56
101033,LOAN,30,0,5,1,3,7,9,1,1,13.3
101078,DEPOSIT,6,1,20,1,8,7,14,3,1,7.54
101078,ATM_CDM,8,0,30,1,8,8,15,5,1,6.94
101056,LOAN,30,1,23,1,5,5,16,2,1,42.91
101045,CREDIT_CARD,12,0,2,1,7,6,9,4,1,22.12
101012,CUST_SVC,10,1,11,1,8,7,15,1,1,11.29
101056,INSURANCE,20,1,17,1,10,6,11,4,1,20.02
101078,ACC_OPEN,25,1,26,1,9,4,11,1,1,46.9
101033,LOAN,30,0,12,1,5,4,13,4,0,17.96
101056,CUST_SVC,10,1,6,1,12,3,12,1,0,58.63
101033,INVEST,22,0,17,1,6,3,16,5,1,24.1
101078,CUST_SVC,10,1,11,1,4,6,14,4,1,8.91
101078,ONLINE_SUP,12,0,23,0,9,5,9,1,1,23.09
101078,CREDIT_CARD,12,1,5,1,4,4,16,2,1,5.77
101045,BIZ_BANK,18,1,21,1,7,7,15,5,1,26.66
101033,ATM_CDM,8,1,33,1,9,7,14,4,1,13.98
101033,CUST_SVC,10,1,8,1,8,6,14,2,1,12.98
101078,CREDIT_CARD,12,1,17,1,7,5,9,5,1,24.12
101078,INVEST,22,1,9,1,8,6,16,1,1,37.48
101078,DEPOSIT,6,0,8,1,3,5,9,3,1,3.54
101012,BIZ_BANK,18,0,21,1,7,6,14,3,1,11.05
101045,DEPOSIT,6,0,11,1,1,4,13,5,0,0.58
101012,CREDIT_CARD,12,1,15,1,4,2,13,3,0,20.54
101012,ATM_CDM,8,1,34,1,14,6,10,1,1,29.67
101033,LOAN,30,0,12,0,10,4,11,5,1,90.0
101056,INSURANCE,20,1,12,1,1,2,12,2,0,8.87
101045,BIZ_BANK,18,0,26,1,8,5,15,5,1,21.86
101033,FIXED_DEP,15,1,12,1,7,5,9,5,1,21.02
101045,ONLINE_SUP,12,1,8,1,11,5,15,5,1,40.93
101078,BIZ_BANK,18,1,6,1,1,7,16,3,1,3.26
101045,CUST_SVC,10,1,12,1,3,5,15,1,1,3.8
101012,ATM_CDM,8,1,1,1,7,2,13,3,0,21.73
101056,REMITTANCE,10,1,14,1,5,2,12,2,0,36.59
101056,LOAN,30,1,12,1,8,6,15,4,1,54.7
101078,CUST_SVC,10,0,19,1,9,6,10,4,1,18.34
101033,REMITTANCE,10,1,5,1,4,4,14,2,1,7.62
101033,DEPOSIT,6,1,16,1,7,6,15,2,1,10.65
101012,CUST_SVC,10,0,1,0,3,6,15,2,1,6.45
101012,WITHDRAW,5,1,22,1,13,4,9,1,1,31.52
101045,CUST_SVC,10,1,22,1,5,6,14,2,1,9.85
101045,DEPOSIT,6,1,36,1,9,6,11,1,1,11.13
101045,INVEST,22,1,19,1,5,4,11,2,1,34.69
101056,CUST_SVC,10,1,19,1,9,5,14,3,1,19.76
101033,CREDIT_CARD,12,1,5,1,6,8,15,2,1,7.04
101012,INVEST,22,0,18,1,10,7,14,3,1,43.25
101045,REMITTANCE,10,1,12,1,10,5,15,3,1,28.33
101033,INSURANCE,20,1,16,1,7,6,14,1,1,34.08
101033,REMITTANCE,10,0,11,1,4,2,13,5,0,13.91
101056,ATM_CDM,8,0,2,1,1,8,15,3,1,0.18
101033,CREDIT_CARD,12,0,27,0,10,6,9,5,1,6.34
101056,DEPOSIT,6,0,27,1,7,5,16,2,1,6.61
101045,CREDIT_CARD,12,1,18,1,5,5,16,1,1,10.89
101078,CUST_SVC,10,0,15,1,5,4,10,5,1,8.73
101012,DEPOSIT,6,1,9,1,7,2,13,1,0,19.24
101012,WITHDRAW,5,1,6,1,19,5,9,5,1,20.97
101033,CUST_SVC,10,1,1,1,3,6,15,5,1,3.52
101056,DEPOSIT,6,1,5,1,5,4,10,4,1,11.89
101033,CREDIT_CARD,12,1,8,1,11,3,16,1,1,72.55
101012,ATM_CDM,8,1,15,1,2,2,12,5,0,9.11
101033,BIZ_BANK,18,0,27,1,9,4,9,1,1,38.69
101078,ATM_CDM,8,0,20,0,9,4,14,5,1,20.03
101045,ATM_CDM,8,0,16,1,4,5,16,1,1,4.71
101012,ATM_CDM,8,1,16,1,3,6,16,2,1,6.01
101078,ONLINE_SUP,12,0,20,1,13,8,10,1,1,25.42
101078,INVEST,22,1,34,1,11,6,11,4,1,39.33
101045,ATM_CDM,8,1,14,1,2,8,14,2,1,2.45
101056,INSURANCE,20,1,8,1,4,7,11,3,1,11.05
101033,BIZ_BANK,18,0,22,1,9,6,15,5,1,25.02
101012,CUST_SVC,10,0,19,0,5,4,13,2,0,17.07
101056,CUST_SVC,10,1,3,1,9,7,10,2,1,11.23
101078,REMITTANCE,10,0,6,1,9,5,9,1,1,13.77
101033,CREDIT_CARD,12,1,11,1,9,5,9,1,1,31.2
101045,CREDIT_CARD,12,1,8,1,4,5,16,1,1,8.52
101045,FIXED_DEP,15,1,27,1,6,5,16,5,1,25.49
101045,FIXED_DEP,15,0,6,1,1,8,9,5,1,1.91
101045,INSURANCE,20,1,25,1,8,4,14,1,1,62.29
101033,FIXED_DEP,15,1,15,1,8,7,11,5,1,12.11
101056,CUST_SVC,10,0,20,1,9,5,14,2,1,18.28
101045,INSURANCE,20,1,5,1,3,2,13,1,0,25.76
101033,FIXED_DEP,15,1,9,1,1,6,15,3,1,1.35
101033,FIXED_DEP,15,1,21,1,7,8,14,3,1,11.26
101078,LOAN,30,1,10,1,3,2,13,2,0,25.93
101012,DEPOSIT,6,0,20,0,8,6,11,5,1,8.69
101012,INVEST,22,0,2,0,5,2,12,2,0,54.69
101033,DEPOSIT,6,1,6,1,3,2,12,2,0,10.9
101033,ATM_CDM,8,1,11,1,4,7,11,3,1,3.74
101045,ATM_CDM,8,0,9,1,1,3,16,5,1,2.75
101045,INVEST,22,0,17,1,4,7,15,5,1,14.39
101056,DEPOSIT,6,1,15,1,3,3,16,4,1,8.94
101078,LOAN,30,1,12,1,5,7,11,2,1,15.81
101056,ATM_CDM,8,0,38,1,10,4,9,2,1,20.06
101045,ACC_OPEN,25,1,27,1,8,6,15,3,1,35.2
101033,CREDIT_CARD,12,1,10,1,1,3,13,1,0,3.47
101033,INVEST,22,0,2,1,5,5,15,4,1,13.18
101033,CREDIT_CARD,12,0,9,1,9,7,15,5,1,14.77
101033,LOAN,30,1,17,1,6,5,15,5,1,50.28
101056,DEPOSIT,6,0,8,1,7,7,16,2,1,5.64
101033,DEPOSIT,6,1,11,1,1,7,15,4,1,0.74
101012,BIZ_BANK,18,1,11,1,11,4,14,2,1,59.46
101012,REMITTANCE,10,1,25,1,7,2,13,2,0,29.45
101056,INSURANCE,20,1,11,1,2,4,12,4,0,14.86
101045,DEPOSIT,6,1,9,1,6,6,15,5,1,9.61
101056,BIZ_BANK,18,0,27,1,6,6,9,3,1,15.22
101045,ATM_CDM,8,0,3,1,8,2,12,5,0,32.14
101078,ACC_OPEN,25,1,4,1,4,8,9,4,1,16.64
101012,DEPOSIT,6,0,39,1,10,6,10,2,1,4.91
101012,CUST_SVC,10,1,26,1,14,5,10,4,1,25.47
101056,LOAN,30,1,16,1,4,7,9,3,1,19.25
101012,ATM_CDM,8,1,16,1,5,5,16,4,1,15.89
101078,INSURANCE,20,1,9,1,4,6,14,4,1,16.81
101078,DEPOSIT,6,1,2,1,6,4,13,2,0,11.45
101033,ATM_CDM,8,0,15,0,7,7,11,5,1,7.6
101056,ACC_OPEN,25,1,14,1,3,3,12,3,0,30.49
101012,REMITTANCE,10,0,34,1,9,4,14,5,1,32.39
101033,DEPOSIT,6,1,26,1,17,6,10,1,1,19.76
101078,CREDIT_CARD,12,0,3,0,3,5,15,4,1,7.84
101033,CUST_SVC,10,1,27,1,6,5,9,1,1,21.54
101045,CREDIT_CARD,12,1,15,1,6,3,13,5,0,24.77
101012,ACC_OPEN,25,0,24,1,8,7,11,5,1,37.25
101045,DEPOSIT,6,1,16,1,3,5,10,2,1,3.76
101056,CUST_SVC,10,1,12,1,3,7,14,3,1,3.48
101012,DEPOSIT,6,0,14,0,7,4,11,1,1,12.95
101012,CUST_SVC,10,1,9,1,6,4,9,4,1,20.72
101012,INSURANCE,20,1,19,1,8,5,10,4,1,31.92
101033,REMITTANCE,10,0,31,1,8,4,12,4,0,24.66
101012,LOAN,30,0,19,1,6,3,13,2,0,34.72
101045,INSURANCE,20,0,22,1,9,5,15,1,1,35.46
101045,CUST_SVC,10,0,24,1,10,4,9,1,1,26.47
101078,WITHDRAW,5,1,19,1,7,4,14,2,1,11.32
101056,ACC_OPEN,25,1,29,1,7,5,16,3,1,37.45
101012,WITHDRAW,5,1,35,1,11,6,9,1,1,9.82
101033,CUST_SVC,10,0,7,1,5,5,9,1,1,9.34
101033,ATM_CDM,8,0,2,1,3,4,13,2,0,3.12
101045,CUST_SVC,10,1,5,1,2,4,14,3,1,7.14
101056,INSURANCE,20,0,9,1,4,4,12,1,0,17.43
101033,DEPOSIT,6,1,34,1,15,7,14,5,1,16.42
101056,CREDIT_CARD,12,1,23,1,5,4,9,2,1,24.87
101012,CREDIT_CARD,12,1,15,1,11,8,10,4,1,21.28
101012,INSURANCE,20,1,18,1,8,5,15,2,1,34.22
101012,ATM_CDM,8,0,13,0,6,5,11,3,1,7.51
101045,BIZ_BANK,18,1,20,1,6,3,13,1,0,42.47
101045,INSURANCE,20,1,13,1,5,4,15,3,1,34.38
101078,ATM_CDM,8,0,17,1,7,4,16,5,1,6.61
101056,DEPOSIT,6,1,29,1,8,3,13,2,0,17.14
101078,CREDIT_CARD,12,0,15,1,7,5,11,4,1,15.46
101056,INSURANCE,20,1,7,1,9,6,9,1,1,49.5
101078,CUST_SVC,10,1,31,1,9,4,14,5,1,28.63
101012,INSURANCE,20,1,6,1,2,2,13,4,0,29.71
101045,DEPOSIT,6,1,5,1,5,6,11,1,1,8.38
101045,CREDIT_CARD,12,1,15,1,6,5,11,5,1,11.81
101045,BIZ_BANK,18,0,1,1,4,8,10,2,1,14.02
101045,CUST_SVC,10,1,20,1,5,6,11,2,1,9.63
101045,CUST_SVC,10,1,25,1,8,4,15,5,1,17.59
101033,DEPOSIT,6,1,28,1,10,6,9,3,1,14.36
101033,CREDIT_CARD,12,1,8,1,0,4,13,2,0,0.72
101078,WITHDRAW,5,1,6,1,7,5,10,5,1,9.45
101078,INSURANCE,20,1,23,1,5,3,16,3,1,53.37
101012,DEPOSIT,6,1,24,1,6,4,15,3,1,13.6
101078,LOAN,30,1,11,1,5,4,11,1,1,44.79
101012,BIZ_BANK,18,1,19,1,10,4,10,1,1,58.23
101078,DEPOSIT,6,1,13,1,7,7,14,5,1,8.48
101012,CREDIT_CARD,12,0,28,1,12,5,9,1,1,24.21
101012,DEPOSIT,6,1,20,1,11,4,9,5,1,24.28
101056,ACC_OPEN,25,0,45,1,13,4,9,1,1,79.88
101045,INSURANCE,20,1,19,1,4,7,11,1,1,13.13
101078,DEPOSIT,6,1,26,1,7,7,9,1,1,10.36
101045,LOAN,30,1,19,1,4,5,9,4,1,25.11
101012,CREDIT_CARD,12,1,38,1,14,7,15,4,1,42.8
101078,ONLINE_SUP,12,1,3,1,9,3,13,3,0,37.33
101012,ATM_CDM,8,1,10,1,8,5,11,4,1,21.17
101012,DEPOSIT,6,0,5,0,2,2,13,4,0,8.23
101045,CUST_SVC,10,1,7,1,5,8,14,2,1,8.06
101033,CREDIT_CARD,12,1,34,1,11,7,9,1,1,33.36
101045,FIXED_DEP,15,1,4,1,2,4,10,4,1,9.0
101045,DEPOSIT,6,0,10,1,5,4,12,1,0,2.8
101056,REMITTANCE,10,1,21,1,8,7,11,5,1,16.36
101012,BIZ_BANK,18,1,8,1,3,6,15,5,1,4.07
101012,ACC_OPEN,25,1,6,1,8,7,10,4,1,19.35
101045,FIXED_DEP,15,1,6,1,1,3,13,3,0,5.41
101045,ACC_OPEN,25,1,43,1,12,5,15,1,1,33.58
101012,CREDIT_CARD,12,1,3,1,19,5,10,1,1,90.0
101012,CUST_SVC,10,1,40,1,11,5,15,3,1,35.16
101033,BIZ_BANK,18,0,18,1,6,6,9,4,1,21.51
101045,DEPOSIT,6,1,2,1,2,2,12,5,0,5.06
101033,INSURANCE,20,1,11,1,4,4,11,4,1,30.27
101056,ACC_OPEN,25,0,19,1,11,4,10,3,1,43.95
101012,CREDIT_CARD,12,1,42,1,11,7,15,5,1,26.03
101033,DEPOSIT,6,1,1,1,2,4,12,2,0,3.27
101045,BIZ_BANK,18,1,10,1,5,4,16,1,1,14.35
101078,ATM_CDM,8,1,11,1,12,4,15,5,1,26.47
101045,INSURANCE,20,0,16,1,10,3,16,2,1,75.39
101045,CREDIT_CARD,12,1,8,1,8,3,16,2,1,24.4
101056,ONLINE_SUP,12,1,17,1,8,5,15,5,1,27.35
101012,CUST_SVC,10,1,22,1,8,2,13,5,0,41.01
101045,DEPOSIT,6,1,17,1,3,7,9,5,1,1.22
101045,ATM_CDM,8,1,13,1,3,7,11,1,1,3.96
101056,LOAN,30,0,4,0,0,3,12,2,0,1.91
101056,CUST_SVC,10,1,19,1,6,7,14,5,1,12.49
101056,ACC_OPEN,25,1,32,1,10,8,11,4,1,42.31
101045,WITHDRAW,5,1,12,1,4,7,11,3,1,3.27
101033,ACC_OPEN,25,1,20,1,9,4,16,2,1,90.0
101045,BIZ_BANK,18,1,9,1,5,5,10,1,1,17.37
101012,DEPOSIT,6,1,18,1,5,6,11,4,1,7.95
101078,CUST_SVC,10,0,5,1,5,7,14,2,1,6.92
101033,ATM_CDM,8,1,26,1,8,6,9,4,1,12.66
101012,DEPOSIT,6,0,32,1,12,5,10,3,1,12.65
101012,LOAN,30,1,8,1,10,6,11,3,1,38.62
101045,CUST_SVC,10,0,12,1,5,4,14,1,1,13.89
101078,INSURANCE,20,1,29,1,8,6,15,4,1,18.53
101012,ATM_CDM,8,1,11,1,4,4,14,4,1,7.31
101012,ACC_OPEN,25,1,38,1,12,7,14,3,1,76.51
101045,CUST_SVC,10,1,16,1,3,3,16,2,1,8.22
101045,DEPOSIT,6,1,11,1,6,6,14,5,1,5.85
101045,ONLINE_SUP,12,1,6,1,6,7,11,1,1,6.85
101056,CREDIT_CARD,12,1,39,1,13,7,11,5,1,21.78
101033,ACC_OPEN,25,1,16,1,5,7,9,1,1,28.19
101045,CUST_SVC,10,0,8,1,5,5,10,2,1,13.36
101056,CREDIT_CARD,12,1,24,1,6,6,15,2,1,15.79
101045,ATM_CDM,8,1,14,1,3,4,13,5,0,9.46
101012,BIZ_BANK,18,0,8,1,4,4,14,2,1,21.11
101056,DEPOSIT,6,1,3,1,8,4,14,4,1,13.72
101056,FIXED_DEP,15,0,13,1,8,4,10,5,1,19.33
101045,ACC_OPEN,25,0,10,1,3,5,14,4,1,18.38
101056,DEPOSIT,6,0,6,1,7,4,9,3,1,8.19
101045,REMITTANCE,10,1,2,1,4,4,12,3,0,10.14
101012,ACC_OPEN,25,1,5,1,9,3,16,2,1,90.0
101078,DEPOSIT,6,1,8,1,8,4,9,2,1,7.77
101033,CREDIT_CARD,12,1,26,1,13,6,10,2,1,29.68
101056,INSURANCE,20,1,13,1,3,4,13,3,0,19.32
101033,ACC_OPEN,25,1,16,1,7,7,14,1,1,26.29
101012,INVEST,22,0,1,1,8,5,9,4,1,39.07
101012,LOAN,30,1,24,1,9,7,15,1,1,43.99
101078,DEPOSIT,6,1,15,1,6,6,15,1,1,5.89
101078,LOAN,30,1,34,1,12,7,15,5,1,52.67
101033,INVEST,22,1,8,1,9,3,13,1,0,46.18
101012,DEPOSIT,6,1,1,1,7,7,14,3,1,11.79
101033,FIXED_DEP,15,1,23,1,6,4,15,5,1,16.52
101056,ATM_CDM,8,1,4,1,10,4,15,5,1,31.91
101045,ACC_OPEN,25,0,7,0,7,3,16,1,1,42.63
101045,CUST_SVC,10,1,4,1,7,5,9,3,1,11.03
101056,ONLINE_SUP,12,1,24,1,8,4,14,5,1,49.02
101033,FIXED_DEP,15,1,42,1,12,5,14,1,1,48.4
101078,INSURANCE,20,0,21,0,11,8,15,1,1,25.48
101078,CUST_SVC,10,1,30,1,9,6,11,3,1,20.14
101012,INSURANCE,20,0,10,0,6,3,12,1,0,35.22
101045,BIZ_BANK,18,0,15,1,2,4,13,4,0,5.6
101012,CUST_SVC,10,1,5,1,5,3,13,2,0,9.89
101078,BIZ_BANK,18,0,2,1,7,4,14,1,1,28.86
101045,DEPOSIT,6,1,3,1,3,5,10,2,1,4.69
101033,CUST_SVC,10,1,16,1,7,6,14,2,1,17.15
101078,INSURANCE,20,1,7,1,6,7,14,1,1,14.39
101056,CUST_SVC,10,0,3,1,5,4,16,4,1,8.94
101056,CUST_SVC,10,1,14,1,4,3,13,3,0,9.57
101012,DEPOSIT,6,1,22,1,10,6,10,1,1,12.66
101012,DEPOSIT,6,1,18,1,3,4,13,3,0,3.45
101033,LOAN,30,1,27,1,7,6,9,3,1,58.9
101033,CREDIT_CARD,12,1,26,1,9,5,14,1,1,11.47
101078,CREDIT_CARD,12,0,3,0,11,5,15,1,1,38.42
101056,BIZ_BANK,18,0,21,1,4,6,11,2,1,3.22
101045,CREDIT_CARD,12,1,13,1,8,6,16,1,1,27.7
101078,ONLINE_SUP,12,1,31,1,9,6,16,1,1,24.09
101033,CUST_SVC,10,0,8,1,5,4,14,1,1,13.26
101012,CUST_SVC,10,0,23,1,5,3,13,1,0,17.62
101033,CUST_SVC,10,1,14,1,4,2,12,2,0,18.41
101056,ATM_CDM,8,0,9,1,9,7,15,1,1,7.72
101033,CUST_SVC,10,0,9,1,4,5,9,5,1,8.56
101045,INSURANCE,20,0,23,1,13,7,10,5,1,42.19
101045,CUST_SVC,10,1,10,1,6,4,11,5,1,19.19
101012,INSURANCE,20,0,19,1,7,5,16,3,1,35.59
101078,ACC_OPEN,25,0,21,1,10,4,11,2,1,75.09
101012,CREDIT_CARD,12,1,28,1,11,4,16,5,1,23.01
101078,ACC_OPEN,25,1,7,1,2,2,13,4,0,15.07
101033,DEPOSIT,6,1,16,1,8,7,10,3,1,9.05
101078,BIZ_BANK,18,0,7,1,3,3,13,4,0,11.24
101045,CREDIT_CARD,12,1,1,1,9,4,10,5,1,9.49
101012,CUST_SVC,10,1,5,1,11,6,10,1,1,31.89
101078,DEPOSIT,6,1,3,1,6,7,11,4,1,6.63
101078,ATM_CDM,8,1,15,1,9,5,10,2,1,21.55
101045,WITHDRAW,5,1,17,1,7,3,16,1,1,18.2
101056,CUST_SVC,10,1,3,1,5,7,10,4,1,6.18
101012,INVEST,22,1,31,1,8,4,14,4,1,50.09
101045,BIZ_BANK,18,1,19,1,4,5,16,1,1,12.1
101033,LOAN,30,0,3,1,10,8,14,1,1,46.04
101056,FIXED_DEP,15,1,12,1,7,4,11,5,1,35.42
101033,WITHDRAW,5,1,2,1,5,5,16,3,1,8.33
101012,ATM_CDM,8,1,15,1,4,4,12,3,0,10.3
101012,ACC_OPEN,25,0,22,1,6,8,14,4,1,9.08
101056,CUST_SVC,10,1,16,1,7,4,16,1,1,20.9
101056,CREDIT_CARD,12,0,20,1,14,5,10,1,1,52.99
101056,CUST_SVC,10,1,32,1,8,4,9,1,1,12.07
101033,REMITTANCE,10,0,11,1,10,5,14,2,1,15.85
101012,ACC_OPEN,25,1,3,1,4,2,12,4,0,31.49
101078,WITHDRAW,5,1,9,1,9,2,13,5,0,14.88
101033,ATM_CDM,8,0,38,1,12,6,16,2,1,12.44
101012,CUST_SVC,10,1,26,1,9,5,14,2,1,23.33
101056,FIXED_DEP,15,1,1,1,5,7,15,3,1,14.97
101012,ATM_CDM,8,0,20,1,8,4,10,5,1,24.91
101078,DEPOSIT,6,1,7,1,4,4,12,4,0,2.95
101033,LOAN,30,1,20,1,7,5,10,1,1,84.49
101045,CREDIT_CARD,12,0,6,1,4,6,14,1,1,7.65
101056,WITHDRAW,5,1,3,1,6,8,11,4,1,4.51
101056,BIZ_BANK,18,0,2,1,7,6,15,1,1,26.83
101033,ONLINE_SUP,12,1,20,1,5,5,9,3,1,9.97
101045,CUST_SVC,10,1,14,1,6,4,9,1,1,24.56
101012,ATM_CDM,8,0,22,1,6,4,12,3,0,18.01
101056,REMITTANCE,10,1,6,1,6,7,15,1,1,17.45
101045,INSURANCE,20,1,13,1,3,4,14,5,1,25.23
101056,REMITTANCE,10,1,3,1,7,3,13,5,0,38.73
101056,ACC_OPEN,25,1,17,1,3,4,13,1,0,14.29
101078,CUST_SVC,10,0,4,0,10,5,9,2,1,19.2
101012,INVEST,22,1,19,1,10,6,15,2,1,44.48
101033,CREDIT_CARD,12,0,1,1,9,6,14,4,1,15.88
101056,ACC_OPEN,25,1,11,1,9,4,11,3,1,47.26
101012,ATM_CDM,8,0,20,1,10,5,9,3,1,16.1
101056,CREDIT_CARD,12,1,48,1,13,5,10,1,1,65.53
101012,CUST_SVC,10,0,5,1,8,5,15,2,1,14.27
101045,WITHDRAW,5,0,15,1,6,5,11,5,1,7.53
101012,LOAN,30,0,29,0,8,4,15,5,1,60.95
101056,ATM_CDM,8,1,28,1,9,5,10,3,1,17.98
101033,LOAN,30,0,15,1,11,8,10,5,1,31.22
101045,DEPOSIT,6,0,12,1,11,3,16,2,1,21.62
101045,ATM_CDM,8,1,11,1,1,3,13,4,0,1.82
101078,REMITTANCE,10,1,8,1,2,7,14,2,1,4.67
101045,FIXED_DEP,15,0,11,1,6,5,10,5,1,15.75
101078,CUST_SVC,10,1,33,1,8,3,16,1,1,13.0
101078,ATM_CDM,8,1,2,1,7,4,15,4,1,17.79
101078,CUST_SVC,10,1,27,1,6,4,13,1,0,14.85
101078,ONLINE_SUP,12,0,2,1,5,6,14,3,1,12.99
101045,BIZ_BANK,18,1,5,1,3,6,16,2,1,10.84
101078,FIXED_DEP,15,1,2,1,2,5,10,2,1,5.93
101012,REMITTANCE,10,1,1,1,3,4,10,3,1,5.84
101056,CUST_SVC,10,0,44,1,13,6,15,5,1,22.53
101078,DEPOSIT,6,0,5,1,1,5,16,1,1,0.0
101045,CUST_SVC,10,1,2,1,3,2,13,1,0,21.67
101012,BIZ_BANK,18,0,21,1,9,7,15,3,1,22.26
101078,ATM_CDM,8,1,13,1,5,5,15,5,1,4.93
101033,ACC_OPEN,25,1,17,1,8,4,10,5,1,67.08
101078,CUST_SVC,10,0,26,1,9,6,10,2,1,21.4
101033,INVEST,22,1,44,1,16,5,9,5,1,67.68
101056,LOAN,30,1,3,1,9,5,11,1,1,57.53
101033,ACC_OPEN,25,1,15,1,3,5,11,2,1,18.22
101033,ATM_CDM,8,1,12,1,11,4,11,1,1,23.07
101045,DEPOSIT,6,0,17,1,7,6,11,2,1,4.53
101056,REMITTANCE,10,1,7,1,5,3,12,1,0,11.44
101045,DEPOSIT,6,1,15,1,8,6,9,5,1,12.73
101078,CUST_SVC,10,0,16,1,11,6,16,2,1,25.89
101056,CREDIT_CARD,12,1,12,1,1,2,12,2,0,7.76
101056,INSURANCE,20,1,12,1,6,4,15,2,1,40.02
101078,ACC_OPEN,25,1,32,1,9,5,15,2,1,50.68
101078,CREDIT_CARD,12,1,28,1,10,5,10,2,1,18.37
101012,ATM_CDM,8,0,31,1,10,6,14,1,1,14.09
101033,CREDIT_CARD,12,1,24,1,6,3,16,3,1,19.99
101033,DEPOSIT,6,0,29,1,8,3,13,1,0,17.45
101012,DEPOSIT,6,1,35,1,11,4,15,5,1,21.28
101012,ATM_CDM,8,1,13,1,9,6,10,4,1,17.15
101078,INVEST,22,0,17,0,8,4,14,5,1,54.72
101056,BIZ_BANK,18,1,23,1,8,5,10,1,1,32.23
101056,CREDIT_CARD,12,1,11,1,10,2,13,1,0,62.93
101012,INVEST,22,1,13,1,5,4,11,2,1,23.78
101045,DEPOSIT,6,1,4,1,6,7,14,5,1,5.57
101012,CREDIT_CARD,12,1,10,1,9,4,10,3,1,27.33
101045,CREDIT_CARD,12,0,19,0,8,4,14,3,1,32.39
101045,FIXED_DEP,15,1,9,1,5,4,14,3,1,20.78
101056,ATM_CDM,8,1,18,1,6,5,16,5,1,10.86
101078,DEPOSIT,6,1,26,1,6,7,14,5,1,3.3
101012,FIXED_DEP,15,1,2,1,9,4,11,5,1,33.78
101078,CUST_SVC,10,1,4,1,9,4,10,2,1,30.15
101045,ATM_CDM,8,1,25,1,9,4,14,5,1,21.35
101045,ATM_CDM,8,0,8,1,6,6,15,1,1,6.03
101078,REMITTANCE,10,0,13,1,9,8,9,5,1,10.26
101078,WITHDRAW,5,0,23,1,5,5,10,3,1,2.69
101012,DEPOSIT,6,1,4,1,8,5,9,4,1,7.55
101078,CUST_SVC,10,1,14,1,2,5,11,5,1,0.9
101056,ATM_CDM,8,1,24,1,6,4,14,2,1,5.39
101012,BIZ_BANK,18,0,19,1,9,5,9,5,1,25.38
101012,BIZ_BANK,18,0,33,1,11,7,10,3,1,19.13
101045,ATM_CDM,8,1,7,1,4,4,12,5,0,7.28
101033,ATM_CDM,8,1,12,1,5,5,10,3,1,7.51
101056,CREDIT_CARD,12,1,14,1,3,4,12,3,0,5.0
101078,CUST_SVC,10,0,6,1,8,4,9,1,1,19.51
101033,CREDIT_CARD,12,1,24,1,8,5,15,1,1,26.32
101012,CUST_SVC,10,1,8,1,9,4,10,5,1,24.47
101078,ACC_OPEN,25,0,5,1,8,4,10,2,1,27.6
101045,INVEST,22,0,14,1,2,5,10,4,1,11.69
101078,FIXED_DEP,15,1,14,1,5,3,13,3,0,29.46
101056,DEPOSIT,6,0,7,1,8,7,14,2,1,7.81
101012,CREDIT_CARD,12,0,9,0,9,7,14,3,1,25.27
101056,DEPOSIT,6,1,17,1,5,7,16,3,1,4.83
101045,DEPOSIT,6,1,9,1,2,2,12,2,0,2.55
101033,CUST_SVC,10,1,12,1,10,5,11,5,1,13.9
101056,ATM_CDM,8,1,7,1,4,6,11,1,1,6.34
101056,ONLINE_SUP,12,0,4,1,3,4,13,1,0,9.68
101012,INVEST,22,1,9,1,4,2,13,2,0,44.66
101078,CREDIT_CARD,12,1,21,1,6,7,14,3,1,14.38
101012,DEPOSIT,6,1,22,1,5,5,9,4,1,7.62
101056,DEPOSIT,6,1,1,1,2,3,12,3,0,4.27
101045,DEPOSIT,6,1,1,1,6,3,13,5,0,15.16
101045,ACC_OPEN,25,1,6,1,2,2,12,3,0,19.86
101078,CUST_SVC,10,1,19,1,6,4,16,4,1,25.98
101045,BIZ_BANK,18,0,10,1,5,4,15,5,1,16.77
101045,ACC_OPEN,25,1,5,1,7,3,16,2,1,52.32
101033,BIZ_BANK,18,1,26,1,6,3,16,2,1,53.47
101078,DEPOSIT,6,1,31,1,9,6,9,4,1,12.85
101045,DEPOSIT,6,0,10,1,3,6,14,5,1,2.19
101056,DEPOSIT,6,0,14,1,10,4,9,1,1,12.05
101012,LOAN,30,1,51,1,16,6,14,5,1,90.0
101012,CUST_SVC,10,0,16,1,12,4,14,2,1,39.09
101045,ATM_CDM,8,1,9,1,4,6,15,5,1,3.59
101056,DEPOSIT,6,0,2,1,4,4,16,5,1,7.92
101056,CREDIT_CARD,12,1,19,1,8,5,10,2,1,29.34
101033,LOAN,30,1,14,1,6,7,14,3,1,40.67
101056,BIZ_BANK,18,1,18,1,11,8,10,1,1,29.96
101078,INSURANCE,20,0,6,1,13,6,10,3,1,39.7
101078,ACC_OPEN,25,0,25,1,8,6,16,5,1,33.99
101012,DEPOSIT,6,0,18,1,5,2,13,1,0,15.02
101033,CUST_SVC,10,1,21,1,8,5,11,5,1,12.98
101078,ATM_CDM,8,1,2,1,4,6,14,2,1,4.4
101045,REMITTANCE,10,0,6,0,6,7,9,5,1,11.13
101045,INSURANCE,20,0,23,1,7,7,16,2,1,25.02
101033,ACC_OPEN,25,1,33,1,10,6,10,5,1,62.69
101078,INSURANCE,20,1,6,1,2,7,10,4,1,7.99
101078,ONLINE_SUP,12,1,20,1,7,8,14,1,1,7.83
101056,CUST_SVC,10,1,20,1,8,4,14,1,1,22.96
101045,CREDIT_CARD,12,0,44,1,12,4,15,1,1,38.24
101045,ACC_OPEN,25,1,9,1,3,3,13,3,0,24.88
101012,ATM_CDM,8,1,4,1,3,3,13,3,0,10.38
101078,ATM_CDM,8,0,27,1,9,7,11,1,1,10.9
101033,DEPOSIT,6,1,26,1,11,5,10,4,1,11.76
101033,ATM_CDM,8,0,6,1,7,8,10,3,1,8.6
101056,INSURANCE,20,1,9,1,13,8,15,1,1,24.56
101078,CUST_SVC,10,0,18,1,4,4,16,3,1,7.38
101033,CREDIT_CARD,12,1,51,1,14,4,10,5,1,65.56
101012,CREDIT_CARD,12,1,10,1,9,5,15,4,1,26.97
101012,ATM_CDM,8,1,42,1,13,5,15,2,1,25.07
101078,LOAN,30,0,19,1,8,4,9,2,1,50.88
101012,INSURANCE,20,0,16,1,13,4,15,4,1,42.99
101078,INSURANCE,20,1,16,1,3,2,12,1,0,25.16
101045,ONLINE_SUP,12,1,1,1,1,2,13,2,0,4.06
101045,INSURANCE,20,1,2,1,5,5,11,3,1,19.86
101045,CREDIT_CARD,12,1,25,1,9,5,11,1,1,41.77
101078,CREDIT_CARD,12,1,9,1,1,4,9,4,1,3.05
101056,INVEST,22,1,44,1,14,6,10,3,1,51.17
101078,DEPOSIT,6,0,3,1,4,7,10,3,1,3.57
101012,ACC_OPEN,25,0,13,1,13,4,15,2,1,79.96
101033,ACC_OPEN,25,1,20,1,6,7,15,4,1,26.18
101078,BIZ_BANK,18,1,33,1,9,4,15,5,1,38.58
101012,CUST_SVC,10,0,2,1,5,2,13,2,0,30.99
101033,CREDIT_CARD,12,1,4,1,8,4,16,2,1,24.21
101056,ACC_OPEN,25,1,1,1,10,4,14,1,1,63.2
101078,CREDIT_CARD,12,1,15,1,5,5,10,2,1,13.35
101012,CUST_SVC,10,1,3,1,1,3,13,2,0,4.84
101056,LOAN,30,0,21,1,4,3,13,3,0,29.99
101078,DEPOSIT,6,0,5,1,2,2,13,5,0,5.15
101078,CREDIT_CARD,12,1,13,1,6,6,11,5,1,12.92
101033,DEPOSIT,6,0,22,0,5,7,15,3,1,4.53
101045,WITHDRAW,5,1,12,1,2,6,15,1,1,3.68
101078,DEPOSIT,6,0,18,1,4,2,13,1,0,3.71
101078,CUST_SVC,10,1,10,1,4,3,13,4,0,14.61
101056,CUST_SVC,10,1,39,1,11,6,14,5,1,28.4
101012,LOAN,30,1,9,1,2,2,12,4,0,24.94
101056,DEPOSIT,6,0,24,1,5,3,13,3,0,7.54
101045,CUST_SVC,10,0,25,1,13,5,16,5,1,11.27
101012,DEPOSIT,6,1,22,1,9,6,10,2,1,11.77
101056,ATM_CDM,8,1,2,1,8,4,12,1,0,6.04
101045,ATM_CDM,8,1,18,1,4,8,11,2,1,2.97
101033,CUST_SVC,10,0,31,1,8,6,16,3,1,15.79
101045,FIXED_DEP,15,1,14,1,3,6,15,5,1,9.16
101045,ONLINE_SUP,12,1,17,1,4,2,12,3,0,23.74
101045,BIZ_BANK,18,1,13,1,13,7,10,2,1,24.93
101078,REMITTANCE,10,0,7,1,5,7,9,1,1,6.89
101078,WITHDRAW,5,1,25,1,6,5,9,4,1,9.21
101078,DEPOSIT,6,1,24,1,7,6,9,1,1,10.91
101056,BIZ_BANK,18,1,36,1,11,5,15,1,1,35.88
101045,CREDIT_CARD,12,1,8,1,4,6,15,4,1,10.63
101033,CREDIT_CARD,12,1,14,1,6,6,10,3,1,12.15
101056,CUST_SVC,10,0,19,1,6,5,11,4,1,13.41
101078,BIZ_BANK,18,0,28,1,7,7,14,3,1,19.25
101045,DEPOSIT,6,1,6,1,5,5,14,2,1,3.09
101045,ACC_OPEN,25,1,5,1,2,5,14,3,1,10.43
101033,DEPOSIT,6,1,5,1,7,5,14,3,1,7.88
101012,DEPOSIT,6,1,20,1,8,6,16,2,1,12.82
101078,DEPOSIT,6,0,9,0,4,4,13,5,0,3.42
101033,CUST_SVC,10,0,6,1,8,5,11,5,1,16.06
101078,ACC_OPEN,25,0,15,1,6,6,16,2,1,28.42
101056,CREDIT_CARD,12,1,28,1,8,5,14,5,1,21.52
101012,REMITTANCE,10,1,6,1,7,6,14,5,1,9.99
101045,DEPOSIT,6,0,12,1,6,6,14,1,1,3.97
101045,ACC_OPEN,25,0,22,1,7,3,13,5,0,40.2
101056,CUST_SVC,10,1,5,1,2,4,13,4,0,5.42
101045,DEPOSIT,6,1,12,1,8,4,10,1,1,19.88
101012,CUST_SVC,10,1,30,1,8,5,14,2,1,11.95
101033,LOAN,30,1,21,1,5,4,11,1,1,34.57
101033,ATM_CDM,8,0,5,1,4,5,15,3,1,5.09
101012,CREDIT_CARD,12,1,30,1,8,6,16,1,1,17.92
101033,ONLINE_SUP,12,0,39,1,10,8,14,1,1,14.7
101045,CREDIT_CARD,12,1,5,1,2,4,16,3,1,9.3
101012,DEPOSIT,6,1,3,1,14,5,11,2,1,13.04
101078,INSURANCE,20,1,18,1,5,7,15,2,1,19.23
101012,DEPOSIT,6,0,23,0,7,4,10,1,1,8.34
101078,BIZ_BANK,18,0,14,1,6,5,14,5,1,18.9
101078,LOAN,30,1,12,1,2,4,13,3,0,13.92
101045,CREDIT_CARD,12,1,11,1,10,7,10,1,1,11.68
101056,INVEST,22,1,5,1,5,4,10,1,1,25.52
101045,DEPOSIT,6,0,17,1,7,7,11,1,1,6.5
101078,ATM_CDM,8,1,11,1,5,6,9,2,1,9.11
101033,CUST_SVC,10,1,13,1,3,4,14,1,1,9.6
101045,FIXED_DEP,15,1,1,1,1,7,11,3,1,1.6
101045,INVEST,22,1,5,1,1,4,13,1,0,3.82
101045,BIZ_BANK,18,1,26,1,8,7,10,5,1,24.56
101056,ACC_OPEN,25,1,7,1,4,4,13,5,0,22.85
101078,DEPOSIT,6,0,1,1,3,3,13,1,0,5.09
101033,ATM_CDM,8,1,13,1,3,3,13,5,0,13.0
101056,ATM_CDM,8,1,9,1,6,5,10,4,1,11.95
101078,CUST_SVC,10,1,9,1,8,5,16,1,1,20.0
101056,BIZ_BANK,18,1,25,1,11,4,9,2,1,52.77
101033,REMITTANCE,10,1,7,1,2,4,13,1,0,4.68
101045,CUST_SVC,10,1,13,1,2,4,11,2,1,6.8
101033,DEPOSIT,6,1,27,1,6,4,11,3,1,14.59
101045,LOAN,30,1,1,1,2,2,13,2,0,37.75
101012,ATM_CDM,8,1,49,1,16,4,15,4,1,44.47
101078,CUST_SVC,10,1,3,1,4,3,12,5,0,7.81
101045,INSURANCE,20,1,13,1,7,4,10,5,1,27.93
101012,LOAN,30,1,36,1,10,5,14,4,1,88.42
101078,INSURANCE,20,1,1,1,4,6,10,2,1,13.89
101012,REMITTANCE,10,1,63,1,20,7,9,1,1,53.94
101078,DEPOSIT,6,1,9,1,2,6,15,4,1,1.57
101078,CUST_SVC,10,1,6,1,9,4,14,4,1,24.57
101056,BIZ_BANK,18,1,22,1,7,3,13,2,0,48.93
101078,ACC_OPEN,25,1,2,1,2,3,13,3,0,18.95
101056,CUST_SVC,10,0,19,1,5,2,12,3,0,18.19
101033,ACC_OPEN,25,1,31,1,9,5,10,1,1,60.35
101012,REMITTANCE,10,1,14,1,6,5,9,5,1,5.56
101056,INSURANCE,20,1,27,1,7,6,14,1,1,29.98
101045,CREDIT_CARD,12,1,9,1,8,4,9,5,1,14.87
101012,CUST_SVC,10,1,33,1,10,5,10,3,1,19.97
101056,ATM_CDM,8,0,9,1,2,4,12,1,0,4.36
101078,ATM_CDM,8,1,2,1,6,5,14,1,1,3.83
101045,CREDIT_CARD,12,0,30,1,7,5,10,4,1,20.52
101078,CREDIT_CARD,12,0,6,0,3,2,12,2,0,17.74
101056,ACC_OPEN,25,1,12,1,7,4,13,3,0,46.74
101045,ACC_OPEN,25,1,1,1,1,4,12,4,0,5.25
101056,ATM_CDM,8,1,3,1,5,6,15,1,1,9.05
101056,ATM_CDM,8,1,20,1,7,7,9,5,1,10.91
101033,FIXED_DEP,15,0,1,1,5,6,14,3,1,15.33
101078,ACC_OPEN,25,0,32,1,12,5,10,2,1,50.21
101078,ACC_OPEN,25,0,11,1,6,2,13,5,0,62.4
101078,INVEST,22,1,18,1,3,2,12,2,0,41.68
101033,FIXED_DEP,15,1,36,1,11,6,15,1,1,27.51
101078,CUST_SVC,10,1,8,1,2,6,10,4,1,5.01
101078,ACC_OPEN,25,0,17,1,5,6,10,2,1,28.76
101012,BIZ_BANK,18,1,24,1,15,6,14,1,1,41.64
101033,CREDIT_CARD,12,0,30,1,7,3,16,3,1,22.18
101056,CUST_SVC,10,1,17,1,7,8,11,3,1,13.13
101078,ATM_CDM,8,1,17,1,5,4,9,2,1,8.6
101056,WITHDRAW,5,1,8,1,6,5,15,1,1,9.06
101056,ACC_OPEN,25,0,22,1,9,6,10,4,1,27.29
101056,DEPOSIT,6,1,32,1,9,6,10,1,1,8.49
101033,ATM_CDM,8,1,22,1,6,8,14,4,1,6.38
101045,DEPOSIT,6,0,25,1,6,6,10,1,1,4.73
101033,LOAN,30,1,5,1,4,4,12,4,0,14.89
101045,LOAN,30,1,24,1,6,3,16,4,1,67.57
101033,ACC_OPEN,25,0,4,1,9,5,11,5,1,50.75
101033,FIXED_DEP,15,1,1,1,8,4,10,4,1,44.05
101078,DEPOSIT,6,0,11,1,8,8,9,5,1,7.96
101078,INVEST,22,1,1,1,9,5,16,5,1,37.23
101033,LOAN,30,1,2,1,0,4,12,4,0,0.4
101012,ATM_CDM,8,1,26,1,12,7,15,3,1,18.82
101056,CUST_SVC,10,1,18,1,9,6,14,2,1,17.99
101033,ACC_OPEN,25,1,26,1,11,8,14,1,1,58.25
101012,DEPOSIT,6,1,19,1,5,3,16,3,1,10.11
101012,ONLINE_SUP,12,1,35,1,10,4,13,4,0,24.05
101012,BIZ_BANK,18,1,1,1,6,5,9,3,1,20.51
101078,FIXED_DEP,15,1,27,1,7,2,13,5,0,71.31
101012,ATM_CDM,8,0,33,0,12,5,9,4,1,17.17
101045,DEPOSIT,6,1,5,1,6,7,10,2,1,9.93
101033,CUST_SVC,10,0,21,0,4,5,10,3,1,5.09
101033,INSURANCE,20,1,6,1,5,6,11,5,1,26.83
101033,CUST_SVC,10,1,1,1,8,4,13,2,0,19.99
101012,CREDIT_CARD,12,0,19,1,10,4,14,5,1,41.69
101045,FIXED_DEP,15,1,6,1,7,6,9,2,1,19.22
101078,ACC_OPEN,25,1,8,1,3,3,13,1,0,18.06
101045,CUST_SVC,10,1,20,1,15,7,15,1,1,26.72
101056,BIZ_BANK,18,0,12,1,2,3,12,3,0,9.73
101056,FIXED_DEP,15,1,10,1,10,6,14,1,1,33.02
101056,ACC_OPEN,25,1,15,1,6,5,14,5,1,22.3
101078,CUST_SVC,10,0,12,1,2,4,14,5,1,4.42
101012,DEPOSIT,6,1,3,1,11,4,10,1,1,18.7
101012,DEPOSIT,6,0,4,1,5,4,12,5,0,5.11
101078,CUST_SVC,10,0,1,1,5,6,15,4,1,8.5
101056,REMITTANCE,10,1,21,1,8,6,10,1,1,25.26
101056,ATM_CDM,8,1,19,1,11,4,15,1,1,21.87
101078,REMITTANCE,10,1,17,1,7,4,15,5,1,18.84
101012,ATM_CDM,8,0,7,1,7,4,11,2,1,10.08
101078,ACC_OPEN,25,1,1,1,7,5,16,5,1,47.25
101078,DEPOSIT,6,0,36,1,9,4,15,5,1,18.5
101045,CREDIT_CARD,12,1,1,1,2,6,10,3,1,5.33
101045,WITHDRAW,5,1,14,1,2,5,9,4,1,3.14
101012,CUST_SVC,10,1,25,1,15,4,11,1,1,29.7
101033,CREDIT_CARD,12,0,1,0,2,2,12,5,0,9.31
101056,WITHDRAW,5,0,15,1,11,5,10,5,1,15.66
101033,ONLINE_SUP,12,1,16,1,9,7,10,2,1,24.35
101033,BIZ_BANK,18,1,3,1,5,2,12,1,0,41.8
101033,BIZ_BANK,18,1,15,1,10,7,15,1,1,34.83
101033,CREDIT_CARD,12,0,44,1,13,6,11,5,1,22.12
101078,CUST_SVC,10,0,15,1,3,3,12,4,0,7.59
101078,LOAN,30,1,18,1,5,4,14,5,1,36.91
101078,ATM_CDM,8,1,19,1,4,4,10,5,1,11.33
101056,INVEST,22,1,29,1,7,5,10,4,1,37.22
101078,ATM_CDM,8,0,30,1,7,5,11,5,1,12.92
101033,CUST_SVC,10,0,11,1,2,8,9,1,1,2.22
101045,DEPOSIT,6,0,15,0,7,7,10,5,1,5.15
101056,ATM_CDM,8,1,27,1,8,5,10,3,1,16.04
101033,BIZ_BANK,18,0,24,1,9,8,11,5,1,20.59
101056,BIZ_BANK,18,1,3,1,6,7,11,1,1,27.05
101045,INVEST,22,0,9,1,0,3,13,1,0,1.97
101078,INVEST,22,1,5,1,6,6,11,3,1,38.15
101078,ATM_CDM,8,1,21,1,7,5,9,1,1,12.94
101045,DEPOSIT,6,1,12,1,6,5,10,5,1,9.21
101078,CUST_SVC,10,1,15,1,3,5,16,2,1,6.18
101012,CUST_SVC,10,1,5,1,6,5,9,2,1,7.93
101033,INSURANCE,20,1,15,1,6,6,15,5,1,35.39
101056,REMITTANCE,10,1,25,1,11,7,9,1,1,15.89
101045,BIZ_BANK,18,1,16,1,4,4,14,5,1,25.21
101012,ONLINE_SUP,12,1,18,1,12,7,14,5,1,10.49
101012,FIXED_DEP,15,0,41,1,11,6,14,1,1,25.97
101045,LOAN,30,1,24,1,5,5,10,3,1,19.45
101056,ATM_CDM,8,1,11,1,5,6,15,3,1,12.17
101056,REMITTANCE,10,1,26,1,6,6,16,2,1,16.58
101078,DEPOSIT,6,1,16,1,8,5,10,1,1,14.72
101056,CREDIT_CARD,12,0,24,1,12,6,16,4,1,27.68
101033,CUST_SVC,10,1,24,1,6,5,16,4,1,15.18
101045,LOAN,30,1,20,1,5,5,15,4,1,18.79
101056,WITHDRAW,5,1,17,1,4,7,11,2,1,1.79
101045,CUST_SVC,10,1,17,1,6,8,10,5,1,9.78
101012,ATM_CDM,8,0,32,1,10,6,11,5,1,8.4
101056,ACC_OPEN,25,1,21,1,10,4,10,2,1,72.11
101045,CREDIT_CARD,12,1,10,1,6,4,13,1,0,17.56
101056,ACC_OPEN,25,0,18,1,4,5,15,3,1,15.51
101045,DEPOSIT,6,1,4,1,4,4,10,2,1,5.2
101033,DEPOSIT,6,1,2,1,6,7,11,4,1,5.29
101033,ONLINE_SUP,12,1,12,1,5,5,11,4,1,12.89
101012,ATM_CDM,8,0,31,1,14,8,9,5,1,17.71
101033,INVEST,22,0,22,1,5,2,13,2,0,39.44
101045,CUST_SVC,10,1,7,1,6,4,10,4,1,19.05
101045,INVEST,22,1,5,1,8,4,16,2,1,35.99
101078,CUST_SVC,10,1,24,1,6,4,10,1,1,15.55
101056,ACC_OPEN,25,0,22,1,7,4,12,5,0,49.08
101012,FIXED_DEP,15,1,15,1,6,4,12,1,0,19.35
101033,LOAN,30,1,7,1,0,2,12,4,0,0.96
101012,BIZ_BANK,18,1,15,1,5,4,11,4,1,29.68
101056,ATM_CDM,8,0,32,1,8,6,10,2,1,6.46
101056,ATM_CDM,8,1,3,1,16,7,9,1,1,14.65
101045,LOAN,30,1,8,1,6,7,15,5,1,36.53
101045,INSURANCE,20,0,13,1,5,5,9,2,1,31.98
101056,ATM_CDM,8,0,10,1,3,5,15,3,1,5.19
101012,ACC_OPEN,25,1,7,1,6,3,16,2,1,29.37
101033,DEPOSIT,6,1,20,1,8,4,11,2,1,11.96
101078,FIXED_DEP,15,1,13,1,3,5,14,1,1,11.26
101033,ACC_OPEN,25,0,18,1,5,4,13,2,0,23.27
101012,CUST_SVC,10,0,14,1,14,7,10,5,1,20.18
101078,INVEST,22,0,6,1,9,5,14,5,1,43.33
101078,INVEST,22,1,6,1,4,5,11,3,1,15.03
101056,BIZ_BANK,18,1,13,1,6,4,10,3,1,32.05
101056,CUST_SVC,10,0,32,1,8,5,10,2,1,13.59
101033,DEPOSIT,6,1,8,1,3,6,10,3,1,1.24
101056,FIXED_DEP,15,0,7,1,10,5,11,1,1,22.0
101078,ACC_OPEN,25,1,23,1,7,4,11,5,1,43.92
101045,ACC_OPEN,25,0,5,1,6,4,15,4,1,31.25
101078,BIZ_BANK,18,1,8,1,1,4,10,4,1,2.6
101045,ONLINE_SUP,12,0,2,1,5,4,12,1,0,10.82
101056,REMITTANCE,10,1,11,1,12,6,15,1,1,26.47
101045,CUST_SVC,10,0,10,0,3,7,16,4,1,4.82
101078,FIXED_DEP,15,0,2,0,4,5,11,5,1,8.41
101045,REMITTANCE,10,1,1,1,2,5,9,2,1,2.77
101033,ATM_CDM,8,0,14,1,7,5,9,4,1,8.52
101012,ATM_CDM,8,0,29,1,8,6,14,5,1,9.33
101078,CUST_SVC,10,0,6,1,7,7,9,3,1,1.75
101012,LOAN,30,0,2,1,6,5,15,3,1,50.32
101078,DEPOSIT,6,1,33,1,9,4,11,1,1,18.54
101012,CREDIT_CARD,12,1,30,1,8,4,13,1,0,19.26
101012,ATM_CDM,8,0,15,1,4,3,12,1,0,11.08
101012,ACC_OPEN,25,1,3,1,7,7,10,3,1,38.8
101012,BIZ_BANK,18,1,20,1,11,6,11,1,1,37.07
101033,BIZ_BANK,18,1,15,1,8,5,9,1,1,36.3
101056,INVEST,22,0,16,1,7,2,13,5,0,50.34
101078,BIZ_BANK,18,0,19,1,6,6,16,1,1,12.0
101056,ATM_CDM,8,1,10,1,9,4,10,3,1,23.56
101033,CREDIT_CARD,12,1,23,1,9,5,14,4,1,26.54
101056,ATM_CDM,8,1,22,1,5,4,14,3,1,9.96
101056,BIZ_BANK,18,1,34,1,9,6,16,2,1,27.48
101033,DEPOSIT,6,1,19,1,4,8,9,3,1,5.7
101033,FIXED_DEP,15,1,9,1,3,3,16,5,1,17.92
101056,ATM_CDM,8,1,11,1,7,6,11,5,1,20.26
101033,CREDIT_CARD,12,1,13,1,6,5,15,3,1,20.4
101078,CREDIT_CARD,12,1,4,1,2,4,16,3,1,7.82
101012,CUST_SVC,10,1,18,1,6,4,9,1,1,21.52
101033,ATM_CDM,8,0,16,1,10,4,10,4,1,12.61
101045,DEPOSIT,6,1,3,1,5,5,11,1,1,7.42
101033,CREDIT_CARD,12,1,19,1,5,7,15,1,1,10.65
101033,ACC_OPEN,25,1,2,1,7,6,15,1,1,30.21
101033,FIXED_DEP,15,1,12,1,10,4,11,2,1,20.89
101078,CREDIT_CARD,12,1,18,1,6,4,13,4,0,21.5
101012,FIXED_DEP,15,1,21,1,8,6,10,2,1,24.83
101078,REMITTANCE,10,1,8,1,4,2,13,4,0,25.69
101045,ACC_OPEN,25,1,22,1,9,6,16,2,1,54.52
101078,LOAN,30,1,19,1,6,4,11,1,1,50.99
101033,DEPOSIT,6,1,9,1,0,5,14,4,1,1.17
101045,ACC_OPEN,25,0,7,1,6,4,10,2,1,36.74
101056,FIXED_DEP,15,1,9,1,6,7,10,4,1,17.65
101033,WITHDRAW,5,1,8,1,4,4,9,4,1,4.67
101033,CUST_SVC,10,0,18,1,5,4,15,5,1,13.81
101056,DEPOSIT,6,1,46,1,14,6,14,5,1,13.74
101012,DEPOSIT,6,0,6,1,7,5,16,2,1,8.69
101012,FIXED_DEP,15,1,18,1,6,7,9,3,1,16.74
101012,CREDIT_CARD,12,1,21,1,4,4,10,3,1,21.79
101056,ATM_CDM,8,1,33,1,10,8,15,5,1,8.33
101012,ONLINE_SUP,12,0,1,1,8,4,9,3,1,17.82
101033,ACC_OPEN,25,1,14,1,8,6,11,1,1,30.26
101012,ATM_CDM,8,0,3,1,9,6,15,1,1,14.92
101056,LOAN,30,1,33,1,11,4,16,3,1,51.39
101078,ATM_CDM,8,1,12,1,4,7,9,4,1,2.43
101012,INSURANCE,20,1,34,1,10,7,11,1,1,18.28
101012,ONLINE_SUP,12,1,22,1,12,4,15,5,1,52.1
101045,DEPOSIT,6,1,8,1,4,3,16,3,1,11.83
101012,DEPOSIT,6,1,17,1,8,4,16,5,1,11.37
101045,CUST_SVC,10,0,4,1,7,6,14,5,1,7.53
101012,FIXED_DEP,15,1,20,1,4,3,12,3,0,15.06
101045,LOAN,30,1,13,1,8,5,16,1,1,37.71
101045,REMITTANCE,10,1,21,1,8,6,14,2,1,6.89
101045,DEPOSIT,6,1,7,1,7,6,10,2,1,5.4
101012,ONLINE_SUP,12,1,31,1,9,4,16,3,1,20.24
101078,REMITTANCE,10,0,16,1,3,6,9,3,1,4.95
101033,INVEST,22,1,11,1,10,5,9,5,1,48.61
101078,ACC_OPEN,25,0,8,1,4,2,13,3,0,32.87
101045,ATM_CDM,8,0,14,1,2,7,10,5,1,3.1
101045,LOAN,30,1,3,1,7,8,10,1,1,29.23
101078,CUST_SVC,10,0,9,1,4,5,11,1,1,7.53
101045,FIXED_DEP,15,1,21,1,6,6,10,4,1,11.01
101056,LOAN,30,1,10,1,11,5,16,1,1,46.13
101078,WITHDRAW,5,0,4,1,2,4,16,4,1,2.16
101078,ATM_CDM,8,1,4,1,6,5,11,4,1,10.88
101056,CUST_SVC,10,1,5,1,12,5,9,2,1,29.97
101012,CUST_SVC,10,1,16,1,8,8,14,5,1,14.14
101078,FIXED_DEP,15,0,15,0,2,5,9,3,1,7.51
101078,REMITTANCE,10,0,19,1,5,2,13,2,0,25.47
101045,CUST_SVC,10,1,8,1,6,8,11,2,1,9.01
101045,DEPOSIT,6,1,16,1,6,3,13,4,0,8.8
101033,ONLINE_SUP,12,1,15,1,4,7,11,2,1,6.96
101056,DEPOSIT,6,0,41,1,11,6,9,1,1,11.46
101045,LOAN,30,0,2,1,1,8,14,5,1,1.72
101078,LOAN,30,1,2,1,5,5,10,3,1,39.26
101033,CUST_SVC,10,1,11,1,11,5,15,1,1,23.53
101078,FIXED_DEP,15,1,8,1,7,5,14,1,1,33.19
101045,CREDIT_CARD,12,1,11,1,1,7,11,4,1,0.53
101033,DEPOSIT,6,1,9,1,3,6,16,5,1,1.55
101078,CUST_SVC,10,1,28,1,11,6,15,2,1,27.75
101056,ATM_CDM,8,0,12,0,3,6,11,5,1,4.29
101056,BIZ_BANK,18,1,11,1,7,5,14,5,1,33.78
101078,DEPOSIT,6,0,7,1,3,2,12,2,0,10.82
101012,DEPOSIT,6,0,31,0,12,3,16,1,1,20.83
101078,CREDIT_CARD,12,1,36,1,9,5,14,5,1,19.97
101033,DEPOSIT,6,1,21,1,5,8,14,1,1,2.85
101078,BIZ_BANK,18,0,6,1,7,5,9,1,1,30.87
101078,CUST_SVC,10,0,5,1,5,4,9,1,1,17.77
101056,CUST_SVC,10,1,16,1,4,5,11,5,1,8.66
101012,ACC_OPEN,25,0,39,1,10,6,14,2,1,41.25
101056,CREDIT_CARD,12,0,25,1,7,6,15,4,1,15.82
101033,INSURANCE,20,1,19,1,6,5,15,5,1,20.67
101056,DEPOSIT,6,0,21,0,5,7,11,2,1,7.62
101056,DEPOSIT,6,1,19,1,7,5,14,1,1,5.09
101056,FIXED_DEP,15,1,11,1,5,3,13,2,0,32.79
101056,DEPOSIT,6,1,8,1,5,6,14,3,1,6.19
101078,DEPOSIT,6,1,2,1,2,4,9,2,1,3.92
101056,CUST_SVC,10,0,3,1,5,4,11,2,1,10.07
101045,BIZ_BANK,18,1,39,1,10,6,15,4,1,38.1
101078,DEPOSIT,6,0,4,1,6,3,16,1,1,9.66
101033,CUST_SVC,10,0,5,1,8,4,11,1,1,26.29
101045,CUST_SVC,10,1,1,1,4,6,11,2,1,10.55
101045,LOAN,30,1,6,1,6,4,13,4,0,60.44
101045,CREDIT_CARD,12,1,2,1,3,4,11,5,1,8.7
101078,ATM_CDM,8,1,12,1,6,4,16,1,1,15.33
101012,ACC_OPEN,25,1,36,1,12,6,15,5,1,57.95
101045,ATM_CDM,8,1,22,1,7,6,16,2,1,8.85
101056,CUST_SVC,10,1,21,1,4,2,12,4,0,13.07
101056,DEPOSIT,6,0,31,1,9,6,14,4,1,9.63
101033,CREDIT_CARD,12,1,13,1,6,7,9,4,1,15.58
101056,DEPOSIT,6,1,15,1,3,7,9,1,1,4.18
101033,ATM_CDM,8,0,6,1,8,5,15,2,1,13.36
101033,FIXED_DEP,15,1,8,1,5,4,10,1,1,27.77
101033,INVEST,22,0,20,0,6,5,9,3,1,33.4
101033,ONLINE_SUP,12,1,1,1,5,6,16,4,1,11.48
101045,DEPOSIT,6,1,13,1,3,3,12,4,0,7.99
101033,DEPOSIT,6,1,12,1,4,6,14,5,1,5.36
101056,REMITTANCE,10,1,23,1,7,4,16,2,1,21.73
101078,ATM_CDM,8,1,6,1,13,4,10,2,1,24.67
101056,ATM_CDM,8,0,10,1,10,8,15,1,1,10.32
101033,INSURANCE,20,1,30,1,8,5,11,5,1,19.54
101078,CUST_SVC,10,1,10,1,11,5,10,5,1,16.53
101045,CREDIT_CARD,12,1,15,1,4,3,12,3,0,13.37
101012,ONLINE_SUP,12,1,43,1,13,4,10,3,1,40.83
101033,ATM_CDM,8,1,4,1,5,5,11,4,1,5.29
101056,ATM_CDM,8,1,11,1,3,2,12,2,0,14.38
101033,ATM_CDM,8,0,31,1,8,6,11,5,1,8.91
101033,FIXED_DEP,15,1,9,1,8,7,14,4,1,18.85
101045,DEPOSIT,6,0,24,1,8,5,9,2,1,6.41
101012,CUST_SVC,10,0,9,0,8,5,15,4,1,18.84
101056,ATM_CDM,8,1,17,1,8,7,11,2,1,11.41
101056,CREDIT_CARD,12,1,8,1,1,5,16,4,1,4.56
101078,ONLINE_SUP,12,0,26,1,6,4,11,4,1,25.52
101078,CREDIT_CARD,12,1,11,1,5,4,14,5,1,11.34
101056,INSURANCE,20,0,2,0,7,4,15,2,1,57.72
101078,DEPOSIT,6,0,8,1,8,7,15,3,1,7.13
101033,INSURANCE,20,1,22,1,7,4,12,1,0,42.98
101033,REMITTANCE,10,1,22,1,9,4,9,3,1,17.94
101012,REMITTANCE,10,1,14,1,7,5,15,1,1,16.44
101045,LOAN,30,1,7,1,3,4,16,4,1,19.38
101078,CREDIT_CARD,12,1,21,1,8,7,10,1,1,14.85
101033,LOAN,30,0,18,1,3,7,9,1,1,17.79
101078,BIZ_BANK,18,1,6,1,3,4,12,1,0,9.99
101056,WITHDRAW,5,0,14,1,7,5,15,5,1,5.75
101045,INSURANCE,20,1,1,1,1,6,15,3,1,6.0
101045,INSURANCE,20,1,23,1,6,7,9,4,1,17.62
101012,REMITTANCE,10,1,2,1,10,6,9,1,1,20.68
101045,DEPOSIT,6,1,4,1,4,4,12,5,0,5.32
101012,CUST_SVC,10,0,50,1,17,7,15,1,1,35.66
101078,DEPOSIT,6,1,22,1,8,4,9,4,1,17.83
101045,INSURANCE,20,1,7,1,4,4,10,4,1,18.51
101056,CUST_SVC,10,1,3,1,5,6,14,3,1,6.8
101012,LOAN,30,1,14,1,7,5,14,5,1,53.49
101033,INSURANCE,20,0,36,1,9,4,13,4,0,55.83
101045,CREDIT_CARD,12,1,16,1,7,3,12,4,0,25.4
101056,INSURANCE,20,1,13,1,13,6,15,1,1,71.7
101012,INSURANCE,20,0,41,1,13,5,9,5,1,53.54
101045,WITHDRAW,5,0,23,1,6,7,10,5,1,1.46
101045,DEPOSIT,6,1,26,1,7,8,15,1,1,6.38
101056,ATM_CDM,8,0,27,1,7,4,9,3,1,7.04
101045,CREDIT_CARD,12,0,13,0,4,6,16,4,1,11.77
101056,CREDIT_CARD,12,1,2,1,13,6,11,1,1,28.94
101056,CREDIT_CARD,12,1,16,1,8,6,9,1,1,16.58
101078,ACC_OPEN,25,0,11,1,3,5,11,2,1,20.88
101056,DEPOSIT,6,1,28,1,11,7,10,1,1,7.65
101033,CUST_SVC,10,1,15,1,12,7,10,4,1,8.15
101056,ACC_OPEN,25,1,8,1,5,2,12,3,0,66.89
101033,ACC_OPEN,25,1,18,1,8,6,16,1,1,37.54
101056,BIZ_BANK,18,0,16,1,10,4,9,2,1,66.49
101045,INSURANCE,20,1,14,1,3,8,11,2,1,9.85
101012,INSURANCE,20,1,32,1,13,4,15,2,1,76.49
101033,INSURANCE,20,1,20,1,4,6,9,3,1,9.43
101045,CUST_SVC,10,1,16,1,10,3,13,1,0,52.05
101033,ATM_CDM,8,1,8,1,10,4,15,3,1,18.59
101033,ATM_CDM,8,0,1,1,8,6,11,5,1,11.27
101045,ACC_OPEN,25,1,7,1,4,6,11,4,1,21.72
101012,CREDIT_CARD,12,1,19,1,9,7,16,5,1,21.56
101033,DEPOSIT,6,1,17,1,5,4,16,1,1,8.0
101056,FIXED_DEP,15,1,13,1,2,4,10,2,1,7.91
101012,CREDIT_CARD,12,1,34,1,9,6,15,1,1,11.12
101045,CUST_SVC,10,1,8,1,1,4,12,4,0,2.86
101056,WITHDRAW,5,0,24,1,9,5,14,5,1,12.19
101045,ATM_CDM,8,1,6,1,1,7,14,3,1,1.48
101056,WITHDRAW,5,0,18,0,5,5,9,2,1,4.78
101033,FIXED_DEP,15,1,7,1,1,2,13,1,0,7.45
101012,WITHDRAW,5,1,17,1,6,4,9,2,1,8.94
101012,CREDIT_CARD,12,1,18,1,7,6,15,5,1,6.24
101045,INVEST,22,1,8,1,6,6,9,1,1,30.14
101045,CUST_SVC,10,1,12,1,3,4,11,2,1,5.47
101012,ONLINE_SUP,12,1,25,1,12,6,11,5,1,43.02
101045,ATM_CDM,8,0,9,1,1,7,16,3,1,1.18
101045,ONLINE_SUP,12,0,20,1,5,4,15,5,1,7.45
101045,LOAN,30,0,21,1,5,5,9,5,1,22.58
101045,INVEST,22,0,14,1,9,7,11,1,1,23.9
101045,INVEST,22,0,20,0,5,2,12,1,0,61.2
101078,DEPOSIT,6,1,15,1,5,7,16,1,1,4.23
101045,INSURANCE,20,1,19,1,6,7,14,5,1,17.13
101078,CUST_SVC,10,1,17,1,7,8,10,2,1,7.03
101045,INSURANCE,20,1,10,1,5,5,14,4,1,16.68
101033,CREDIT_CARD,12,1,8,1,4,2,13,3,0,37.82
101056,REMITTANCE,10,0,12,1,6,2,12,1,0,20.3
101056,REMITTANCE,10,1,24,1,14,5,11,5,1,28.31
101056,ATM_CDM,8,1,28,1,10,6,11,4,1,11.53
101012,ATM_CDM,8,1,7,1,6,5,9,2,1,5.71
101033,REMITTANCE,10,1,17,1,5,2,13,2,0,21.88
101078,ACC_OPEN,25,1,1,1,6,7,11,4,1,21.16
101033,DEPOSIT,6,1,21,1,6,6,14,2,1,7.09
101033,CUST_SVC,10,1,12,1,7,6,15,5,1,13.2
101012,FIXED_DEP,15,0,16,1,5,6,11,4,1,12.86
101045,CREDIT_CARD,12,1,23,1,11,5,14,5,1,28.15
101045,CUST_SVC,10,0,18,1,5,6,9,5,1,6.28
101033,CUST_SVC,10,1,9,1,5,3,16,1,1,31.08
101012,ATM_CDM,8,0,10,1,14,5,10,2,1,10.13
101033,CUST_SVC,10,1,9,1,5,7,15,1,1,8.12
101078,ACC_OPEN,25,1,6,1,6,7,11,4,1,20.97
101078,CUST_SVC,10,1,5,1,5,4,14,5,1,12.82
101078,REMITTANCE,10,1,6,1,2,2,12,3,0,13.32
101033,CUST_SVC,10,1,29,1,11,6,14,4,1,23.63
101033,ATM_CDM,8,1,18,1,5,5,11,2,1,8.91
101056,CREDIT_CARD,12,1,6,1,0,5,11,3,1,1.23
101012,INVEST,22,1,4,1,9,3,12,2,0,54.33
101012,INVEST,22,1,3,1,7,3,12,5,0,45.37
101012,FIXED_DEP,15,1,19,1,8,4,16,2,1,38.45
101033,DEPOSIT,6,0,12,1,3,5,14,3,1,6.1
101012,ATM_CDM,8,0,25,1,7,4,15,5,1,12.18
101078,WITHDRAW,5,1,20,1,8,6,15,1,1,10.31
101045,CREDIT_CARD,12,0,16,1,5,7,10,1,1,5.67
101033,CUST_SVC,10,1,18,1,6,6,14,5,1,13.17
101012,ATM_CDM,8,1,8,1,8,4,10,1,1,25.38
101045,BIZ_BANK,18,1,4,1,7,5,10,1,1,31.7
101056,INSURANCE,20,1,18,1,11,4,14,1,1,63.8
101045,DEPOSIT,6,1,4,1,8,5,9,1,1,8.65
101056,ACC_OPEN,25,1,5,1,9,4,10,1,1,68.36
101056,DEPOSIT,6,1,25,1,7,6,15,4,1,6.38
101056,ONLINE_SUP,12,1,35,1,12,6,15,5,1,25.91
101078,ATM_CDM,8,0,7,1,6,8,10,4,1,3.51
101033,DEPOSIT,6,1,27,1,9,5,16,5,1,16.42
101045,ACC_OPEN,25,1,8,1,9,5,10,3,1,68.55
101033,CUST_SVC,10,1,15,1,5,4,12,1,0,14.46
101056,CREDIT_CARD,12,1,11,1,6,4,9,4,1,26.14
101078,LOAN,30,1,1,1,1,6,14,3,1,5.77
101033,ONLINE_SUP,12,0,28,1,12,4,14,1,1,33.03
101045,BIZ_BANK,18,1,6,1,5,6,10,1,1,16.15
101012,ATM_CDM,8,1,8,1,7,7,16,2,1,8.3
101078,BIZ_BANK,18,1,19,1,9,8,14,2,1,22.71
101045,LOAN,30,1,7,1,3,4,10,4,1,24.02
101056,CUST_SVC,10,0,24,1,5,6,11,4,1,8.69
101033,DEPOSIT,6,1,24,1,6,2,13,1,0,15.57
101078,INVEST,22,1,31,1,8,4,14,5,1,49.62
101078,BIZ_BANK,18,0,21,1,4,4,11,1,1,15.03
101056,CREDIT_CARD,12,1,44,1,12,7,15,5,1,24.24
101056,BIZ_BANK,18,1,5,1,7,6,14,1,1,19.78
101012,ATM_CDM,8,1,25,1,6,4,11,3,1,8.36
101045,FIXED_DEP,15,1,6,1,2,7,10,4,1,4.36
101033,DEPOSIT,6,1,28,1,7,4,15,2,1,15.52
101056,ATM_CDM,8,1,10,1,2,4,13,5,0,2.84
101078,INSURANCE,20,0,11,1,6,5,10,4,1,23.98
101078,DEPOSIT,6,0,16,1,12,2,13,4,0,38.76
101078,INVEST,22,0,23,1,6,5,9,4,1,16.21
101033,LOAN,30,1,22,1,9,6,10,1,1,78.82
101012,LOAN,30,0,17,1,5,4,9,4,1,19.9
101045,CREDIT_CARD,12,0,11,1,7,5,10,4,1,13.95
101078,CUST_SVC,10,1,1,1,2,3,13,3,0,6.34
101033,ATM_CDM,8,1,14,1,5,6,16,1,1,6.9
101033,INSURANCE,20,1,12,1,5,5,15,4,1,30.54
101078,ACC_OPEN,25,1,21,1,4,5,16,3,1,20.09
101012,ATM_CDM,8,1,17,1,11,4,10,4,1,28.4
101012,CUST_SVC,10,0,19,1,4,3,16,3,1,16.01
101078,ATM_CDM,8,1,4,1,3,5,9,1,1,7.12
101045,BIZ_BANK,18,1,10,1,8,6,15,1,1,24.94
101078,INSURANCE,20,1,31,1,11,5,10,1,1,28.14
101056,BIZ_BANK,18,0,17,1,9,3,12,5,0,42.53
101012,CREDIT_CARD,12,1,5,1,7,7,14,2,1,18.65
101078,CUST_SVC,10,1,10,1,6,4,15,2,1,10.08
101078,CREDIT_CARD,12,0,9,1,3,5,9,3,1,5.36
101056,CUST_SVC,10,1,24,1,11,5,16,3,1,24.03
101056,LOAN,30,1,20,1,12,6,15,1,1,68.65
101045,ACC_OPEN,25,0,8,1,3,5,11,2,1,9.24
101033,CUST_SVC,10,1,15,1,4,3,13,2,0,10.58
101033,CUST_SVC,10,1,3,1,3,5,9,4,1,4.31
101012,ATM_CDM,8,1,3,1,11,6,14,5,1,17.47
101056,DEPOSIT,6,0,21,1,11,5,11,1,1,19.12
101056,INVEST,22,1,16,1,11,4,14,5,1,56.64
101012,CUST_SVC,10,0,17,0,9,2,13,5,0,47.14
101056,DEPOSIT,6,1,10,1,8,6,10,1,1,11.28
101056,CREDIT_CARD,12,0,44,1,13,4,15,2,1,52.91
101078,ATM_CDM,8,0,15,1,8,6,15,3,1,8.93
101012,ACC_OPEN,25,1,13,1,5,7,15,2,1,18.21
101045,ACC_OPEN,25,1,12,1,4,6,9,3,1,23.5
101012,ATM_CDM,8,1,34,1,9,6,9,5,1,13.77
101033,INVEST,22,0,8,1,6,5,15,5,1,33.72
101012,ACC_OPEN,25,1,15,1,6,2,13,5,0,90.0
101033,REMITTANCE,10,0,16,0,6,5,15,5,1,14.53
101078,REMITTANCE,10,1,17,1,9,6,14,2,1,23.14
101045,CREDIT_CARD,12,0,17,0,5,5,11,3,1,12.7
101056,DEPOSIT,6,1,21,1,6,5,11,2,1,7.0
101012,DEPOSIT,6,0,6,1,2,2,12,4,0,6.04
101012,INSURANCE,20,1,8,1,5,2,12,2,0,49.93
101012,DEPOSIT,6,1,6,1,3,2,12,2,0,6.07
101012,REMITTANCE,10,0,11,1,4,6,16,4,1,7.23
101012,DEPOSIT,6,1,5,1,12,4,11,1,1,22.06
101012,LOAN,30,0,23,1,8,3,16,5,1,90.0
101033,CUST_SVC,10,0,12,1,4,4,13,5,0,2.6
101012,DEPOSIT,6,1,15,1,3,7,14,1,1,4.07
101078,DEPOSIT,6,1,5,1,7,6,9,4,1,7.46
101078,ACC_OPEN,25,0,4,1,10,4,10,1,1,52.83
101033,ATM_CDM,8,1,21,1,4,6,14,2,1,5.69
101078,LOAN,30,1,17,1,7,4,11,5,1,48.65
101056,CREDIT_CARD,12,1,20,1,6,6,9,5,1,15.67
101056,ONLINE_SUP,12,1,32,1,9,6,10,5,1,15.37
101012,DEPOSIT,6,1,1,1,6,5,11,3,1,7.68
101033,DEPOSIT,6,1,22,1,7,7,14,3,1,10.44
101078,ATM_CDM,8,1,5,1,8,6,9,4,1,6.35
101045,DEPOSIT,6,1,26,1,8,4,15,1,1,9.48
101078,REMITTANCE,10,0,20,1,7,7,11,4,1,5.71
101033,FIXED_DEP,15,1,15,1,8,6,11,5,1,33.32
101056,ATM_CDM,8,1,17,1,9,5,16,1,1,13.9
101045,CUST_SVC,10,0,7,1,0,3,16,2,1,0.66
101045,DEPOSIT,6,0,7,1,4,6,14,1,1,4.17
101056,INSURANCE,20,1,20,1,7,6,16,1,1,27.94
101012,DEPOSIT,6,1,9,1,5,3,13,1,0,12.34
101056,BIZ_BANK,18,1,6,1,6,6,11,2,1,24.32
101078,CUST_SVC,10,0,26,1,7,4,15,4,1,19.44
101045,ACC_OPEN,25,0,4,1,1,6,16,1,1,4.94
101078,ATM_CDM,8,0,6,0,0,4,13,3,0,0.35
101078,FIXED_DEP,15,1,22,1,7,4,9,5,1,12.45
101012,DEPOSIT,6,1,32,1,11,5,15,2,1,8.51
101045,INVEST,22,1,30,1,7,4,15,2,1,58.95
101033,DEPOSIT,6,1,18,1,7,8,14,4,1,1.73
101033,WITHDRAW,5,1,3,1,2,2,13,1,0,7.15
101033,ATM_CDM,8,0,13,0,5,4,9,4,1,10.21
101012,FIXED_DEP,15,1,44,1,13,7,15,1,1,37.58
101056,WITHDRAW,5,1,45,1,16,4,10,1,1,29.63
101012,CREDIT_CARD,12,1,19,1,9,8,9,2,1,15.53
101078,ONLINE_SUP,12,1,3,1,6,2,13,2,0,37.53
101033,BIZ_BANK,18,0,19,1,7,7,15,3,1,29.85
101056,WITHDRAW,5,0,9,1,4,7,10,2,1,2.4
101045,DEPOSIT,6,0,10,1,3,5,14,2,1,4.23
101033,DEPOSIT,6,1,1,1,6,6,15,3,1,6.84
101056,INSURANCE,20,0,15,1,6,7,11,2,1,26.44
101056,REMITTANCE,10,0,1,1,7,2,12,5,0,34.77
101078,CREDIT_CARD,12,1,11,1,5,5,16,5,1,14.29
101012,DEPOSIT,6,1,23,1,7,7,9,3,1,11.36
101078,WITHDRAW,5,1,4,1,2,4,13,3,0,2.06
101012,INSURANCE,20,1,6,1,5,7,11,4,1,11.52
101033,CUST_SVC,10,0,17,1,5,4,11,1,1,20.86
101056,WITHDRAW,5,1,28,1,7,5,15,3,1,14.1
101078,DEPOSIT,6,1,20,1,5,7,14,3,1,6.36
101012,BIZ_BANK,18,1,21,1,5,7,10,5,1,16.51
101012,FIXED_DEP,15,1,26,1,6,4,14,2,1,27.48
101045,CREDIT_CARD,12,1,25,1,7,4,15,1,1,18.67
101078,ATM_CDM,8,0,3,0,5,4,10,5,1,7.94
101033,FIXED_DEP,15,1,3,1,6,2,13,5,0,48.8
101078,WITHDRAW,5,1,19,1,6,5,14,2,1,7.19
101033,CUST_SVC,10,1,32,1,11,8,9,4,1,14.78
101056,INVEST,22,1,3,1,4,4,9,3,1,34.83
101012,REMITTANCE,10,1,1,1,4,3,16,4,1,11.75
101078,ACC_OPEN,25,1,25,1,9,6,15,1,1,40.43
101012,CUST_SVC,10,1,9,1,3,5,11,4,1,7.62
101033,LOAN,30,1,10,1,6,8,9,5,1,33.45
101033,ATM_CDM,8,0,27,0,7,5,9,2,1,8.58
101045,REMITTANCE,10,0,16,1,8,4,11,2,1,16.9
101045,DEPOSIT,6,1,14,1,4,5,10,5,1,3.6
101056,CREDIT_CARD,12,1,21,1,5,7,11,3,1,12.46
101012,DEPOSIT,6,1,1,1,8,5,11,1,1,15.23
101056,CUST_SVC,10,0,16,1,4,4,9,3,1,12.76
101033,CREDIT_CARD,12,0,16,1,8,7,10,5,1,14.21
101056,DEPOSIT,6,1,5,1,5,3,16,2,1,6.71
101033,ACC_OPEN,25,0,18,1,4,5,11,1,1,28.29
101045,DEPOSIT,6,1,22,1,7,5,15,3,1,9.34
101056,LOAN,30,1,22,1,6,4,11,1,1,60.14
101033,ATM_CDM,8,1,4,1,6,5,9,3,1,10.9
101033,CUST_SVC,10,1,17,1,5,4,12,2,0,10.0
101045,CUST_SVC,10,0,12,1,3,7,14,3,1,3.19
101078,ACC_OPEN,25,1,17,1,10,7,9,1,1,62.31
101056,FIXED_DEP,15,0,9,0,7,6,14,3,1,18.08
101045,DEPOSIT,6,0,3,1,9,5,9,1,1,10.88
101033,ATM_CDM,8,1,25,1,6,7,15,2,1,9.0
101045,DEPOSIT,6,0,13,1,4,4,12,5,0,8.52
101012,INSURANCE,20,1,32,1,8,5,16,3,1,59.25
101056,DEPOSIT,6,1,5,1,7,3,16,1,1,13.52
101045,INVEST,22,1,15,1,4,4,12,3,0,18.45
101045,CUST_SVC,10,1,11,1,2,4,12,5,0,7.2
101045,DEPOSIT,6,0,1,1,3,4,12,1,0,4.87
101045,CREDIT_CARD,12,1,14,1,4,4,15,3,1,9.71
101056,INSURANCE,20,1,14,1,5,8,15,5,1,14.4
101012,REMITTANCE,10,1,7,1,5,4,14,5,1,12.07
101056,ACC_OPEN,25,1,20,1,5,6,15,5,1,26.57
101056,CUST_SVC,10,0,5,0,0,4,15,2,1,1.87
101056,CUST_SVC,10,1,11,1,9,5,14,5,1,14.78
101033,CUST_SVC,10,1,8,1,1,5,16,3,1,0.52
101078,BIZ_BANK,18,1,3,1,3,5,14,3,1,15.02
101012,ACC_OPEN,25,1,9,1,7,5,16,2,1,20.83
101012,CUST_SVC,10,0,33,1,9,7,9,4,1,16.0
101012,ACC_OPEN,25,1,6,1,7,3,12,5,0,90.0
101078,CUST_SVC,10,0,13,1,2,4,16,4,1,4.27
101033,ATM_CDM,8,1,18,1,7,6,16,2,1,11.71
